CustomerID,CustomerName,Gender,Age,SignupDate,Email,City,State,Country,Region,AcquisitionChannel
1,Aria Adams,Female,39,2025-06-14,aria.adams.1@outlook.com,Miami,Florida,United States,North America,Direct
11,Ezra Clark,Male,41,2025-05-12,ezra.clark.11@gmail.com,Philadelphia,Pennsylvania,United States,North America,Paid Search
98,James Fischer,Male,26,2024-03-27,james.fischer.98@outlook.com,Vancouver,British Columbia,Canada,North America,Social Media
109,Jesse Castillo,Male,22,2021-03-18,jesse.castillo.109@gmail.com,Dallas,Texas,United States,North America,Direct
155,Jeffrey Hill,Male,41,2025-04-29,jeffrey.hill.155@yahoo.com,Bengaluru,Karnataka,India,Asia-Pacific,Direct
165,Karen Mitchell,Female,38,2023-05-16,karen.mitchell.165@gmail.com,Chicago,Illinois,United States,North America,Paid Search
203,Teresa Wood,Female,35,2024-02-14,teresa.wood.203@outlook.com,Atlanta,Georgia,United States,North America,Referral
222,Amy Wood,Female,27,2021-10-14,amy.wood.222@outlook.com,London,Greater London,United Kingdom,Europe,Email
231,Aditya Robinson,Male,30,2022-08-27,aditya.robinson.231@gmail.com,Houston,Texas,United States,North America,Social Media
272,Noah Schneider,Male,36,2024-08-27,noah.schneider.272@gmail.com,London,Greater London,United Kingdom,Europe,Organic Search
314,Theo Turner,Male,41,2024-04-29,theo.turner.314@gmail.com,Berlin,Berlin,Germany,Europe,Organic Search
315,Henry Collins,Male,45,2024-07-16,henry.collins.315@gmail.com,Seattle,Washington,United States,North America,Paid Search
351,Carol Price,Female,23,2023-09-27,carol.price.351@gmail.com,Munich,Bavaria,Germany,Europe,Organic Search
352,Johnny Cox,Male,33,2023-11-10,johnny.cox.352@gmail.com,Mumbai,Maharashtra,India,Asia-Pacific,Affiliate
404,Noah Brown,Male,18,2021-07-17,noah.brown.404@yahoo.com,Chicago,Illinois,United States,North America,Paid Search
454,Dylan Watson,Male,30,2023-11-05,dylan.watson.454@gmail.com,Mumbai,Maharashtra,India,Asia-Pacific,Organic Search
455,Johnny Wright,Male,29,2024-04-02,johnny.wright.455@gmail.com,Seattle,Washington,United States,North America,Organic Search
476,Christian Roberts,Male,37,2024-09-19,christian.roberts.476@gmail.com,Birmingham,West Midlands,United Kingdom,Europe,Referral
486,Jordan James,Male,32,2025-08-28,jordan.james.486@yahoo.com,Atlanta,Georgia,United States,North America,Paid Search
507,Aditya Young,Male,39,2023-04-30,aditya.young.507@yahoo.com,Houston,Texas,United States,North America,Organic Search
530,Lucas Becker,Male,53,2022-10-11,lucas.becker.530@yahoo.com,Los Angeles,California,United States,North America,Direct
681,Douglas Bailey,Male,28,2023-01-16,douglas.bailey.681@corporate.org,Los Angeles,California,United States,North America,Email
718,Bryan Morris,Male,45,2024-06-20,bryan.morris.718@outlook.com,Munich,Bavaria,Germany,Europe,Paid Search
734,Jeffrey Hernandez,Male,57,2025-08-07,jeffrey.hernandez.734@gmail.com,Chicago,Illinois,United States,North America,Affiliate
752,Bradley Sharma,Male,18,2023-07-31,bradley.sharma.752@gmail.com,London,Greater London,United Kingdom,Europe,Organic Search
811,Noah Morales,Male,24,2024-08-12,noah.morales.811@icloud.com,New York,New York,United States,North America,Paid Search
834,Sara Phillips,Female,40,2022-11-12,sara.phillips.834@gmail.com,São Paulo,São Paulo,Brazil,Latin America,Organic Search
853,Diane Gonzalez,Female,40,2025-05-31,diane.gonzalez.853@protonmail.com,Vancouver,British Columbia,Canada,North America,Paid Search
862,Cynthia Gupta,Female,28,2025-06-07,cynthia.gupta.862@gmail.com,Vancouver,British Columbia,Canada,North America,Organic Search
872,Raymond Campbell,Male,35,2025-06-28,raymond.campbell.872@outlook.com,New York,New York,United States,North America,Organic Search
899,Jeffrey Nelson,Male,54,2023-08-05,jeffrey.nelson.899@gmail.com,Bengaluru,Karnataka,India,Asia-Pacific,Organic Search
921,Bruce Hill,Male,40,2024-12-20,bruce.hill.921@protonmail.com,London,Greater London,United Kingdom,Europe,Social Media
927,Raymond Sanchez,Male,56,2023-04-10,raymond.sanchez.927@gmail.com,Houston,Texas,United States,North America,Referral
942,Elizabeth Phillips,Female,24,2021-11-11,elizabeth.phillips.942@gmail.com,Toronto,Ontario,Canada,North America,Paid Search
943,Tyler Rao,Male,36,2022-05-29,tyler.rao.943@gmail.com,Manchester,Greater Manchester,United Kingdom,Europe,Social Media
948,Brenda Thompson,Female,25,2023-03-17,brenda.thompson.948@icloud.com,Toronto,Ontario,Canada,North America,Email
952,Lucas Walker,Male,45,2025-09-30,lucas.walker.952@outlook.com,Mumbai,Maharashtra,India,Asia-Pacific,Social Media
999,Lauren Mendoza,Non-Binary,42,2023-03-06,lauren.mendoza.999@gmail.com,Phoenix,Arizona,United States,North America,Referral
1018,Gloria Diaz,Female,37,2023-11-01,gloria.diaz.1018@protonmail.com,London,Greater London,United Kingdom,Europe,Referral
1031,Linda Martin,Female,42,2023-10-29,linda.martin.1031@gmail.com,London,Greater London,United Kingdom,Europe,Direct
1049,Abigail Fischer,Female,60,2022-10-12,abigail.fischer.1049@icloud.com,Houston,Texas,United States,North America,Social Media
1102,Billy Phillips,Male,60,2025-01-13,billy.phillips.1102@protonmail.com,Chicago,Illinois,United States,North America,Organic Search
1123,Janet Morris,Female,36,2024-06-12,janet.morris.1123@outlook.com,São Paulo,São Paulo,Brazil,Latin America,Organic Search
1131,Cynthia Baker,Non-Binary,46,2023-07-12,cynthia.baker.1131@gmail.com,Chicago,Illinois,United States,North America,Organic Search
1181,Kimberly Cox,Female,51,2023-12-14,kimberly.cox.1181@outlook.com,São Paulo,São Paulo,Brazil,Latin America,Social Media
1191,Timothy Ramirez,Male,46,2024-11-14,timothy.ramirez.1191@gmail.com,Vancouver,British Columbia,Canada,North America,Social Media
1205,Mateo Alvarez,Male,39,2023-12-31,mateo.alvarez.1205@gmail.com,New York,New York,United States,North America,Email
1225,Benjamin Nelson,Male,41,2025-03-11,benjamin.nelson.1225@outlook.com,Delhi,Delhi,India,Asia-Pacific,Social Media
1230,Jeffrey Alvarez,Male,29,2023-10-19,jeffrey.alvarez.1230@gmail.com,Lyon,Auvergne-Rhône-Alpes,France,Europe,Organic Search
1319,Kelly Anderson,Female,37,2024-10-27,kelly.anderson.1319@yahoo.com,Dallas,Texas,United States,North America,Affiliate
1339,Kathleen Taylor,Female,18,2025-06-18,kathleen.taylor.1339@icloud.com,Dallas,Texas,United States,North America,Organic Search
1353,Bruce Singh,Male,31,2024-01-15,bruce.singh.1353@gmail.com,Miami,Florida,United States,North America,Affiliate
1394,Dennis Howard,Male,24,2023-07-15,dennis.howard.1394@gmail.com,Los Angeles,California,United States,North America,Social Media
1397,Addison Morgan,Female,32,2023-11-02,addison.morgan.1397@gmail.com,Dallas,Texas,United States,North America,Social Media
1410,Cynthia Moreau,Female,43,2024-04-12,cynthia.moreau.1410@gmail.com,Lyon,Auvergne-Rhône-Alpes,France,Europe,Organic Search
1444,Gerald Baker,Male,38,2022-02-19,gerald.baker.1444@corporate.org,Phoenix,Arizona,United States,North America,Affiliate
1493,Penelope Ortiz,Female,42,2025-06-18,penelope.ortiz.1493@outlook.com,New York,New York,United States,North America,Organic Search
1530,Leo Wright,Male,31,2025-10-18,leo.wright.1530@yahoo.com,Philadelphia,Pennsylvania,United States,North America,Email
1533,Helen Wright,Female,41,2024-05-31,helen.wright.1533@gmail.com,Mumbai,Maharashtra,India,Asia-Pacific,Paid Search
1543,Robert Morgan,Male,18,2021-10-23,robert.morgan.1543@gmail.com,Toronto,Ontario,Canada,North America,Paid Search
1544,Hudson Gupta,Male,29,2023-01-17,hudson.gupta.1544@gmail.com,Mumbai,Maharashtra,India,Asia-Pacific,Direct
1560,Avani Clark,Female,34,2023-06-06,avani.clark.1560@gmail.com,Vancouver,British Columbia,Canada,North America,Social Media
1561,Carolyn Ortiz,Non-Binary,40,2025-09-11,carolyn.ortiz.1561@icloud.com,New York,New York,United States,North America,Organic Search
1627,Kenneth Mitchell,Male,56,2024-09-24,kenneth.mitchell.1627@gmail.com,Chicago,Illinois,United States,North America,Email
1632,Riley Cooper,Female,33,2024-12-17,riley.cooper.1632@gmail.com,London,Greater London,United Kingdom,Europe,Paid Search
1635,Grace Brown,Non-Binary,44,2024-01-16,grace.brown.1635@gmail.com,Philadelphia,Pennsylvania,United States,North America,Email
1645,Andrew Campbell,Male,68,2021-04-22,andrew.campbell.1645@yahoo.com,São Paulo,São Paulo,Brazil,Latin America,Social Media
1662,Melissa Edwards,Female,29,2022-03-27,melissa.edwards.1662@yahoo.com,Los Angeles,California,United States,North America,Organic Search
1663,Linda Harris,Female,37,2022-10-15,linda.harris.1663@gmail.com,Paris,Île-de-France,France,Europe,Referral
1682,Ananya Taylor,Female,40,2025-06-22,ananya.taylor.1682@gmail.com,Chicago,Illinois,United States,North America,Referral
1700,Addison Bailey,Female,20,2024-12-31,addison.bailey.1700@yahoo.com,Philadelphia,Pennsylvania,United States,North America,Direct
1809,Theo Ramirez,Male,44,2022-08-12,theo.ramirez.1809@outlook.com,Bengaluru,Karnataka,India,Asia-Pacific,Paid Search
1814,Vincent Mitchell,Male,25,2023-08-02,vincent.mitchell.1814@gmail.com,Delhi,Delhi,India,Asia-Pacific,Direct
1823,Megan Rivera,Female,44,2025-06-02,megan.rivera.1823@gmail.com,Vancouver,British Columbia,Canada,North America,Organic Search
1828,Julie Baker,Female,23,2025-02-18,julie.baker.1828@icloud.com,Vancouver,British Columbia,Canada,North America,Organic Search
1838,Ryan Richardson,Male,52,2022-04-13,ryan.richardson.1838@gmail.com,Chicago,Illinois,United States,North America,Referral
1857,Vivaan Murphy,Male,23,2022-06-21,vivaan.murphy.1857@outlook.com,Chicago,Illinois,United States,North America,Organic Search
1896,Patrick Cruz,Male,27,2023-03-06,patrick.cruz.1896@gmail.com,Paris,Île-de-France,France,Europe,Direct
1919,Sara Wagner,Female,54,2022-06-23,sara.wagner.1919@yahoo.com,Mumbai,Maharashtra,India,Asia-Pacific,Social Media
1931,Martha Campbell,Female,46,2022-10-01,martha.campbell.1931@gmail.com,Vancouver,British Columbia,Canada,North America,Affiliate
1965,Maria Sharma,Female,43,2024-10-12,maria.sharma.1965@gmail.com,Bengaluru,Karnataka,India,Asia-Pacific,Organic Search
1966,Willie Miller,Male,41,2023-11-18,willie.miller.1966@outlook.com,Paris,Île-de-France,France,Europe,Paid Search
1981,Navya Smith,Female,50,2023-03-14,navya.smith.1981@icloud.com,London,Greater London,United Kingdom,Europe,Organic Search
1995,Louis Reed,Male,38,2023-02-13,louis.reed.1995@yahoo.com,Houston,Texas,United States,North America,Email
2032,Aria Collins,Female,27,2025-07-06,aria.collins.2032@icloud.com,Chicago,Illinois,United States,North America,Email
2073,Edward Walker,Male,42,2023-03-27,edward.walker.2073@yahoo.com,New York,New York,United States,North America,Direct
2114,Carolyn Brooks,Female,46,2025-03-25,carolyn.brooks.2114@icloud.com,Miami,Florida,United States,North America,Email
2159,Russell Cox,Male,37,2024-01-17,russell.cox.2159@yahoo.com,Philadelphia,Pennsylvania,United States,North America,Organic Search
2164,Leo Gonzalez,Male,38,2025-01-05,leo.gonzalez.2164@yahoo.com,Houston,Texas,United States,North America,Paid Search
2193,Ellie Thomas,Female,45,2022-12-13,ellie.thomas.2193@gmail.com,Phoenix,Arizona,United States,North America,Organic Search
2221,Andrew Torres,Male,21,2023-03-16,andrew.torres.2221@outlook.com,Toronto,Ontario,Canada,North America,Social Media
2226,Krishna Price,Male,25,2025-02-19,krishna.price.2226@gmail.com,Sydney,New South Wales,Australia,Asia-Pacific,Social Media
2231,Arthur Davies,Male,42,2022-09-25,arthur.davies.2231@corporate.org,Chicago,Illinois,United States,North America,Email
2233,Donald Cruz,Male,49,2023-04-23,donald.cruz.2233@gmail.com,London,Greater London,United Kingdom,Europe,Social Media
2251,Jennifer Kumar,Female,31,2025-02-13,jennifer.kumar.2251@yahoo.com,Frankfurt,Hesse,Germany,Europe,Social Media
2277,Dorothy Ramos,Female,28,2024-08-11,dorothy.ramos.2277@gmail.com,Manchester,Greater Manchester,United Kingdom,Europe,Social Media
2289,Keith Diaz,Male,46,2024-08-30,keith.diaz.2289@gmail.com,Houston,Texas,United States,North America,Paid Search
2313,Jonathan Johnson,Male,36,2024-09-17,jonathan.johnson.2313@gmail.com,Melbourne,Victoria,Australia,Asia-Pacific,Direct
2336,Stephanie Ramos,Female,52,2023-05-21,stephanie.ramos.2336@gmail.com,New York,New York,United States,North America,Paid Search
2351,Douglas Ortiz,Male,43,2022-03-09,douglas.ortiz.2351@gmail.com,Delhi,Delhi,India,Asia-Pacific,Organic Search
2386,Saanvi Young,Female,46,2025-01-14,saanvi.young.2386@gmail.com,Dallas,Texas,United States,North America,Social Media
2403,Carolyn Collins,Female,34,2022-11-09,carolyn.collins.2403@gmail.com,Los Angeles,California,United States,North America,Email
2428,Cheryl James,Female,27,2024-07-14,cheryl.james.2428@yahoo.com,Manchester,Greater Manchester,United Kingdom,Europe,Organic Search
2445,Avani Dubois,Female,44,2024-12-10,avani.dubois.2445@icloud.com,Toronto,Ontario,Canada,North America,Organic Search
2469,Jennifer Roberts,Female,28,2024-04-07,jennifer.roberts.2469@gmail.com,Paris,Île-de-France,France,Europe,Affiliate
2502,Patricia Ortiz,Female,38,2025-02-03,patricia.ortiz.2502@gmail.com,Toronto,Ontario,Canada,North America,Organic Search
2505,Ezra Brown,Male,34,2024-05-31,ezra.brown.2505@gmail.com,Toronto,Ontario,Canada,North America,Social Media
2569,Janet King,Female,45,2023-09-29,janet.king.2569@yahoo.com,Dallas,Texas,United States,North America,Organic Search
2572,Addison Lewis,Female,39,2025-03-05,addison.lewis.2572@gmail.com,Philadelphia,Pennsylvania,United States,North America,Paid Search
2609,Jessica Meyer,Female,23,2022-04-30,jessica.meyer.2609@icloud.com,Frankfurt,Hesse,Germany,Europe,Social Media
2725,Tyler Howard,Male,44,2024-01-17,tyler.howard.2725@gmail.com,Atlanta,Georgia,United States,North America,Email
2731,Terry Thomas,Male,19,2024-11-11,terry.thomas.2731@outlook.com,Toronto,Ontario,Canada,North America,Organic Search
2751,James Perez,Male,30,2024-06-19,james.perez.2751@icloud.com,New York,New York,United States,North America,Social Media
2768,Dorothy Harris,Female,44,2023-09-18,dorothy.harris.2768@yahoo.com,Delhi,Delhi,India,Asia-Pacific,Paid Search
2775,Amanda Morales,Female,47,2025-07-07,amanda.morales.2775@gmail.com,Mexico City,CDMX,Mexico,Latin America,Email
2778,Chloe Meyer,Female,33,2023-10-07,chloe.meyer.2778@gmail.com,New York,New York,United States,North America,Social Media
2841,Alice Scott,Female,27,2024-11-05,alice.scott.2841@yahoo.com,Paris,Île-de-France,France,Europe,Affiliate
2847,Joshua Lopez,Male,40,2025-06-23,joshua.lopez.2847@gmail.com,São Paulo,São Paulo,Brazil,Latin America,Direct
2882,Peter Schneider,Male,54,2025-10-11,peter.schneider.2882@gmail.com,Frankfurt,Hesse,Germany,Europe,Social Media
2914,Brenda Patel,Female,18,2023-06-23,brenda.patel.2914@outlook.com,Vancouver,British Columbia,Canada,North America,Social Media
2955,Natalie Hall,Female,31,2023-08-26,natalie.hall.2955@gmail.com,Phoenix,Arizona,United States,North America,Organic Search
3018,Jason Dubois,Male,18,2022-09-03,jason.dubois.3018@protonmail.com,Melbourne,Victoria,Australia,Asia-Pacific,Paid Search
3025,Timothy Campbell,Male,23,2025-08-12,timothy.campbell.3025@yahoo.com,Bengaluru,Karnataka,India,Asia-Pacific,Paid Search
3042,Julie King,Female,49,2022-02-16,julie.king.3042@protonmail.com,Philadelphia,Pennsylvania,United States,North America,Referral
3051,Nicole Singh,Female,40,2024-03-07,nicole.singh.3051@outlook.com,Delhi,Delhi,India,Asia-Pacific,Email
3059,Leo Wilson,Male,23,2021-06-08,leo.wilson.3059@gmail.com,Dallas,Texas,United States,North America,Organic Search
3068,Mark Martin,Male,36,2024-01-02,mark.martin.3068@corporate.org,Chicago,Illinois,United States,North America,Social Media
3090,Joan Smith,Female,52,2025-01-06,joan.smith.3090@gmail.com,Phoenix,Arizona,United States,North America,Paid Search
3111,Ralph Ward,Male,40,2022-12-10,ralph.ward.3111@gmail.com,Houston,Texas,United States,North America,Email
3122,Lawrence Richardson,Male,24,2022-10-27,lawrence.richardson.3122@icloud.com,Frankfurt,Hesse,Germany,Europe,Social Media
3126,Charles Gonzalez,Male,52,2025-06-02,charles.gonzalez.3126@icloud.com,Melbourne,Victoria,Australia,Asia-Pacific,Paid Search
3211,Albert Gomez,Male,36,2024-10-04,albert.gomez.3211@gmail.com,Lyon,Auvergne-Rhône-Alpes,France,Europe,Paid Search
3218,Nicholas Mitchell,Male,25,2025-10-22,nicholas.mitchell.3218@gmail.com,Los Angeles,California,United States,North America,Social Media
3252,Myra Wood,Female,56,2021-09-20,myra.wood.3252@outlook.com,London,Greater London,United Kingdom,Europe,Paid Search
3287,Lauren Weber,Female,51,2023-12-21,lauren.weber.3287@icloud.com,Los Angeles,California,United States,North America,Referral
3302,Peter Morris,Male,43,2025-10-06,peter.morris.3302@gmail.com,Delhi,Delhi,India,Asia-Pacific,Direct
3333,David Wagner,Male,21,2023-02-23,david.wagner.3333@gmail.com,Dallas,Texas,United States,North America,Organic Search
3339,Adam Wagner,Male,26,2023-07-12,adam.wagner.3339@gmail.com,Berlin,Berlin,Germany,Europe,Paid Search
3358,Jennifer Cook,Female,48,2023-05-13,jennifer.cook.3358@yahoo.com,Phoenix,Arizona,United States,North America,Organic Search
3365,Alan Meyer,Male,47,2022-04-08,alan.meyer.3365@outlook.com,Frankfurt,Hesse,Germany,Europe,Social Media
3369,Roy Diaz,Male,54,2024-08-23,roy.diaz.3369@gmail.com,São Paulo,São Paulo,Brazil,Latin America,Email
3370,Matthew Kumar,Male,18,2024-08-09,matthew.kumar.3370@gmail.com,Toronto,Ontario,Canada,North America,Social Media
3385,Keith Watson,Male,33,2025-05-16,keith.watson.3385@protonmail.com,New York,New York,United States,North America,Organic Search
3389,Brian Anderson,Male,44,2024-01-27,brian.anderson.3389@gmail.com,Chicago,Illinois,United States,North America,Social Media
3403,Nancy Castillo,Female,20,2024-08-02,nancy.castillo.3403@gmail.com,Houston,Texas,United States,North America,Social Media
3414,Bryan Sharma,Male,27,2023-06-01,bryan.sharma.3414@gmail.com,Atlanta,Georgia,United States,North America,Social Media
3458,Myra Hall,Female,18,2025-05-01,myra.hall.3458@yahoo.com,São Paulo,São Paulo,Brazil,Latin America,Social Media
3468,Bruce Lewis,Male,42,2023-09-28,bruce.lewis.3468@gmail.com,Chicago,Illinois,United States,North America,Paid Search
3489,Christian Baker,Male,64,2023-07-03,christian.baker.3489@gmail.com,Delhi,Delhi,India,Asia-Pacific,Email
3507,Anna Sanchez,Female,31,2021-02-14,anna.sanchez.3507@gmail.com,Melbourne,Victoria,Australia,Asia-Pacific,Paid Search
3519,Emily Meyer,Female,26,2023-01-08,emily.meyer.3519@gmail.com,Chicago,Illinois,United States,North America,Organic Search
3553,Benjamin Rodriguez,Male,33,2024-09-17,benjamin.rodriguez.3553@corporate.org,Phoenix,Arizona,United States,North America,Paid Search
3561,Judith Bennett,Female,37,2025-04-12,judith.bennett.3561@protonmail.com,Manchester,Greater Manchester,United Kingdom,Europe,Paid Search
3570,George Rivera,Male,37,2024-05-15,george.rivera.3570@corporate.org,Paris,Île-de-France,France,Europe,Paid Search
3594,Johnny Adams,Male,47,2023-02-08,johnny.adams.3594@gmail.com,Los Angeles,California,United States,North America,Organic Search
3625,Andrea Moreau,Female,35,2024-02-16,andrea.moreau.3625@icloud.com,Paris,Île-de-France,France,Europe,Social Media
3627,Jennifer Johnson,Female,32,2024-10-15,jennifer.johnson.3627@gmail.com,Houston,Texas,United States,North America,Paid Search
3657,Philip Morales,Male,50,2024-06-19,philip.morales.3657@gmail.com,Munich,Bavaria,Germany,Europe,Organic Search
3688,Saanvi Mitchell,Female,26,2024-05-07,saanvi.mitchell.3688@yahoo.com,Miami,Florida,United States,North America,Social Media
3769,Riya Watson,Female,27,2024-09-06,riya.watson.3769@gmail.com,London,Greater London,United Kingdom,Europe,Email
3770,Sophia Rogers,Female,53,2024-08-12,sophia.rogers.3770@gmail.com,Phoenix,Arizona,United States,North America,Organic Search
3780,Sandra Hall,Female,32,2024-12-13,sandra.hall.3780@outlook.com,Berlin,Berlin,Germany,Europe,Paid Search
3827,Jeffrey Campbell,Male,57,2023-03-19,jeffrey.campbell.3827@yahoo.com,Sydney,New South Wales,Australia,Asia-Pacific,Paid Search
3848,Cynthia Davies,Female,31,2025-08-12,cynthia.davies.3848@gmail.com,Philadelphia,Pennsylvania,United States,North America,Referral
3851,Jeffrey Bailey,Male,28,2025-08-24,jeffrey.bailey.3851@gmail.com,New York,New York,United States,North America,Email
3938,Grace Williams,Female,41,2024-09-25,grace.williams.3938@yahoo.com,Manchester,Greater Manchester,United Kingdom,Europe,Social Media
3942,Jack Harris,Male,34,2024-12-21,jack.harris.3942@outlook.com,Philadelphia,Pennsylvania,United States,North America,Paid Search
3945,Juan Fischer,Male,33,2025-08-25,juan.fischer.3945@gmail.com,Phoenix,Arizona,United States,North America,Organic Search
3952,Riya Wilson,Female,32,2022-03-04,riya.wilson.3952@icloud.com,Frankfurt,Hesse,Germany,Europe,Paid Search
3970,Bobby Rogers,Male,30,2024-07-27,bobby.rogers.3970@gmail.com,Los Angeles,California,United States,North America,Email
3973,Aubrey Castillo,Female,45,2025-09-29,aubrey.castillo.3973@icloud.com,Toronto,Ontario,Canada,North America,Social Media
4023,Luca Baker,Male,39,2025-02-08,luca.baker.4023@icloud.com,New York,New York,United States,North America,Social Media
4027,Navya Walker,Female,26,2022-03-15,navya.walker.4027@gmail.com,Paris,Île-de-France,France,Europe,Referral
4038,Jean Morgan,Female,36,2025-05-08,jean.morgan.4038@yahoo.com,London,Greater London,United Kingdom,Europe,Social Media
4043,Brian Allen,Male,50,2022-10-01,brian.allen.4043@yahoo.com,Phoenix,Arizona,United States,North America,Referral
4061,Nancy Ortiz,Female,51,2025-09-22,nancy.ortiz.4061@gmail.com,Munich,Bavaria,Germany,Europe,Social Media
4074,Christian James,Male,44,2024-09-29,christian.james.4074@protonmail.com,Philadelphia,Pennsylvania,United States,North America,Paid Search
4083,Stephanie Ramirez,Female,44,2024-06-07,stephanie.ramirez.4083@gmail.com,New York,New York,United States,North America,Paid Search
4131,Patricia Gonzalez,Female,21,2023-03-28,patricia.gonzalez.4131@gmail.com,New York,New York,United States,North America,Organic Search
4143,Oliver Davies,Male,33,2023-08-03,oliver.davies.4143@yahoo.com,Miami,Florida,United States,North America,Paid Search
4152,Linda Ramirez,Female,35,2024-10-13,linda.ramirez.4152@icloud.com,Mumbai,Maharashtra,India,Asia-Pacific,Social Media
4166,Joe Collins,Male,40,2024-11-07,joe.collins.4166@outlook.com,Delhi,Delhi,India,Asia-Pacific,Paid Search
4199,Jeremy Moore,Male,18,2022-02-11,jeremy.moore.4199@gmail.com,Miami,Florida,United States,North America,Paid Search
4240,Grace Martinez,Female,38,2024-03-18,grace.martinez.4240@gmail.com,Sydney,New South Wales,Australia,Asia-Pacific,Social Media
4251,Mateo Nguyen,Male,57,2025-04-16,mateo.nguyen.4251@gmail.com,Bengaluru,Karnataka,India,Asia-Pacific,Email
4278,Ashley Richardson,Female,43,2025-01-13,ashley.richardson.4278@icloud.com,Los Angeles,California,United States,North America,Paid Search
4309,Madison Peterson,Female,54,2023-01-16,madison.peterson.4309@gmail.com,London,Greater London,United Kingdom,Europe,Affiliate
4347,Barbara Hill,Female,31,2023-02-27,barbara.hill.4347@yahoo.com,New York,New York,United States,North America,Paid Search
4352,Asher Thompson,Male,27,2024-11-11,asher.thompson.4352@outlook.com,Atlanta,Georgia,United States,North America,Organic Search
4358,Oliver Gonzalez,Male,42,2023-10-16,oliver.gonzalez.4358@yahoo.com,New York,New York,United States,North America,Paid Search
4365,Betty Peterson,Female,24,2025-04-09,betty.peterson.4365@yahoo.com,Phoenix,Arizona,United States,North America,Referral
4369,Jesse Cox,Male,40,2022-11-05,jesse.cox.4369@gmail.com,New York,New York,United States,North America,Organic Search
4378,Nathan Robinson,Male,29,2024-10-23,nathan.robinson.4378@icloud.com,São Paulo,São Paulo,Brazil,Latin America,Referral
4393,Lisa Peterson,Female,22,2023-12-04,lisa.peterson.4393@outlook.com,New York,New York,United States,North America,Direct
4400,Judith Stewart,Female,46,2023-10-13,judith.stewart.4400@gmail.com,Phoenix,Arizona,United States,North America,Social Media
4421,Vincent Anderson,Male,52,2022-03-30,vincent.anderson.4421@outlook.com,Houston,Texas,United States,North America,Social Media
4431,Gerald Morris,Male,40,2023-04-20,gerald.morris.4431@yahoo.com,Atlanta,Georgia,United States,North America,Paid Search
4522,Matthew Evans,Male,27,2022-01-19,matthew.evans.4522@yahoo.com,Berlin,Berlin,Germany,Europe,Social Media
4604,Sophia Gupta,Female,38,2024-04-30,sophia.gupta.4604@icloud.com,Los Angeles,California,United States,North America,Paid Search
4618,Ann Thomas,Female,44,2025-03-10,ann.thomas.4618@gmail.com,Bengaluru,Karnataka,India,Asia-Pacific,Paid Search
4627,Jean Taylor,Female,46,2025-08-24,jean.taylor.4627@gmail.com,Toronto,Ontario,Canada,North America,Referral
4641,Austin Hughes,Male,35,2022-10-18,austin.hughes.4641@icloud.com,Munich,Bavaria,Germany,Europe,Direct
4648,Noah Moore,Male,30,2025-07-04,noah.moore.4648@gmail.com,Los Angeles,California,United States,North America,Paid Search
4655,Benjamin Kelly,Male,55,2024-04-25,benjamin.kelly.4655@gmail.com,London,Greater London,United Kingdom,Europe,Organic Search
4735,Debra Verma,Female,28,2025-01-02,debra.verma.4735@gmail.com,Paris,Île-de-France,France,Europe,Affiliate
4746,Jerry Brown,Male,22,2022-03-20,jerry.brown.4746@icloud.com,Miami,Florida,United States,North America,Social Media
4760,Addison Ramos,Female,43,2023-12-31,addison.ramos.4760@yahoo.com,Manchester,Greater Manchester,United Kingdom,Europe,Organic Search
4767,Grace Ortiz,Female,21,2025-07-26,grace.ortiz.4767@gmail.com,Vancouver,British Columbia,Canada,North America,Organic Search
4768,Emma Martin,Female,44,2023-12-26,emma.martin.4768@gmail.com,Atlanta,Georgia,United States,North America,Email
4801,Jacob Mitchell,Male,37,2023-04-21,jacob.mitchell.4801@gmail.com,Manchester,Greater Manchester,United Kingdom,Europe,Direct
4825,Brian Brooks,Male,25,2023-02-13,brian.brooks.4825@corporate.org,London,Greater London,United Kingdom,Europe,Referral
4829,Leah Torres,Female,28,2025-07-25,leah.torres.4829@outlook.com,Toronto,Ontario,Canada,North America,Affiliate
4848,Angela Morgan,Female,36,2024-01-25,angela.morgan.4848@outlook.com,Houston,Texas,United States,North America,Paid Search
4862,Christine Moreau,Female,29,2025-05-05,christine.moreau.4862@outlook.com,Mexico City,CDMX,Mexico,Latin America,Organic Search
4909,Lillian Taylor,Female,65,2023-04-08,lillian.taylor.4909@corporate.org,Houston,Texas,United States,North America,Social Media
4932,Kathryn Rodriguez,Female,36,2025-08-24,kathryn.rodriguez.4932@gmail.com,Houston,Texas,United States,North America,Social Media
4955,Aaron White,Male,56,2024-09-30,aaron.white.4955@gmail.com,London,Greater London,United Kingdom,Europe,Social Media
5001,David Campbell,Male,58,2025-10-29,david.campbell.5001@icloud.com,Melbourne,Victoria,Australia,Asia-Pacific,Organic Search
5030,Carl Cox,Male,49,2022-05-17,carl.cox.5030@outlook.com,Toronto,Ontario,Canada,North America,Email
5068,Terry Parker,Male,41,2025-04-11,terry.parker.5068@outlook.com,Berlin,Berlin,Germany,Europe,Paid Search
5078,Lawrence Parker,Male,18,2023-11-19,lawrence.parker.5078@outlook.com,Los Angeles,California,United States,North America,Paid Search
5109,Lillian Howard,Female,30,2024-10-14,lillian.howard.5109@outlook.com,Lyon,Auvergne-Rhône-Alpes,France,Europe,Email
5115,Jonathan Lewis,Male,32,2025-07-27,jonathan.lewis.5115@gmail.com,Berlin,Berlin,Germany,Europe,Affiliate
5119,Jacob Gutierrez,Male,18,2025-10-18,jacob.gutierrez.5119@gmail.com,Berlin,Berlin,Germany,Europe,Paid Search
5138,Kabir Morris,Male,23,2024-11-19,kabir.morris.5138@gmail.com,Delhi,Delhi,India,Asia-Pacific,Referral
5159,Raymond Flores,Male,36,2023-10-11,raymond.flores.5159@icloud.com,Dallas,Texas,United States,North America,Direct
5176,Logan Scott,Male,33,2025-01-06,logan.scott.5176@gmail.com,London,Greater London,United Kingdom,Europe,Organic Search
5194,Gloria Torres,Female,35,2024-07-31,gloria.torres.5194@gmail.com,Berlin,Berlin,Germany,Europe,Paid Search
5224,Raymond White,Male,50,2025-08-28,raymond.white.5224@gmail.com,Bengaluru,Karnataka,India,Asia-Pacific,Direct
5227,Krishna Young,Male,36,2021-03-13,krishna.young.5227@outlook.com,Mexico City,CDMX,Mexico,Latin America,Email
5263,Gerald Moreau,Male,47,2023-03-05,gerald.moreau.5263@yahoo.com,São Paulo,São Paulo,Brazil,Latin America,Paid Search
5289,Samuel Alvarez,Male,51,2025-09-19,samuel.alvarez.5289@gmail.com,Toronto,Ontario,Canada,North America,Social Media
5365,Angela Sanchez,Female,38,2024-01-08,angela.sanchez.5365@yahoo.com,New York,New York,United States,North America,Organic Search
5374,Addison Thomas,Female,32,2024-06-08,addison.thomas.5374@gmail.com,Frankfurt,Hesse,Germany,Europe,Social Media
5381,Christian Gupta,Male,64,2025-05-26,christian.gupta.5381@yahoo.com,Paris,Île-de-France,France,Europe,Social Media
5424,Andrew Sharma,Male,32,2022-08-27,andrew.sharma.5424@gmail.com,Los Angeles,California,United States,North America,Referral
5427,Aria Gomez,Female,38,2025-07-21,aria.gomez.5427@gmail.com,Philadelphia,Pennsylvania,United States,North America,Referral
5462,Ralph Lewis,Male,38,2022-02-01,ralph.lewis.5462@gmail.com,Vancouver,British Columbia,Canada,North America,Direct
5494,Paul Mendoza,Male,43,2023-11-01,paul.mendoza.5494@gmail.com,Paris,Île-de-France,France,Europe,Affiliate
5509,Julie Young,Female,33,2024-09-02,julie.young.5509@outlook.com,Philadelphia,Pennsylvania,United States,North America,Social Media
5513,Gregory Castillo,Male,29,2025-05-15,gregory.castillo.5513@yahoo.com,Los Angeles,California,United States,North America,Social Media
5523,Jerry Weber,Male,52,2024-07-23,jerry.weber.5523@gmail.com,Phoenix,Arizona,United States,North America,Social Media
5543,Julie Young,Female,29,2023-01-09,julie.young.5543@outlook.com,Paris,Île-de-France,France,Europe,Paid Search
5546,Jordan Morgan,Male,25,2022-10-27,jordan.morgan.5546@outlook.com,Chicago,Illinois,United States,North America,Organic Search
5550,Jeremy Cruz,Male,52,2025-02-10,jeremy.cruz.5550@yahoo.com,Mumbai,Maharashtra,India,Asia-Pacific,Social Media
5654,George Jackson,Male,20,2024-06-21,george.jackson.5654@gmail.com,Seattle,Washington,United States,North America,Direct
5722,Bobby Thompson,Male,37,2025-06-23,bobby.thompson.5722@outlook.com,Frankfurt,Hesse,Germany,Europe,Affiliate
5739,Janet Reed,Female,32,2021-03-13,janet.reed.5739@gmail.com,Bengaluru,Karnataka,India,Asia-Pacific,Paid Search
5759,Paul Castillo,Male,50,2022-03-02,paul.castillo.5759@outlook.com,Houston,Texas,United States,North America,Paid Search
5774,Maria Martinez,Female,22,2024-11-18,maria.martinez.5774@yahoo.com,Birmingham,West Midlands,United Kingdom,Europe,Organic Search
5780,Donald Lopez,Male,37,2023-04-03,donald.lopez.5780@yahoo.com,London,Greater London,United Kingdom,Europe,Direct
5812,Timothy Rao,Male,18,2024-11-25,timothy.rao.5812@gmail.com,Delhi,Delhi,India,Asia-Pacific,Social Media
5818,Wayne Wilson,Male,42,2023-06-19,wayne.wilson.5818@protonmail.com,Miami,Florida,United States,North America,Organic Search
5845,Harold Kim,Male,41,2023-06-19,harold.kim.5845@outlook.com,New York,New York,United States,North America,Email
5955,Zachary King,Male,22,2021-04-05,zachary.king.5955@gmail.com,New York,New York,United States,North America,Social Media
5974,Johnny Sanders,Non-Binary,51,2024-06-05,johnny.sanders.5974@gmail.com,Phoenix,Arizona,United States,North America,Social Media
6064,Timothy Flores,Male,44,2022-08-05,timothy.flores.6064@gmail.com,Berlin,Berlin,Germany,Europe,Social Media
6072,Daniel Wright,Male,41,2025-02-16,daniel.wright.6072@gmail.com,Houston,Texas,United States,North America,Direct
6076,Stella Davies,Female,20,2023-12-25,stella.davies.6076@gmail.com,Seattle,Washington,United States,North America,Paid Search
6082,Aditya Roberts,Male,44,2025-08-02,aditya.roberts.6082@yahoo.com,New York,New York,United States,North America,Social Media
6108,Benjamin Roberts,Male,52,2025-04-03,benjamin.roberts.6108@gmail.com,Bengaluru,Karnataka,India,Asia-Pacific,Affiliate
6126,Louis Alvarez,Male,30,2022-05-05,louis.alvarez.6126@gmail.com,Philadelphia,Pennsylvania,United States,North America,Paid Search
6134,Bruce Morales,Male,45,2024-10-12,bruce.morales.6134@outlook.com,Los Angeles,California,United States,North America,Organic Search
6148,Alan Davis,Male,30,2025-07-27,alan.davis.6148@protonmail.com,Vancouver,British Columbia,Canada,North America,Paid Search
6179,Lawrence Sanders,Male,57,2025-10-13,lawrence.sanders.6179@gmail.com,Manchester,Greater Manchester,United Kingdom,Europe,Organic Search
6181,Logan Peterson,Male,28,2024-07-31,logan.peterson.6181@gmail.com,Phoenix,Arizona,United States,North America,Social Media
6204,Sean Lopez,Male,39,2025-10-11,sean.lopez.6204@protonmail.com,Los Angeles,California,United States,North America,Paid Search
6208,Jonathan Wood,Male,33,2025-08-21,jonathan.wood.6208@protonmail.com,Seattle,Washington,United States,North America,Social Media
6234,Bruce Cook,Male,42,2022-04-02,bruce.cook.6234@outlook.com,Chicago,Illinois,United States,North America,Organic Search
6247,Stephanie Ramos,Female,48,2023-04-05,stephanie.ramos.6247@gmail.com,London,Greater London,United Kingdom,Europe,Affiliate
6249,Jessica Castillo,Female,36,2021-11-21,jessica.castillo.6249@gmail.com,Frankfurt,Hesse,Germany,Europe,Paid Search
6256,Victoria Fischer,Female,31,2021-07-30,victoria.fischer.6256@yahoo.com,São Paulo,São Paulo,Brazil,Latin America,Social Media
6257,Abigail Patel,Female,50,2025-05-15,abigail.patel.6257@yahoo.com,Manchester,Greater Manchester,United Kingdom,Europe,Email
6289,Louis Sanders,Male,50,2025-01-21,louis.sanders.6289@outlook.com,Mumbai,Maharashtra,India,Asia-Pacific,Referral
6314,Alan Walker,Male,32,2023-03-24,alan.walker.6314@yahoo.com,Mexico City,CDMX,Mexico,Latin America,Referral
6317,Aubrey Johnson,Female,47,2022-08-16,aubrey.johnson.6317@gmail.com,Phoenix,Arizona,United States,North America,Referral
6348,Sophia Cox,Female,18,2023-05-18,sophia.cox.6348@gmail.com,Bengaluru,Karnataka,India,Asia-Pacific,Organic Search
6357,Tyler Lewis,Male,36,2025-05-27,tyler.lewis.6357@yahoo.com,Los Angeles,California,United States,North America,Paid Search
6372,Hudson Cooper,Male,28,2023-04-15,hudson.cooper.6372@gmail.com,Lyon,Auvergne-Rhône-Alpes,France,Europe,Paid Search
6385,Asher Allen,Male,36,2022-07-04,asher.allen.6385@yahoo.com,Seattle,Washington,United States,North America,Paid Search
6393,Matthew Thomas,Male,51,2025-07-04,matthew.thomas.6393@gmail.com,New York,New York,United States,North America,Social Media
6406,Megan Sanchez,Female,31,2024-05-11,megan.sanchez.6406@outlook.com,Philadelphia,Pennsylvania,United States,North America,Paid Search
6412,Nancy Ortiz,Female,41,2025-02-01,nancy.ortiz.6412@gmail.com,Toronto,Ontario,Canada,North America,Organic Search
6413,Bobby Carter,Male,38,2021-05-22,bobby.carter.6413@yahoo.com,Mumbai,Maharashtra,India,Asia-Pacific,Affiliate
6423,Karen Fischer,Female,18,2025-08-24,karen.fischer.6423@outlook.com,London,Greater London,United Kingdom,Europe,Direct
6430,Samuel Martin,Male,37,2023-10-17,samuel.martin.6430@gmail.com,Philadelphia,Pennsylvania,United States,North America,Paid Search
6436,Lawrence Wright,Male,45,2024-03-03,lawrence.wright.6436@yahoo.com,Lyon,Auvergne-Rhône-Alpes,France,Europe,Social Media
6439,Nicole Evans,Female,24,2024-10-08,nicole.evans.6439@gmail.com,Toronto,Ontario,Canada,North America,Paid Search
6459,Stephanie Verma,Female,44,2022-08-31,stephanie.verma.6459@icloud.com,Houston,Texas,United States,North America,Social Media
6485,Kimberly Morgan,Non-Binary,18,2023-10-19,kimberly.morgan.6485@gmail.com,Sydney,New South Wales,Australia,Asia-Pacific,Email
6574,Lisa Sanchez,Female,39,2022-06-14,lisa.sanchez.6574@gmail.com,Mumbai,Maharashtra,India,Asia-Pacific,Social Media
6578,Amanda Thomas,Female,32,2023-05-27,amanda.thomas.6578@gmail.com,London,Greater London,United Kingdom,Europe,Email
6592,Angela Allen,Female,46,2023-09-09,angela.allen.6592@outlook.com,New York,New York,United States,North America,Paid Search
6601,Randy Reed,Male,37,2022-09-29,randy.reed.6601@gmail.com,Phoenix,Arizona,United States,North America,Affiliate
6625,Willie Castillo,Male,41,2025-10-28,willie.castillo.6625@gmail.com,Melbourne,Victoria,Australia,Asia-Pacific,Organic Search
6639,Isha Cooper,Female,36,2023-05-29,isha.cooper.6639@gmail.com,Toronto,Ontario,Canada,North America,Organic Search
6667,Saanvi Flores,Female,43,2022-07-22,saanvi.flores.6667@gmail.com,Dallas,Texas,United States,North America,Paid Search
6679,Eric Clark,Male,24,2023-03-25,eric.clark.6679@outlook.com,New York,New York,United States,North America,Email
6693,Zoey Campbell,Female,50,2022-04-26,zoey.campbell.6693@gmail.com,Berlin,Berlin,Germany,Europe,Social Media
6706,Saanvi Nelson,Female,36,2021-02-27,saanvi.nelson.6706@gmail.com,Berlin,Berlin,Germany,Europe,Organic Search
6723,Larry Johnson,Male,24,2025-08-17,larry.johnson.6723@gmail.com,Mumbai,Maharashtra,India,Asia-Pacific,Paid Search
6741,Lisa Moore,Female,33,2023-04-23,lisa.moore.6741@gmail.com,Houston,Texas,United States,North America,Organic Search
6784,Kyle Rivera,Male,40,2025-08-18,kyle.rivera.6784@gmail.com,Lyon,Auvergne-Rhône-Alpes,France,Europe,Email
6837,Logan Davis,Male,30,2022-12-03,logan.davis.6837@gmail.com,São Paulo,São Paulo,Brazil,Latin America,Direct
6848,Elijah Gutierrez,Male,46,2025-01-14,elijah.gutierrez.6848@icloud.com,Los Angeles,California,United States,North America,Social Media
6852,Kenneth Dubois,Male,39,2024-07-14,kenneth.dubois.6852@gmail.com,Toronto,Ontario,Canada,North America,Email
6884,Virginia Brown,Female,30,2024-11-23,virginia.brown.6884@outlook.com,Bengaluru,Karnataka,India,Asia-Pacific,Referral
6909,Sharon Edwards,Non-Binary,23,2024-10-23,sharon.edwards.6909@gmail.com,Phoenix,Arizona,United States,North America,Social Media
6928,Christine Miller,Female,53,2022-12-01,christine.miller.6928@yahoo.com,Manchester,Greater Manchester,United Kingdom,Europe,Paid Search
6950,Sarah Cruz,Female,34,2023-12-13,sarah.cruz.6950@icloud.com,Sydney,New South Wales,Australia,Asia-Pacific,Email
6961,Ralph Howard,Male,24,2024-11-28,ralph.howard.6961@gmail.com,São Paulo,São Paulo,Brazil,Latin America,Social Media
6973,Aarav Sharma,Male,18,2023-09-21,aarav.sharma.6973@gmail.com,Seattle,Washington,United States,North America,Social Media
6995,Stella Sharma,Female,23,2025-01-23,stella.sharma.6995@outlook.com,Toronto,Ontario,Canada,North America,Direct
7064,Alan Patel,Male,52,2023-02-04,alan.patel.7064@gmail.com,Paris,Île-de-France,France,Europe,Affiliate
7071,Riley Howard,Female,46,2023-09-06,riley.howard.7071@yahoo.com,New York,New York,United States,North America,Direct
7118,Rachel Singh,Female,26,2023-09-12,rachel.singh.7118@outlook.com,Miami,Florida,United States,North America,Organic Search
7130,William Wilson,Male,26,2022-02-09,william.wilson.7130@icloud.com,Berlin,Berlin,Germany,Europe,Referral
7139,Madison Murphy,Female,22,2024-12-22,madison.murphy.7139@gmail.com,Mumbai,Maharashtra,India,Asia-Pacific,Direct
7165,Sophia Green,Female,51,2024-10-02,sophia.green.7165@yahoo.com,Los Angeles,California,United States,North America,Social Media
7168,Jose Hughes,Male,18,2025-03-13,jose.hughes.7168@gmail.com,New York,New York,United States,North America,Paid Search
7176,Terry Scott,Male,35,2025-09-30,terry.scott.7176@gmail.com,Toronto,Ontario,Canada,North America,Social Media
7196,Ashley Wilson,Female,25,2022-12-10,ashley.wilson.7196@gmail.com,Dallas,Texas,United States,North America,Email
7209,Jeffrey Hill,Male,18,2023-03-26,jeffrey.hill.7209@yahoo.com,New York,New York,United States,North America,Organic Search
7268,Stephanie Mendoza,Female,32,2024-10-08,stephanie.mendoza.7268@gmail.com,Philadelphia,Pennsylvania,United States,North America,Organic Search
7275,Sophia Baker,Female,43,2025-04-29,sophia.baker.7275@gmail.com,Mumbai,Maharashtra,India,Asia-Pacific,Social Media
7282,Hudson Gupta,Male,23,2025-10-27,hudson.gupta.7282@gmail.com,Frankfurt,Hesse,Germany,Europe,Email
7289,Sara Reyes,Female,48,2023-08-22,sara.reyes.7289@outlook.com,Chicago,Illinois,United States,North America,Affiliate
7293,Nicole Sanchez,Female,38,2022-04-03,nicole.sanchez.7293@gmail.com,Berlin,Berlin,Germany,Europe,Organic Search
7334,Aria Cox,Female,30,2021-09-30,aria.cox.7334@icloud.com,New York,New York,United States,North America,Social Media
7335,Luca Torres,Male,36,2021-04-08,luca.torres.7335@outlook.com,Mumbai,Maharashtra,India,Asia-Pacific,Email
7348,Alexander Gutierrez,Male,35,2023-10-28,alexander.gutierrez.7348@icloud.com,Philadelphia,Pennsylvania,United States,North America,Social Media
7429,Carol Dubois,Female,19,2021-04-05,carol.dubois.7429@gmail.com,London,Greater London,United Kingdom,Europe,Social Media
7430,Heather Gutierrez,Female,25,2024-08-05,heather.gutierrez.7430@yahoo.com,London,Greater London,United Kingdom,Europe,Affiliate
7451,Timothy Hughes,Male,18,2025-03-22,timothy.hughes.7451@yahoo.com,Bengaluru,Karnataka,India,Asia-Pacific,Organic Search
7522,Alan Howard,Male,37,2022-11-01,alan.howard.7522@gmail.com,Paris,Île-de-France,France,Europe,Affiliate
7533,Donald Singh,Male,29,2024-04-27,donald.singh.7533@outlook.com,Berlin,Berlin,Germany,Europe,Organic Search
7587,Bradley Walker,Male,37,2024-06-11,bradley.walker.7587@gmail.com,Houston,Texas,United States,North America,Paid Search
7628,Jean Garcia,Female,42,2023-09-22,jean.garcia.7628@outlook.com,Dallas,Texas,United States,North America,Paid Search
7629,Jacob Dubois,Male,31,2024-02-06,jacob.dubois.7629@icloud.com,Philadelphia,Pennsylvania,United States,North America,Affiliate
7657,Mary Flores,Female,53,2024-06-16,mary.flores.7657@outlook.com,São Paulo,São Paulo,Brazil,Latin America,Organic Search
7662,Stella Wood,Non-Binary,26,2024-12-03,stella.wood.7662@protonmail.com,Seattle,Washington,United States,North America,Social Media
7663,Aria Brown,Female,36,2025-03-25,aria.brown.7663@yahoo.com,Atlanta,Georgia,United States,North America,Email
7672,Michael Howard,Male,50,2023-07-19,michael.howard.7672@icloud.com,Mexico City,CDMX,Mexico,Latin America,Organic Search
7691,Robert Evans,Male,42,2022-11-26,robert.evans.7691@gmail.com,Phoenix,Arizona,United States,North America,Organic Search
7693,Andrew Richardson,Male,38,2025-06-05,andrew.richardson.7693@icloud.com,Munich,Bavaria,Germany,Europe,Paid Search
7694,Matthew Stewart,Male,18,2024-09-02,matthew.stewart.7694@gmail.com,São Paulo,São Paulo,Brazil,Latin America,Organic Search
7721,Brian Castillo,Male,51,2024-09-26,brian.castillo.7721@gmail.com,London,Greater London,United Kingdom,Europe,Paid Search
7722,Ashley Cruz,Female,28,2023-06-24,ashley.cruz.7722@yahoo.com,Vancouver,British Columbia,Canada,North America,Social Media
7762,Jean Green,Female,43,2023-10-20,jean.green.7762@gmail.com,New York,New York,United States,North America,Paid Search
7781,Aria Sanchez,Female,36,2023-11-27,aria.sanchez.7781@yahoo.com,Dallas,Texas,United States,North America,Organic Search
7787,Sandra Torres,Female,18,2024-07-01,sandra.torres.7787@gmail.com,Los Angeles,California,United States,North America,Affiliate
7822,Julia Nelson,Female,54,2023-02-27,julia.nelson.7822@gmail.com,Chicago,Illinois,United States,North America,Organic Search
7888,Ezra Thomas,Male,38,2021-12-05,ezra.thomas.7888@corporate.org,New York,New York,United States,North America,Social Media
7968,Sandra Cox,Female,40,2023-09-13,sandra.cox.7968@gmail.com,Manchester,Greater Manchester,United Kingdom,Europe,Social Media
7971,Carol Jackson,Female,43,2025-01-27,carol.jackson.7971@gmail.com,London,Greater London,United Kingdom,Europe,Paid Search
8004,Kevin Schneider,Male,22,2022-07-26,kevin.schneider.8004@gmail.com,Mumbai,Maharashtra,India,Asia-Pacific,Organic Search
8005,Gloria Allen,Female,30,2021-07-31,gloria.allen.8005@outlook.com,Bengaluru,Karnataka,India,Asia-Pacific,Social Media
8037,Edward Castillo,Male,18,2025-07-07,edward.castillo.8037@yahoo.com,Melbourne,Victoria,Australia,Asia-Pacific,Email
8052,Patricia Hernandez,Female,33,2022-03-16,patricia.hernandez.8052@outlook.com,Miami,Florida,United States,North America,Social Media
8098,Diya Gonzalez,Female,31,2025-01-14,diya.gonzalez.8098@outlook.com,Philadelphia,Pennsylvania,United States,North America,Organic Search
8115,Alan Castillo,Male,27,2023-04-30,alan.castillo.8115@gmail.com,Bengaluru,Karnataka,India,Asia-Pacific,Direct
8131,Alice Ortiz,Female,22,2022-04-19,alice.ortiz.8131@icloud.com,Phoenix,Arizona,United States,North America,Direct
8136,Tyler Jackson,Male,18,2023-06-07,tyler.jackson.8136@outlook.com,Berlin,Berlin,Germany,Europe,Social Media
8169,Tyler King,Male,42,2021-11-20,tyler.king.8169@gmail.com,Mumbai,Maharashtra,India,Asia-Pacific,Referral
8214,Zoey Morris,Female,56,2022-10-05,zoey.morris.8214@gmail.com,Munich,Bavaria,Germany,Europe,Paid Search
8258,Bradley Roberts,Male,37,2023-04-24,bradley.roberts.8258@outlook.com,São Paulo,São Paulo,Brazil,Latin America,Paid Search
8286,Krishna Evans,Male,39,2025-10-23,krishna.evans.8286@outlook.com,Houston,Texas,United States,North America,Referral
8294,Russell Price,Male,30,2023-04-09,russell.price.8294@gmail.com,Mumbai,Maharashtra,India,Asia-Pacific,Organic Search
8300,Peter Richardson,Male,44,2024-09-19,peter.richardson.8300@gmail.com,New York,New York,United States,North America,Paid Search
8314,Ethan Hall,Male,21,2025-09-16,ethan.hall.8314@yahoo.com,Lyon,Auvergne-Rhône-Alpes,France,Europe,Organic Search
8319,Aaron Lee,Male,20,2024-03-06,aaron.lee.8319@gmail.com,Atlanta,Georgia,United States,North America,Organic Search
8345,Aria Wood,Female,18,2021-12-19,aria.wood.8345@outlook.com,São Paulo,São Paulo,Brazil,Latin America,Organic Search
8347,Nora Ortiz,Female,31,2023-05-20,nora.ortiz.8347@gmail.com,London,Greater London,United Kingdom,Europe,Organic Search
8394,Madison Scott,Female,36,2023-07-26,madison.scott.8394@gmail.com,Sydney,New South Wales,Australia,Asia-Pacific,Social Media
8401,Brenda Alvarez,Female,40,2023-07-26,brenda.alvarez.8401@icloud.com,Toronto,Ontario,Canada,North America,Social Media
8429,Saanvi Stewart,Female,45,2021-11-23,saanvi.stewart.8429@yahoo.com,Dallas,Texas,United States,North America,Referral
8435,Jacqueline Brown,Female,35,2023-09-14,jacqueline.brown.8435@gmail.com,Seattle,Washington,United States,North America,Email
8465,Gloria Stewart,Female,36,2025-01-25,gloria.stewart.8465@outlook.com,Frankfurt,Hesse,Germany,Europe,Social Media
8476,Jason Taylor,Male,18,2022-09-29,jason.taylor.8476@gmail.com,Sydney,New South Wales,Australia,Asia-Pacific,Organic Search
8511,Hudson Gonzalez,Male,56,2021-06-11,hudson.gonzalez.8511@outlook.com,Munich,Bavaria,Germany,Europe,Paid Search
8515,Raymond Bailey,Male,40,2024-04-30,raymond.bailey.8515@outlook.com,Lyon,Auvergne-Rhône-Alpes,France,Europe,Organic Search
8531,Jacqueline Roberts,Female,23,2023-08-20,jacqueline.roberts.8531@icloud.com,Los Angeles,California,United States,North America,Organic Search
8537,Jeremy Taylor,Male,23,2023-10-19,jeremy.taylor.8537@gmail.com,Paris,Île-de-France,France,Europe,Organic Search
8547,Jessica Williams,Female,48,2025-01-08,jessica.williams.8547@gmail.com,Los Angeles,California,United States,North America,Organic Search
8596,Riley Davis,Female,50,2024-01-21,riley.davis.8596@gmail.com,Chicago,Illinois,United States,North America,Social Media
8614,Nicholas Reyes,Male,19,2025-05-27,nicholas.reyes.8614@gmail.com,Vancouver,British Columbia,Canada,North America,Affiliate
8691,Andrea Stewart,Female,50,2024-09-25,andrea.stewart.8691@gmail.com,Toronto,Ontario,Canada,North America,Paid Search
8705,Kevin Brooks,Male,18,2024-09-04,kevin.brooks.8705@gmail.com,New York,New York,United States,North America,Social Media
8737,Nora Sharma,Female,44,2024-11-02,nora.sharma.8737@yahoo.com,Munich,Bavaria,Germany,Europe,Social Media
8750,Chloe Nguyen,Female,18,2024-05-17,chloe.nguyen.8750@icloud.com,Melbourne,Victoria,Australia,Asia-Pacific,Organic Search
8752,Zachary Watson,Male,34,2025-04-19,zachary.watson.8752@icloud.com,Chicago,Illinois,United States,North America,Direct
8820,Janice Sanchez,Female,53,2022-01-18,janice.sanchez.8820@gmail.com,Chicago,Illinois,United States,North America,Paid Search
8823,Laura Baker,Female,37,2025-04-04,laura.baker.8823@yahoo.com,Chicago,Illinois,United States,North America,Organic Search
8829,James Turner,Male,37,2023-05-15,james.turner.8829@gmail.com,Atlanta,Georgia,United States,North America,Referral
8832,Melissa Wagner,Female,33,2024-07-22,melissa.wagner.8832@outlook.com,Toronto,Ontario,Canada,North America,Organic Search
8839,Dylan Thompson,Male,30,2021-11-15,dylan.thompson.8839@outlook.com,New York,New York,United States,North America,Social Media
8899,Gabriel Collins,Male,36,2024-05-06,gabriel.collins.8899@yahoo.com,Miami,Florida,United States,North America,Social Media
8907,Dennis Allen,Male,26,2025-10-19,dennis.allen.8907@yahoo.com,London,Greater London,United Kingdom,Europe,Paid Search
8927,Megan Reed,Female,37,2023-01-18,megan.reed.8927@gmail.com,Atlanta,Georgia,United States,North America,Social Media
8940,Cheryl Garcia,Female,33,2024-03-09,cheryl.garcia.8940@outlook.com,New York,New York,United States,North America,Social Media
8941,Dennis Flores,Male,47,2025-10-20,dennis.flores.8941@gmail.com,Phoenix,Arizona,United States,North America,Email
8950,Gregory Diaz,Male,34,2022-04-24,gregory.diaz.8950@gmail.com,Toronto,Ontario,Canada,North America,Organic Search
8952,Grace Alvarez,Female,43,2023-11-27,grace.alvarez.8952@outlook.com,Philadelphia,Pennsylvania,United States,North America,Paid Search
8958,Olivia Kim,Female,40,2024-01-22,olivia.kim.8958@corporate.org,Lyon,Auvergne-Rhône-Alpes,France,Europe,Referral
8962,Edward Murphy,Male,44,2023-12-15,edward.murphy.8962@gmail.com,Munich,Bavaria,Germany,Europe,Affiliate
8984,Laura Roberts,Female,19,2025-05-18,laura.roberts.8984@yahoo.com,Melbourne,Victoria,Australia,Asia-Pacific,Paid Search
9000,Jacqueline Turner,Female,34,2025-05-24,jacqueline.turner.9000@yahoo.com,Atlanta,Georgia,United States,North America,Paid Search
9020,Pamela Wright,Female,33,2023-05-07,pamela.wright.9020@gmail.com,New York,New York,United States,North America,Paid Search
9055,Nicole Cox,Female,33,2022-09-15,nicole.cox.9055@gmail.com,Houston,Texas,United States,North America,Organic Search
9056,Stephanie Hernandez,Female,38,2024-05-18,stephanie.hernandez.9056@gmail.com,Berlin,Berlin,Germany,Europe,Email
9106,Virginia Kumar,Female,36,2023-08-06,virginia.kumar.9106@gmail.com,Houston,Texas,United States,North America,Social Media
9115,Michael Cox,Male,39,2022-10-28,michael.cox.9115@icloud.com,Chicago,Illinois,United States,North America,Organic Search
9164,Stella Ortiz,Female,33,2022-01-08,stella.ortiz.9164@gmail.com,Lyon,Auvergne-Rhône-Alpes,France,Europe,Referral
9179,Cynthia Gonzalez,Female,55,2025-09-28,cynthia.gonzalez.9179@outlook.com,Berlin,Berlin,Germany,Europe,Organic Search
9186,Aaron Parker,Non-Binary,46,2021-10-05,aaron.parker.9186@icloud.com,Los Angeles,California,United States,North America,Social Media
9188,Joyce Taylor,Female,30,2024-02-11,joyce.taylor.9188@outlook.com,Toronto,Ontario,Canada,North America,Organic Search
9245,Kevin Campbell,Male,22,2022-10-30,kevin.campbell.9245@gmail.com,London,Greater London,United Kingdom,Europe,Referral
9262,Stephen Jones,Male,45,2023-04-27,stephen.jones.9262@yahoo.com,Seattle,Washington,United States,North America,Organic Search
9264,Betty Castillo,Female,52,2024-07-03,betty.castillo.9264@yahoo.com,Manchester,Greater Manchester,United Kingdom,Europe,Organic Search
9280,Ellie Sanders,Female,37,2025-09-14,ellie.sanders.9280@gmail.com,Chicago,Illinois,United States,North America,Social Media
9289,Matthew Miller,Male,33,2022-12-01,matthew.miller.9289@yahoo.com,Dallas,Texas,United States,North America,Paid Search
9309,Vincent Bennett,Male,26,2024-05-22,vincent.bennett.9309@gmail.com,Mumbai,Maharashtra,India,Asia-Pacific,Email
9330,Katherine King,Female,42,2023-04-23,katherine.king.9330@gmail.com,Sydney,New South Wales,Australia,Asia-Pacific,Paid Search
9335,Susan Carter,Female,39,2025-02-13,susan.carter.9335@gmail.com,Toronto,Ontario,Canada,North America,Social Media
9336,Teresa Lee,Female,41,2024-12-26,teresa.lee.9336@gmail.com,Birmingham,West Midlands,United Kingdom,Europe,Organic Search
9346,Donna Wilson,Female,23,2025-09-07,donna.wilson.9346@gmail.com,Berlin,Berlin,Germany,Europe,Affiliate
9356,Christian Williams,Male,61,2024-02-28,christian.williams.9356@yahoo.com,Manchester,Greater Manchester,United Kingdom,Europe,Social Media
9368,Michelle Brown,Female,18,2024-07-27,michelle.brown.9368@outlook.com,Seattle,Washington,United States,North America,Paid Search
9374,Aria Young,Female,43,2023-04-10,aria.young.9374@gmail.com,Los Angeles,California,United States,North America,Social Media
9385,Joseph Perez,Male,46,2025-05-11,joseph.perez.9385@gmail.com,Bengaluru,Karnataka,India,Asia-Pacific,Social Media
9399,Joyce Meyer,Female,27,2022-08-12,joyce.meyer.9399@gmail.com,Mumbai,Maharashtra,India,Asia-Pacific,Social Media
9418,Ananya Miller,Female,23,2022-05-27,ananya.miller.9418@gmail.com,Atlanta,Georgia,United States,North America,Direct
9457,Johnny Gomez,Male,40,2024-10-04,johnny.gomez.9457@yahoo.com,New York,New York,United States,North America,Email
9469,Abigail Carter,Female,28,2021-03-05,abigail.carter.9469@protonmail.com,New York,New York,United States,North America,Email
9475,Eric Torres,Male,45,2023-08-12,eric.torres.9475@outlook.com,New York,New York,United States,North America,Organic Search
9486,Hudson Taylor,Male,54,2025-01-18,hudson.taylor.9486@gmail.com,Vancouver,British Columbia,Canada,North America,Paid Search
9487,Joan Cox,Female,49,2024-01-07,joan.cox.9487@icloud.com,Chicago,Illinois,United States,North America,Direct
9491,Adam Johnson,Male,47,2022-07-10,adam.johnson.9491@outlook.com,Chicago,Illinois,United States,North America,Email
9499,Mark Davis,Non-Binary,31,2022-02-04,mark.davis.9499@gmail.com,New York,New York,United States,North America,Referral
9519,Nathan Diaz,Male,48,2023-03-06,nathan.diaz.9519@yahoo.com,Berlin,Berlin,Germany,Europe,Email
9551,Samantha Gomez,Female,27,2024-04-04,samantha.gomez.9551@gmail.com,New York,New York,United States,North America,Referral
9566,Zoey Harris,Female,25,2025-08-19,zoey.harris.9566@yahoo.com,Los Angeles,California,United States,North America,Referral
9568,Abigail Evans,Female,39,2022-08-24,abigail.evans.9568@yahoo.com,London,Greater London,United Kingdom,Europe,Email
9609,Timothy Becker,Non-Binary,30,2024-01-16,timothy.becker.9609@gmail.com,Philadelphia,Pennsylvania,United States,North America,Referral
9620,Alice Thomas,Female,40,2023-08-10,alice.thomas.9620@gmail.com,Los Angeles,California,United States,North America,Social Media
9631,Navya Kumar,Female,45,2022-07-02,navya.kumar.9631@gmail.com,Los Angeles,California,United States,North America,Direct
9653,James James,Male,38,2025-08-26,james.james.9653@outlook.com,New York,New York,United States,North America,Paid Search
9700,Jerry Cooper,Male,26,2022-10-16,jerry.cooper.9700@gmail.com,São Paulo,São Paulo,Brazil,Latin America,Affiliate
9701,James Smith,Male,25,2024-12-22,james.smith.9701@outlook.com,Vancouver,British Columbia,Canada,North America,Organic Search
9745,Navya Richardson,Female,46,2022-04-23,navya.richardson.9745@gmail.com,London,Greater London,United Kingdom,Europe,Organic Search
9757,Patricia Roberts,Female,38,2023-10-25,patricia.roberts.9757@icloud.com,Toronto,Ontario,Canada,North America,Organic Search
9772,Penelope Sanchez,Female,40,2022-06-18,penelope.sanchez.9772@gmail.com,Mumbai,Maharashtra,India,Asia-Pacific,Referral
9783,Aubrey Robinson,Female,46,2023-05-24,aubrey.robinson.9783@icloud.com,New York,New York,United States,North America,Paid Search
9800,Kyle Kumar,Male,52,2024-03-19,kyle.kumar.9800@gmail.com,Chicago,Illinois,United States,North America,Organic Search
9826,Michael Davies,Male,31,2024-09-26,michael.davies.9826@gmail.com,Toronto,Ontario,Canada,North America,Organic Search
9831,Isha Kumar,Female,40,2021-09-12,isha.kumar.9831@yahoo.com,Los Angeles,California,United States,North America,Organic Search
9870,Evelyn Lee,Female,37,2023-08-13,evelyn.lee.9870@yahoo.com,Delhi,Delhi,India,Asia-Pacific,Organic Search
9880,Krishna Reed,Male,36,2025-07-02,krishna.reed.9880@protonmail.com,New York,New York,United States,North America,Social Media
9888,Julie Hernandez,Female,32,2022-11-27,julie.hernandez.9888@corporate.org,London,Greater London,United Kingdom,Europe,Social Media
9950,Kathleen Wood,Female,34,2024-11-02,kathleen.wood.9950@gmail.com,Birmingham,West Midlands,United Kingdom,Europe,Affiliate
9967,Russell Alvarez,Male,38,2021-04-27,russell.alvarez.9967@yahoo.com,Los Angeles,California,United States,North America,Referral
10000,Sandra Edwards,Female,33,2023-11-06,sandra.edwards.10000@yahoo.com,Toronto,Ontario,Canada,North America,Affiliate
10003,Alan Miller,Male,37,2025-02-05,alan.miller.10003@gmail.com,Mumbai,Maharashtra,India,Asia-Pacific,Organic Search
10005,Vivaan Sharma,Male,36,2025-05-05,vivaan.sharma.10005@outlook.com,New York,New York,United States,North America,Referral
10007,Aarav Johnson,Male,54,2021-03-04,aarav.johnson.10007@gmail.com,New York,New York,United States,North America,Organic Search
10015,Ananya Cruz,Female,38,2024-12-07,ananya.cruz.10015@icloud.com,Lyon,Auvergne-Rhône-Alpes,France,Europe,Organic Search
10050,Aubrey Becker,Female,46,2024-02-04,aubrey.becker.10050@outlook.com,Los Angeles,California,United States,North America,Paid Search
10060,Helen Moore,Non-Binary,46,2021-04-10,helen.moore.10060@gmail.com,Toronto,Ontario,Canada,North America,Email
10073,Daniel Ward,Male,43,2025-05-01,daniel.ward.10073@gmail.com,Phoenix,Arizona,United States,North America,Email
10113,Gregory Parker,Male,47,2025-04-01,gregory.parker.10113@yahoo.com,Atlanta,Georgia,United States,North America,Social Media
10123,Michael Martin,Male,43,2024-11-25,michael.martin.10123@yahoo.com,New York,New York,United States,North America,Paid Search
10149,Billy Price,Male,23,2021-09-20,billy.price.10149@yahoo.com,Mumbai,Maharashtra,India,Asia-Pacific,Organic Search
10167,Evelyn Bennett,Female,38,2025-07-17,evelyn.bennett.10167@outlook.com,Berlin,Berlin,Germany,Europe,Organic Search
10170,Patrick Davies,Male,33,2022-12-15,patrick.davies.10170@yahoo.com,Phoenix,Arizona,United States,North America,Social Media
10177,Hudson Johnson,Male,46,2024-10-04,hudson.johnson.10177@outlook.com,Berlin,Berlin,Germany,Europe,Social Media
10189,Eugene Bennett,Male,31,2023-02-05,eugene.bennett.10189@icloud.com,New York,New York,United States,North America,Organic Search
10198,Andrea Mendoza,Female,47,2022-08-17,andrea.mendoza.10198@yahoo.com,Mumbai,Maharashtra,India,Asia-Pacific,Organic Search
10228,Sai Hernandez,Male,33,2024-07-15,sai.hernandez.10228@yahoo.com,Paris,Île-de-France,France,Europe,Email
10237,Melissa Taylor,Female,36,2024-12-26,melissa.taylor.10237@gmail.com,Los Angeles,California,United States,North America,Social Media
10274,Adam Brown,Male,39,2024-08-22,adam.brown.10274@corporate.org,Seattle,Washington,United States,North America,Email
10345,Roger Gutierrez,Male,56,2023-03-10,roger.gutierrez.10345@gmail.com,Sydney,New South Wales,Australia,Asia-Pacific,Social Media
10358,Olivia Jones,Female,47,2024-04-09,olivia.jones.10358@gmail.com,Chicago,Illinois,United States,North America,Social Media
10366,Vihaan Bennett,Male,46,2023-01-27,vihaan.bennett.10366@yahoo.com,Chicago,Illinois,United States,North America,Affiliate
10378,Noah Jackson,Male,47,2022-06-30,noah.jackson.10378@gmail.com,Los Angeles,California,United States,North America,Organic Search
10388,Diya Ward,Female,18,2021-10-09,diya.ward.10388@icloud.com,New York,New York,United States,North America,Organic Search
10395,Andrea Scott,Female,30,2022-02-19,andrea.scott.10395@outlook.com,Frankfurt,Hesse,Germany,Europe,Social Media
10460,Ellie Jackson,Female,21,2023-03-09,ellie.jackson.10460@gmail.com,Munich,Bavaria,Germany,Europe,Paid Search
10462,Samantha Miller,Female,25,2025-10-23,samantha.miller.10462@yahoo.com,Houston,Texas,United States,North America,Organic Search
10486,Anna Gutierrez,Female,20,2022-09-10,anna.gutierrez.10486@gmail.com,Houston,Texas,United States,North America,Organic Search
10489,Ryan Dubois,Non-Binary,36,2024-09-14,ryan.dubois.10489@gmail.com,Los Angeles,California,United States,North America,Social Media
10519,Zoey Roberts,Female,28,2024-02-18,zoey.roberts.10519@yahoo.com,Los Angeles,California,United States,North America,Social Media
10552,Samuel Walker,Male,33,2023-01-24,samuel.walker.10552@gmail.com,New York,New York,United States,North America,Paid Search
10568,Gloria Davies,Female,25,2024-03-05,gloria.davies.10568@gmail.com,Bengaluru,Karnataka,India,Asia-Pacific,Organic Search
10571,Sophia Schneider,Female,22,2022-12-26,sophia.schneider.10571@outlook.com,Seattle,Washington,United States,North America,Organic Search
10595,Julia Cook,Female,56,2021-09-20,julia.cook.10595@gmail.com,Dallas,Texas,United States,North America,Affiliate
10604,Victoria Green,Female,36,2024-04-26,victoria.green.10604@gmail.com,Miami,Florida,United States,North America,Direct
10612,William Campbell,Male,45,2025-04-10,william.campbell.10612@yahoo.com,Chicago,Illinois,United States,North America,Referral
10663,Rachel Johnson,Non-Binary,31,2025-05-31,rachel.johnson.10663@gmail.com,Sydney,New South Wales,Australia,Asia-Pacific,Organic Search
10727,Rebecca Nelson,Female,36,2024-09-10,rebecca.nelson.10727@outlook.com,Houston,Texas,United States,North America,Paid Search
10734,Steven Diaz,Non-Binary,42,2024-06-05,steven.diaz.10734@outlook.com,Chicago,Illinois,United States,North America,Organic Search
10772,Aarav Watson,Male,41,2025-01-16,aarav.watson.10772@outlook.com,New York,New York,United States,North America,Paid Search
10792,Sophia Brooks,Female,32,2023-10-29,sophia.brooks.10792@gmail.com,Manchester,Greater Manchester,United Kingdom,Europe,Social Media
10810,Saanvi Clark,Female,29,2023-06-21,saanvi.clark.10810@outlook.com,Phoenix,Arizona,United States,North America,Organic Search
10822,Philip Phillips,Male,55,2025-04-28,philip.phillips.10822@gmail.com,New York,New York,United States,North America,Paid Search
10829,Judith Edwards,Female,37,2021-11-08,judith.edwards.10829@yahoo.com,Houston,Texas,United States,North America,Organic Search
10867,Ezra Brooks,Male,29,2021-06-01,ezra.brooks.10867@gmail.com,Manchester,Greater Manchester,United Kingdom,Europe,Email
10881,Wayne Garcia,Male,38,2023-10-15,wayne.garcia.10881@gmail.com,London,Greater London,United Kingdom,Europe,Organic Search
10886,Logan Dubois,Male,30,2022-07-26,logan.dubois.10886@yahoo.com,Dallas,Texas,United States,North America,Organic Search
10926,Jordan Reed,Male,26,2021-07-12,jordan.reed.10926@gmail.com,Miami,Florida,United States,North America,Social Media
10950,Harold Rivera,Male,27,2025-06-29,harold.rivera.10950@gmail.com,Chicago,Illinois,United States,North America,Direct
10953,Justin Baker,Male,26,2024-04-17,justin.baker.10953@outlook.com,Paris,Île-de-France,France,Europe,Social Media
10959,Susan Fischer,Female,30,2022-11-06,susan.fischer.10959@gmail.com,Berlin,Berlin,Germany,Europe,Organic Search
10966,Austin Phillips,Male,35,2025-03-15,austin.phillips.10966@yahoo.com,New York,New York,United States,North America,Referral
10991,Stella Becker,Female,23,2022-06-10,stella.becker.10991@icloud.com,Munich,Bavaria,Germany,Europe,Paid Search
10992,Linda Sanders,Female,39,2021-11-15,linda.sanders.10992@gmail.com,Phoenix,Arizona,United States,North America,Paid Search
11013,Heather Wagner,Female,31,2025-03-14,heather.wagner.11013@gmail.com,Seattle,Washington,United States,North America,Email
11019,Vihaan Johnson,Male,34,2025-08-12,vihaan.johnson.11019@gmail.com,Philadelphia,Pennsylvania,United States,North America,Social Media
11029,Angela Weber,Female,18,2025-09-21,angela.weber.11029@corporate.org,London,Greater London,United Kingdom,Europe,Email
11033,Grace Hughes,Non-Binary,37,2022-03-04,grace.hughes.11033@gmail.com,New York,New York,United States,North America,Referral
11066,Jacob Fischer,Male,39,2024-04-28,jacob.fischer.11066@protonmail.com,New York,New York,United States,North America,Paid Search
11082,Nancy Morales,Female,43,2025-10-16,nancy.morales.11082@gmail.com,Miami,Florida,United States,North America,Referral
11100,Scott Anderson,Male,32,2023-02-12,scott.anderson.11100@protonmail.com,Mexico City,CDMX,Mexico,Latin America,Social Media
11108,Daniel Kumar,Male,47,2023-06-22,daniel.kumar.11108@gmail.com,Miami,Florida,United States,North America,Referral
11134,Austin Reyes,Non-Binary,36,2024-12-05,austin.reyes.11134@outlook.com,Vancouver,British Columbia,Canada,North America,Social Media
11146,Laura Young,Female,48,2023-06-02,laura.young.11146@outlook.com,Dallas,Texas,United States,North America,Organic Search
11151,Frank Baker,Male,39,2025-09-03,frank.baker.11151@gmail.com,New York,New York,United States,North America,Organic Search
11230,Sophia Lopez,Female,46,2023-09-24,sophia.lopez.11230@icloud.com,Seattle,Washington,United States,North America,Email
11253,Juan Sanders,Male,42,2025-03-07,juan.sanders.11253@outlook.com,New York,New York,United States,North America,Organic Search
11275,Larry Jones,Male,35,2022-06-25,larry.jones.11275@gmail.com,Houston,Texas,United States,North America,Referral
11278,Scott Collins,Male,18,2022-12-01,scott.collins.11278@yahoo.com,New York,New York,United States,North America,Email
11285,Zoey Fischer,Female,21,2024-09-27,zoey.fischer.11285@icloud.com,Bengaluru,Karnataka,India,Asia-Pacific,Organic Search
11299,Susan Allen,Female,43,2024-02-22,susan.allen.11299@icloud.com,São Paulo,São Paulo,Brazil,Latin America,Paid Search
11304,Isha Mitchell,Female,43,2024-09-17,isha.mitchell.11304@protonmail.com,Los Angeles,California,United States,North America,Social Media
11308,Chloe Martinez,Female,42,2022-12-31,chloe.martinez.11308@gmail.com,Houston,Texas,United States,North America,Email
11325,Aarav Wagner,Male,36,2024-10-25,aarav.wagner.11325@gmail.com,Dallas,Texas,United States,North America,Organic Search
11343,Elijah Green,Male,36,2024-09-18,elijah.green.11343@gmail.com,Toronto,Ontario,Canada,North America,Organic Search
11348,Adam Taylor,Male,40,2024-12-06,adam.taylor.11348@yahoo.com,Los Angeles,California,United States,North America,Social Media
11352,Bruce Evans,Male,30,2022-08-29,bruce.evans.11352@gmail.com,Mumbai,Maharashtra,India,Asia-Pacific,Paid Search
11457,Ronald Johnson,Male,27,2021-11-30,ronald.johnson.11457@gmail.com,New York,New York,United States,North America,Social Media
11460,Bryan Wilson,Male,33,2023-08-17,bryan.wilson.11460@gmail.com,Mumbai,Maharashtra,India,Asia-Pacific,Referral
11462,Benjamin Ward,Male,32,2025-03-02,benjamin.ward.11462@gmail.com,Seattle,Washington,United States,North America,Organic Search
11498,Larry Lewis,Non-Binary,48,2021-10-14,larry.lewis.11498@gmail.com,Bengaluru,Karnataka,India,Asia-Pacific,Referral
11502,Diane Turner,Female,34,2024-06-13,diane.turner.11502@gmail.com,Mexico City,CDMX,Mexico,Latin America,Social Media
11532,Walter Jackson,Male,41,2023-01-24,walter.jackson.11532@gmail.com,Phoenix,Arizona,United States,North America,Organic Search
11538,Robert Scott,Male,38,2021-02-13,robert.scott.11538@gmail.com,Mumbai,Maharashtra,India,Asia-Pacific,Affiliate
11556,Daniel Sanchez,Male,33,2025-06-28,daniel.sanchez.11556@yahoo.com,New York,New York,United States,North America,Social Media
11562,Cynthia Rodriguez,Female,32,2023-07-22,cynthia.rodriguez.11562@icloud.com,Birmingham,West Midlands,United Kingdom,Europe,Paid Search
11563,Ryan Gutierrez,Male,33,2024-09-20,ryan.gutierrez.11563@outlook.com,Atlanta,Georgia,United States,North America,Organic Search
11566,Ronald Verma,Male,21,2025-04-08,ronald.verma.11566@gmail.com,Los Angeles,California,United States,North America,Referral
11570,Virginia Smith,Female,29,2024-08-01,virginia.smith.11570@corporate.org,Sydney,New South Wales,Australia,Asia-Pacific,Organic Search
11658,Mary Lopez,Female,31,2024-08-15,mary.lopez.11658@yahoo.com,Philadelphia,Pennsylvania,United States,North America,Organic Search
11662,Carl Wood,Male,39,2022-01-02,carl.wood.11662@outlook.com,Dallas,Texas,United States,North America,Paid Search
11718,Olivia Morgan,Female,39,2022-03-10,olivia.morgan.11718@corporate.org,Phoenix,Arizona,United States,North America,Social Media
11779,Mateo Roberts,Male,52,2024-01-18,mateo.roberts.11779@yahoo.com,Chicago,Illinois,United States,North America,Organic Search
11783,Amy Ramirez,Female,46,2024-12-28,amy.ramirez.11783@yahoo.com,London,Greater London,United Kingdom,Europe,Affiliate
11852,James Mendoza,Male,28,2025-07-30,james.mendoza.11852@gmail.com,Miami,Florida,United States,North America,Social Media
11861,Joyce Brown,Female,42,2025-06-04,joyce.brown.11861@corporate.org,Los Angeles,California,United States,North America,Direct
11892,Jose Williams,Male,45,2025-01-23,jose.williams.11892@yahoo.com,New York,New York,United States,North America,Email
11898,Douglas Diaz,Male,24,2023-12-27,douglas.diaz.11898@protonmail.com,London,Greater London,United Kingdom,Europe,Social Media
11971,Penelope Gupta,Female,29,2023-04-25,penelope.gupta.11971@gmail.com,Chicago,Illinois,United States,North America,Organic Search
11980,Debra Robinson,Female,23,2025-01-26,debra.robinson.11980@gmail.com,São Paulo,São Paulo,Brazil,Latin America,Email
11981,Donna Sharma,Female,18,2023-07-06,donna.sharma.11981@icloud.com,Toronto,Ontario,Canada,North America,Social Media
11995,Jesse Sharma,Male,45,2025-05-20,jesse.sharma.11995@outlook.com,Chicago,Illinois,United States,North America,Email
11997,Kyle Lopez,Male,27,2022-01-28,kyle.lopez.11997@gmail.com,Delhi,Delhi,India,Asia-Pacific,Organic Search
11999,Michelle Garcia,Female,25,2025-07-11,michelle.garcia.11999@gmail.com,Bengaluru,Karnataka,India,Asia-Pacific,Email
12008,Aubrey Lewis,Female,24,2024-03-28,aubrey.lewis.12008@gmail.com,New York,New York,United States,North America,Organic Search
12048,Kenneth Rodriguez,Male,37,2022-02-01,kenneth.rodriguez.12048@gmail.com,Manchester,Greater Manchester,United Kingdom,Europe,Organic Search
12068,Zoe Gomez,Female,38,2024-03-21,zoe.gomez.12068@gmail.com,Bengaluru,Karnataka,India,Asia-Pacific,Referral
12088,Vihaan Rogers,Male,43,2023-10-13,vihaan.rogers.12088@yahoo.com,Los Angeles,California,United States,North America,Organic Search
12101,Jack Alvarez,Male,34,2021-11-29,jack.alvarez.12101@gmail.com,Philadelphia,Pennsylvania,United States,North America,Email
12121,Lucas Wright,Male,37,2022-02-05,lucas.wright.12121@gmail.com,Chicago,Illinois,United States,North America,Organic Search
12132,Ryan Davis,Male,35,2021-09-08,ryan.davis.12132@gmail.com,New York,New York,United States,North America,Email
12138,Olivia Edwards,Female,30,2022-09-17,olivia.edwards.12138@gmail.com,New York,New York,United States,North America,Social Media
12144,Nathan Johnson,Male,34,2025-03-24,nathan.johnson.12144@yahoo.com,London,Greater London,United Kingdom,Europe,Email
12195,Edward Reyes,Male,27,2024-07-06,edward.reyes.12195@gmail.com,Atlanta,Georgia,United States,North America,Affiliate
12200,Betty Cooper,Female,18,2025-01-18,betty.cooper.12200@gmail.com,Delhi,Delhi,India,Asia-Pacific,Organic Search
12223,Michelle Harris,Female,29,2022-07-07,michelle.harris.12223@outlook.com,New York,New York,United States,North America,Affiliate
12246,Barbara Fischer,Female,46,2024-07-26,barbara.fischer.12246@gmail.com,Philadelphia,Pennsylvania,United States,North America,Email
12268,Joe Stewart,Male,46,2025-09-30,joe.stewart.12268@gmail.com,New York,New York,United States,North America,Referral
12270,Tyler Cruz,Male,59,2023-04-16,tyler.cruz.12270@gmail.com,Frankfurt,Hesse,Germany,Europe,Paid Search
12272,Arthur Sharma,Male,30,2021-12-03,arthur.sharma.12272@yahoo.com,Dallas,Texas,United States,North America,Social Media
12276,Justin Stewart,Male,18,2021-12-03,justin.stewart.12276@outlook.com,Sydney,New South Wales,Australia,Asia-Pacific,Paid Search
12284,Hudson Green,Male,28,2024-10-06,hudson.green.12284@gmail.com,New York,New York,United States,North America,Social Media
12286,Dylan Miller,Male,46,2024-12-09,dylan.miller.12286@gmail.com,Mumbai,Maharashtra,India,Asia-Pacific,Paid Search
12309,Frances Torres,Female,31,2021-11-16,frances.torres.12309@gmail.com,Chicago,Illinois,United States,North America,Direct
12312,Amy Young,Female,19,2022-06-25,amy.young.12312@gmail.com,Munich,Bavaria,Germany,Europe,Email
12371,Ananya Williams,Female,40,2025-01-22,ananya.williams.12371@gmail.com,Miami,Florida,United States,North America,Paid Search
12377,Philip Bennett,Male,33,2022-10-27,philip.bennett.12377@gmail.com,Paris,Île-de-France,France,Europe,Paid Search
12389,Diane Price,Female,46,2021-10-11,diane.price.12389@yahoo.com,Delhi,Delhi,India,Asia-Pacific,Organic Search
12402,Eleanor Taylor,Female,41,2023-02-09,eleanor.taylor.12402@gmail.com,Paris,Île-de-France,France,Europe,Social Media
12424,Oliver Collins,Male,27,2022-04-07,oliver.collins.12424@yahoo.com,Mexico City,CDMX,Mexico,Latin America,Organic Search
12433,Matthew Kumar,Male,43,2025-06-29,matthew.kumar.12433@outlook.com,Vancouver,British Columbia,Canada,North America,Organic Search
12455,Jennifer Singh,Female,32,2025-08-11,jennifer.singh.12455@outlook.com,Seattle,Washington,United States,North America,Organic Search
12522,Amanda Gomez,Female,55,2023-05-31,amanda.gomez.12522@protonmail.com,London,Greater London,United Kingdom,Europe,Social Media
12529,Kathryn Dubois,Female,34,2025-04-23,kathryn.dubois.12529@icloud.com,Vancouver,British Columbia,Canada,North America,Paid Search
12536,Julie Moreau,Female,50,2025-04-01,julie.moreau.12536@outlook.com,Los Angeles,California,United States,North America,Organic Search
12552,Steven Bailey,Male,42,2025-03-21,steven.bailey.12552@outlook.com,Toronto,Ontario,Canada,North America,Organic Search
12578,Lawrence Wilson,Non-Binary,37,2023-07-29,lawrence.wilson.12578@gmail.com,Phoenix,Arizona,United States,North America,Direct
12602,Jennifer Nguyen,Female,37,2024-07-27,jennifer.nguyen.12602@yahoo.com,Houston,Texas,United States,North America,Organic Search
12632,Patricia James,Female,47,2023-08-08,patricia.james.12632@yahoo.com,Houston,Texas,United States,North America,Organic Search
12735,Nora Reyes,Female,44,2024-03-05,nora.reyes.12735@gmail.com,Seattle,Washington,United States,North America,Organic Search
12762,Nancy Kim,Female,51,2024-01-28,nancy.kim.12762@gmail.com,Chicago,Illinois,United States,North America,Organic Search
12772,Joseph Diaz,Male,51,2024-06-24,joseph.diaz.12772@outlook.com,New York,New York,United States,North America,Social Media
12775,Dennis Peterson,Male,22,2025-01-25,dennis.peterson.12775@gmail.com,Delhi,Delhi,India,Asia-Pacific,Social Media
12800,Joyce Parker,Female,28,2022-12-12,joyce.parker.12800@gmail.com,Paris,Île-de-France,France,Europe,Social Media
12850,Ashley Davies,Female,40,2022-10-18,ashley.davies.12850@outlook.com,New York,New York,United States,North America,Paid Search
12896,Stella Sharma,Female,41,2023-09-23,stella.sharma.12896@gmail.com,Delhi,Delhi,India,Asia-Pacific,Social Media
12900,Steven Davis,Male,41,2024-05-21,steven.davis.12900@gmail.com,Los Angeles,California,United States,North America,Social Media
12920,Penelope Johnson,Female,18,2025-04-23,penelope.johnson.12920@yahoo.com,Mumbai,Maharashtra,India,Asia-Pacific,Social Media
12947,Vincent Gutierrez,Male,26,2024-12-07,vincent.gutierrez.12947@gmail.com,Mexico City,CDMX,Mexico,Latin America,Organic Search
12950,Stella Lee,Female,27,2023-03-25,stella.lee.12950@gmail.com,Berlin,Berlin,Germany,Europe,Direct
13000,Cheryl Allen,Female,52,2024-05-11,cheryl.allen.13000@outlook.com,Chicago,Illinois,United States,North America,Social Media
13004,Chloe Richardson,Female,55,2025-03-06,chloe.richardson.13004@gmail.com,Los Angeles,California,United States,North America,Direct
13022,Theo Thompson,Male,29,2024-09-15,theo.thompson.13022@gmail.com,Bengaluru,Karnataka,India,Asia-Pacific,Affiliate
13042,Paul Moreau,Male,35,2024-09-09,paul.moreau.13042@yahoo.com,Frankfurt,Hesse,Germany,Europe,Paid Search
13043,James Scott,Male,35,2024-11-05,james.scott.13043@gmail.com,Philadelphia,Pennsylvania,United States,North America,Social Media
13075,William Hughes,Male,24,2025-01-04,william.hughes.13075@gmail.com,Los Angeles,California,United States,North America,Organic Search
13094,Lauren Rivera,Female,44,2025-06-20,lauren.rivera.13094@outlook.com,Berlin,Berlin,Germany,Europe,Organic Search
13104,Gloria Brown,Female,41,2022-05-29,gloria.brown.13104@gmail.com,Lyon,Auvergne-Rhône-Alpes,France,Europe,Organic Search
13111,Mark Cruz,Male,35,2024-05-08,mark.cruz.13111@gmail.com,Paris,Île-de-France,France,Europe,Referral
13116,Betty Gonzalez,Female,42,2025-09-02,betty.gonzalez.13116@gmail.com,Manchester,Greater Manchester,United Kingdom,Europe,Organic Search
13130,Brian King,Male,40,2021-05-30,brian.king.13130@outlook.com,Vancouver,British Columbia,Canada,North America,Social Media
13199,Gregory Flores,Male,38,2025-03-31,gregory.flores.13199@protonmail.com,New York,New York,United States,North America,Paid Search
13217,Donna White,Female,56,2025-08-13,donna.white.13217@icloud.com,Atlanta,Georgia,United States,North America,Email
13237,Austin Moreau,Male,66,2025-08-04,austin.moreau.13237@yahoo.com,Houston,Texas,United States,North America,Email
13247,Sharon Walker,Female,24,2024-02-10,sharon.walker.13247@gmail.com,Toronto,Ontario,Canada,North America,Affiliate
13268,Steven Wagner,Male,24,2023-04-27,steven.wagner.13268@protonmail.com,Birmingham,West Midlands,United Kingdom,Europe,Organic Search
13285,Dylan Rivera,Non-Binary,24,2023-08-05,dylan.rivera.13285@yahoo.com,Dallas,Texas,United States,North America,Referral
13289,Donna Ortiz,Female,48,2021-06-19,donna.ortiz.13289@gmail.com,Houston,Texas,United States,North America,Organic Search
13380,Saanvi Flores,Female,42,2022-04-05,saanvi.flores.13380@outlook.com,Berlin,Berlin,Germany,Europe,Email
13414,Jeremy Davis,Male,52,2025-07-06,jeremy.davis.13414@icloud.com,Bengaluru,Karnataka,India,Asia-Pacific,Direct
13423,Stella Carter,Non-Binary,37,2022-07-17,stella.carter.13423@outlook.com,Atlanta,Georgia,United States,North America,Social Media
13466,Lucas Rao,Male,27,2023-01-18,lucas.rao.13466@protonmail.com,Seattle,Washington,United States,North America,Referral
13481,Robert Cruz,Male,43,2023-03-26,robert.cruz.13481@gmail.com,Chicago,Illinois,United States,North America,Paid Search
13486,Judith Sanchez,Female,42,2024-03-11,judith.sanchez.13486@protonmail.com,Los Angeles,California,United States,North America,Paid Search
13500,Sarah Collins,Female,22,2024-06-02,sarah.collins.13500@corporate.org,São Paulo,São Paulo,Brazil,Latin America,Social Media
13505,Theo Lee,Male,18,2025-03-18,theo.lee.13505@gmail.com,New York,New York,United States,North America,Social Media
13536,Joseph Hall,Male,28,2025-01-20,joseph.hall.13536@icloud.com,Paris,Île-de-France,France,Europe,Direct
13543,Christian Morgan,Male,41,2022-12-26,christian.morgan.13543@outlook.com,Chicago,Illinois,United States,North America,Organic Search
13567,Arjun Watson,Male,43,2024-01-18,arjun.watson.13567@icloud.com,Los Angeles,California,United States,North America,Paid Search
13571,Mateo Green,Male,37,2023-11-10,mateo.green.13571@gmail.com,Delhi,Delhi,India,Asia-Pacific,Organic Search
13575,Pamela Williams,Female,35,2023-04-27,pamela.williams.13575@gmail.com,Houston,Texas,United States,North America,Social Media
13592,Helen Morales,Female,18,2025-03-15,helen.morales.13592@gmail.com,Los Angeles,California,United States,North America,Email
13597,Elijah Miller,Male,41,2024-09-06,elijah.miller.13597@gmail.com,Birmingham,West Midlands,United Kingdom,Europe,Organic Search
13630,Scott Nelson,Male,31,2025-03-13,scott.nelson.13630@gmail.com,New York,New York,United States,North America,Paid Search
13722,Bradley Reed,Male,23,2022-03-19,bradley.reed.13722@gmail.com,Los Angeles,California,United States,North America,Referral
13742,Barbara Evans,Female,42,2022-11-12,barbara.evans.13742@gmail.com,Atlanta,Georgia,United States,North America,Organic Search
13859,Alice Johnson,Female,37,2023-06-16,alice.johnson.13859@gmail.com,Miami,Florida,United States,North America,Organic Search
13889,Addison Diaz,Female,37,2024-01-30,addison.diaz.13889@gmail.com,New York,New York,United States,North America,Paid Search
13921,Samantha Watson,Female,51,2022-04-20,samantha.watson.13921@outlook.com,London,Greater London,United Kingdom,Europe,Paid Search
13988,Stephen Morgan,Non-Binary,35,2023-01-26,stephen.morgan.13988@gmail.com,Miami,Florida,United States,North America,Organic Search
14014,Virginia Wright,Female,40,2025-09-12,virginia.wright.14014@gmail.com,Munich,Bavaria,Germany,Europe,Paid Search
14024,Jason Smith,Male,47,2021-10-11,jason.smith.14024@icloud.com,Houston,Texas,United States,North America,Organic Search
14072,Eleanor Ortiz,Female,18,2024-05-18,eleanor.ortiz.14072@gmail.com,Los Angeles,California,United States,North America,Direct
14131,Helen Rogers,Female,53,2023-08-22,helen.rogers.14131@gmail.com,New York,New York,United States,North America,Email
14233,Diane Sharma,Female,24,2025-02-24,diane.sharma.14233@gmail.com,Mumbai,Maharashtra,India,Asia-Pacific,Paid Search
14302,Evelyn Scott,Female,35,2025-01-07,evelyn.scott.14302@gmail.com,São Paulo,São Paulo,Brazil,Latin America,Organic Search
14344,Justin Kumar,Male,30,2024-04-19,justin.kumar.14344@yahoo.com,Chicago,Illinois,United States,North America,Paid Search
14347,Kyle Smith,Male,54,2022-10-27,kyle.smith.14347@icloud.com,Los Angeles,California,United States,North America,Social Media
14348,Jessica King,Female,35,2021-12-10,jessica.king.14348@gmail.com,Los Angeles,California,United States,North America,Social Media
14364,Zoe Cook,Female,31,2021-12-11,zoe.cook.14364@gmail.com,Miami,Florida,United States,North America,Social Media
14400,Madison Patel,Female,18,2022-09-11,madison.patel.14400@gmail.com,Miami,Florida,United States,North America,Paid Search
14432,Katherine Howard,Female,37,2025-07-03,katherine.howard.14432@gmail.com,Mexico City,CDMX,Mexico,Latin America,Social Media
14438,Abigail Harris,Female,42,2024-06-04,abigail.harris.14438@gmail.com,Frankfurt,Hesse,Germany,Europe,Organic Search
14439,Richard Robinson,Male,26,2025-04-30,richard.robinson.14439@yahoo.com,Mumbai,Maharashtra,India,Asia-Pacific,Email
14472,Kabir Garcia,Male,31,2023-04-02,kabir.garcia.14472@yahoo.com,Lyon,Auvergne-Rhône-Alpes,France,Europe,Organic Search
14489,Alan Ramirez,Male,30,2022-10-12,alan.ramirez.14489@gmail.com,New York,New York,United States,North America,Paid Search
14534,Andrew Anderson,Male,20,2024-05-01,andrew.anderson.14534@outlook.com,Vancouver,British Columbia,Canada,North America,Paid Search
14546,Emily Mendoza,Female,35,2023-10-30,emily.mendoza.14546@gmail.com,Chicago,Illinois,United States,North America,Organic Search
14564,Samantha Hill,Female,34,2023-11-07,samantha.hill.14564@gmail.com,São Paulo,São Paulo,Brazil,Latin America,Referral
14566,Lily Brown,Female,46,2023-02-13,lily.brown.14566@outlook.com,Los Angeles,California,United States,North America,Direct
14577,Nora Anderson,Female,47,2022-12-05,nora.anderson.14577@gmail.com,Philadelphia,Pennsylvania,United States,North America,Organic Search
14583,Kevin Verma,Male,18,2024-06-30,kevin.verma.14583@gmail.com,Phoenix,Arizona,United States,North America,Paid Search
14596,Frances Morales,Female,28,2025-04-20,frances.morales.14596@yahoo.com,Chicago,Illinois,United States,North America,Organic Search
14648,Rachel Scott,Female,42,2023-03-01,rachel.scott.14648@gmail.com,Seattle,Washington,United States,North America,Organic Search
14682,Christina Verma,Female,32,2022-05-26,christina.verma.14682@gmail.com,Philadelphia,Pennsylvania,United States,North America,Social Media
14721,Olivia Green,Female,45,2024-12-15,olivia.green.14721@gmail.com,Los Angeles,California,United States,North America,Paid Search
14725,Leo Meyer,Male,19,2023-07-27,leo.meyer.14725@yahoo.com,New York,New York,United States,North America,Direct
14756,Donna Castillo,Female,18,2025-09-22,donna.castillo.14756@protonmail.com,Berlin,Berlin,Germany,Europe,Paid Search
14760,Samuel Cox,Male,57,2023-07-29,samuel.cox.14760@gmail.com,Sydney,New South Wales,Australia,Asia-Pacific,Direct
14767,Nicholas Baker,Male,43,2024-02-13,nicholas.baker.14767@outlook.com,Paris,Île-de-France,France,Europe,Paid Search
14775,Helen Howard,Female,29,2023-04-23,helen.howard.14775@icloud.com,Miami,Florida,United States,North America,Social Media
14787,Ann Anderson,Female,18,2025-08-10,ann.anderson.14787@gmail.com,Houston,Texas,United States,North America,Social Media
14829,Arjun Torres,Male,33,2023-03-28,arjun.torres.14829@gmail.com,New York,New York,United States,North America,Paid Search
14864,Keith Scott,Male,27,2025-02-25,keith.scott.14864@yahoo.com,Miami,Florida,United States,North America,Affiliate
14894,Debra Lee,Female,35,2024-01-11,debra.lee.14894@gmail.com,New York,New York,United States,North America,Organic Search
14944,Jeffrey Meyer,Male,47,2025-07-05,jeffrey.meyer.14944@gmail.com,Vancouver,British Columbia,Canada,North America,Referral
14965,Donna Howard,Female,34,2025-07-01,donna.howard.14965@gmail.com,Houston,Texas,United States,North America,Social Media
15006,Gregory Morris,Male,34,2025-02-07,gregory.morris.15006@yahoo.com,Dallas,Texas,United States,North America,Paid Search
15030,Emily Ramirez,Female,59,2021-07-18,emily.ramirez.15030@outlook.com,Houston,Texas,United States,North America,Paid Search
15037,Gloria Ward,Female,46,2025-08-12,gloria.ward.15037@gmail.com,Birmingham,West Midlands,United Kingdom,Europe,Organic Search
15041,Paul Mitchell,Male,40,2024-01-21,paul.mitchell.15041@outlook.com,Delhi,Delhi,India,Asia-Pacific,Organic Search
15064,Andrew King,Male,36,2023-05-16,andrew.king.15064@gmail.com,Paris,Île-de-France,France,Europe,Paid Search
15082,Aanya Dubois,Female,36,2025-02-20,aanya.dubois.15082@yahoo.com,Paris,Île-de-France,France,Europe,Organic Search
15091,Walter Gomez,Male,21,2023-10-19,walter.gomez.15091@gmail.com,Houston,Texas,United States,North America,Social Media
15099,Donna Evans,Female,40,2023-04-04,donna.evans.15099@gmail.com,Los Angeles,California,United States,North America,Organic Search
15110,Ann Nguyen,Female,18,2023-07-14,ann.nguyen.15110@outlook.com,Frankfurt,Hesse,Germany,Europe,Organic Search
15128,Gerald Ramos,Male,27,2023-07-26,gerald.ramos.15128@gmail.com,Munich,Bavaria,Germany,Europe,Organic Search
15131,Carol Williams,Female,38,2022-11-18,carol.williams.15131@gmail.com,Frankfurt,Hesse,Germany,Europe,Email
15155,Rachel Sanchez,Female,41,2022-11-02,rachel.sanchez.15155@gmail.com,Chicago,Illinois,United States,North America,Organic Search
15210,Sara Sanchez,Female,63,2024-07-10,sara.sanchez.15210@gmail.com,Philadelphia,Pennsylvania,United States,North America,Paid Search
15240,Ralph Moore,Male,42,2024-10-21,ralph.moore.15240@gmail.com,Chicago,Illinois,United States,North America,Referral
15258,Douglas Edwards,Male,43,2023-06-25,douglas.edwards.15258@gmail.com,Philadelphia,Pennsylvania,United States,North America,Organic Search
15266,Kevin Becker,Male,37,2021-10-31,kevin.becker.15266@gmail.com,Bengaluru,Karnataka,India,Asia-Pacific,Social Media
15283,Chloe Allen,Female,56,2025-05-22,chloe.allen.15283@icloud.com,Atlanta,Georgia,United States,North America,Organic Search
15286,Timothy Dubois,Male,31,2024-08-21,timothy.dubois.15286@gmail.com,Los Angeles,California,United States,North America,Direct
15320,Hudson Kumar,Male,41,2022-08-29,hudson.kumar.15320@protonmail.com,Philadelphia,Pennsylvania,United States,North America,Organic Search
15355,Walter Scott,Male,31,2022-10-18,walter.scott.15355@icloud.com,Toronto,Ontario,Canada,North America,Paid Search
15365,Lily White,Female,28,2023-12-29,lily.white.15365@gmail.com,Toronto,Ontario,Canada,North America,Organic Search
15393,Stella Fischer,Female,36,2022-06-12,stella.fischer.15393@yahoo.com,Philadelphia,Pennsylvania,United States,North America,Social Media
15398,Bradley Hughes,Male,22,2025-01-29,bradley.hughes.15398@outlook.com,New York,New York,United States,North America,Organic Search
15405,Amy Ramos,Female,40,2022-07-08,amy.ramos.15405@icloud.com,Dallas,Texas,United States,North America,Social Media
15416,Robert Kelly,Male,34,2024-08-02,robert.kelly.15416@gmail.com,New York,New York,United States,North America,Organic Search
15418,Angela Bailey,Female,31,2025-07-02,angela.bailey.15418@gmail.com,Los Angeles,California,United States,North America,Affiliate
15483,Gloria Edwards,Female,35,2023-11-12,gloria.edwards.15483@outlook.com,London,Greater London,United Kingdom,Europe,Affiliate
15487,Patrick Gomez,Male,24,2025-10-30,patrick.gomez.15487@icloud.com,Paris,Île-de-France,France,Europe,Social Media
15502,Hannah Robinson,Female,30,2024-05-30,hannah.robinson.15502@yahoo.com,Los Angeles,California,United States,North America,Email
15521,Michael Phillips,Male,35,2022-07-27,michael.phillips.15521@outlook.com,Mumbai,Maharashtra,India,Asia-Pacific,Organic Search
15532,Evelyn Johnson,Female,47,2021-12-14,evelyn.johnson.15532@outlook.com,London,Greater London,United Kingdom,Europe,Organic Search
15546,Randy Brown,Male,18,2024-12-09,randy.brown.15546@gmail.com,Delhi,Delhi,India,Asia-Pacific,Affiliate
15571,Jason Hill,Male,38,2024-08-26,jason.hill.15571@gmail.com,New York,New York,United States,North America,Paid Search
15595,Kelly Scott,Female,46,2025-01-10,kelly.scott.15595@gmail.com,São Paulo,São Paulo,Brazil,Latin America,Organic Search
15598,Jesse Lewis,Male,33,2025-02-01,jesse.lewis.15598@icloud.com,Atlanta,Georgia,United States,North America,Email
15607,Vivaan Green,Male,28,2024-07-12,vivaan.green.15607@gmail.com,Mexico City,CDMX,Mexico,Latin America,Paid Search
15614,Jerry Hughes,Male,48,2022-05-01,jerry.hughes.15614@yahoo.com,Philadelphia,Pennsylvania,United States,North America,Paid Search
15642,Charles Collins,Male,25,2025-05-19,charles.collins.15642@gmail.com,Chicago,Illinois,United States,North America,Direct
15681,Amanda Allen,Female,26,2024-07-23,amanda.allen.15681@yahoo.com,New York,New York,United States,North America,Referral
15685,Albert Perez,Male,24,2025-09-22,albert.perez.15685@yahoo.com,Dallas,Texas,United States,North America,Email
15697,Megan Hernandez,Non-Binary,20,2023-09-04,megan.hernandez.15697@gmail.com,Dallas,Texas,United States,North America,Social Media
15712,Christian Chavez,Male,35,2024-07-17,christian.chavez.15712@gmail.com,Delhi,Delhi,India,Asia-Pacific,Organic Search
15739,Logan Parker,Male,18,2022-08-02,logan.parker.15739@gmail.com,Houston,Texas,United States,North America,Social Media
15744,Kimberly Edwards,Female,37,2021-08-23,kimberly.edwards.15744@gmail.com,Berlin,Berlin,Germany,Europe,Paid Search
15757,John Cooper,Male,30,2025-07-23,john.cooper.15757@gmail.com,Los Angeles,California,United States,North America,Paid Search
15800,Carolyn Rao,Female,30,2024-02-22,carolyn.rao.15800@yahoo.com,Vancouver,British Columbia,Canada,North America,Social Media
15817,Sara Kumar,Female,18,2023-03-15,sara.kumar.15817@outlook.com,London,Greater London,United Kingdom,Europe,Paid Search
15865,Aria Thomas,Female,37,2024-09-17,aria.thomas.15865@gmail.com,Seattle,Washington,United States,North America,Organic Search
15890,Ronald Chavez,Male,39,2024-06-20,ronald.chavez.15890@gmail.com,Phoenix,Arizona,United States,North America,Direct
15910,David Stewart,Male,27,2022-11-19,david.stewart.15910@yahoo.com,Mexico City,CDMX,Mexico,Latin America,Organic Search
15926,Zoe Rodriguez,Female,47,2022-08-11,zoe.rodriguez.15926@gmail.com,New York,New York,United States,North America,Social Media
15928,Victoria Peterson,Female,30,2022-03-04,victoria.peterson.15928@outlook.com,Mexico City,CDMX,Mexico,Latin America,Social Media
15938,Addison Schneider,Female,19,2024-12-14,addison.schneider.15938@gmail.com,Los Angeles,California,United States,North America,Direct
15999,Judith Patel,Female,43,2025-05-02,judith.patel.15999@gmail.com,Chicago,Illinois,United States,North America,Referral
16048,Paul Turner,Male,39,2025-09-27,paul.turner.16048@gmail.com,Vancouver,British Columbia,Canada,North America,Direct
16054,Jessica Martin,Female,43,2023-10-30,jessica.martin.16054@outlook.com,Mexico City,CDMX,Mexico,Latin America,Paid Search
16088,Brian Ward,Male,45,2024-12-18,brian.ward.16088@gmail.com,Berlin,Berlin,Germany,Europe,Paid Search
16090,Douglas Scott,Male,53,2023-05-11,douglas.scott.16090@icloud.com,Delhi,Delhi,India,Asia-Pacific,Referral
16150,Rohan Carter,Male,43,2024-11-15,rohan.carter.16150@gmail.com,Mexico City,CDMX,Mexico,Latin America,Social Media
16188,Carolyn Sanders,Female,44,2024-12-18,carolyn.sanders.16188@outlook.com,Mumbai,Maharashtra,India,Asia-Pacific,Paid Search
16230,Dorothy Sanchez,Female,40,2025-02-27,dorothy.sanchez.16230@outlook.com,Houston,Texas,United States,North America,Social Media
16233,Nicholas Howard,Male,19,2024-11-20,nicholas.howard.16233@yahoo.com,New York,New York,United States,North America,Paid Search
16316,Charles Green,Non-Binary,44,2022-03-11,charles.green.16316@outlook.com,Los Angeles,California,United States,North America,Organic Search
16348,Riley Sanders,Female,38,2021-11-12,riley.sanders.16348@protonmail.com,London,Greater London,United Kingdom,Europe,Social Media
16411,Joe Williams,Male,39,2023-01-20,joe.williams.16411@gmail.com,Los Angeles,California,United States,North America,Referral
16447,Jesse Moreau,Male,39,2025-08-30,jesse.moreau.16447@icloud.com,Berlin,Berlin,Germany,Europe,Social Media
16492,Adam Rogers,Male,20,2022-04-05,adam.rogers.16492@gmail.com,Birmingham,West Midlands,United Kingdom,Europe,Email
16496,Ralph Moreau,Male,56,2024-10-29,ralph.moreau.16496@gmail.com,Seattle,Washington,United States,North America,Organic Search
16554,Judith Singh,Female,44,2023-09-28,judith.singh.16554@gmail.com,New York,New York,United States,North America,Paid Search
16561,Joyce Green,Female,45,2025-10-27,joyce.green.16561@outlook.com,Berlin,Berlin,Germany,Europe,Social Media
16566,Shirley Nelson,Female,39,2021-10-15,shirley.nelson.16566@gmail.com,London,Greater London,United Kingdom,Europe,Organic Search
16586,Joseph Cruz,Male,18,2023-08-07,joseph.cruz.16586@yahoo.com,Phoenix,Arizona,United States,North America,Organic Search
16592,Nora Scott,Female,33,2024-11-17,nora.scott.16592@gmail.com,London,Greater London,United Kingdom,Europe,Organic Search
16593,Roy Gonzalez,Male,46,2025-09-04,roy.gonzalez.16593@yahoo.com,New York,New York,United States,North America,Paid Search
16594,Ronald Allen,Male,61,2024-07-16,ronald.allen.16594@gmail.com,Berlin,Berlin,Germany,Europe,Email
16601,Christian Martin,Male,53,2025-08-21,christian.martin.16601@yahoo.com,Munich,Bavaria,Germany,Europe,Email
16628,Megan Phillips,Female,50,2022-08-28,megan.phillips.16628@yahoo.com,Frankfurt,Hesse,Germany,Europe,Paid Search
16629,Jose Ortiz,Male,23,2023-10-12,jose.ortiz.16629@gmail.com,Bengaluru,Karnataka,India,Asia-Pacific,Organic Search
16642,Elijah Nguyen,Male,36,2023-08-04,elijah.nguyen.16642@outlook.com,Delhi,Delhi,India,Asia-Pacific,Paid Search
16654,Jennifer Diaz,Female,46,2025-07-12,jennifer.diaz.16654@outlook.com,São Paulo,São Paulo,Brazil,Latin America,Affiliate
16658,Kyle Flores,Male,55,2025-01-06,kyle.flores.16658@outlook.com,Miami,Florida,United States,North America,Social Media
16659,Zoey Martinez,Female,46,2025-04-08,zoey.martinez.16659@gmail.com,Houston,Texas,United States,North America,Paid Search
16684,Cheryl Thomas,Female,21,2022-10-21,cheryl.thomas.16684@yahoo.com,New York,New York,United States,North America,Paid Search
16687,Christine Mendoza,Female,44,2022-01-04,christine.mendoza.16687@gmail.com,Chicago,Illinois,United States,North America,Affiliate
16696,Oliver Cooper,Male,35,2023-10-24,oliver.cooper.16696@gmail.com,London,Greater London,United Kingdom,Europe,Direct
16699,Deborah Wilson,Female,53,2025-09-19,deborah.wilson.16699@gmail.com,Bengaluru,Karnataka,India,Asia-Pacific,Email
16704,Aria Carter,Female,20,2025-07-29,aria.carter.16704@gmail.com,Mumbai,Maharashtra,India,Asia-Pacific,Paid Search
16740,Natalie Becker,Female,42,2022-01-25,natalie.becker.16740@gmail.com,Frankfurt,Hesse,Germany,Europe,Organic Search
16821,Logan Collins,Male,36,2024-05-13,logan.collins.16821@gmail.com,London,Greater London,United Kingdom,Europe,Social Media
16829,Ellie Turner,Female,53,2025-02-05,ellie.turner.16829@yahoo.com,London,Greater London,United Kingdom,Europe,Paid Search
16830,Kimberly Sharma,Female,43,2022-05-30,kimberly.sharma.16830@protonmail.com,Melbourne,Victoria,Australia,Asia-Pacific,Direct
16835,Victoria Gupta,Female,42,2025-10-30,victoria.gupta.16835@yahoo.com,Vancouver,British Columbia,Canada,North America,Social Media
16839,Logan Lee,Male,37,2024-06-15,logan.lee.16839@outlook.com,Miami,Florida,United States,North America,Paid Search
16872,Joan Ortiz,Female,38,2024-04-19,joan.ortiz.16872@corporate.org,Vancouver,British Columbia,Canada,North America,Social Media
16886,Henry Mitchell,Male,36,2025-04-20,henry.mitchell.16886@yahoo.com,Los Angeles,California,United States,North America,Referral
16924,Julia Rao,Female,18,2022-08-27,julia.rao.16924@gmail.com,Chicago,Illinois,United States,North America,Organic Search
16937,Amanda Turner,Female,30,2023-10-18,amanda.turner.16937@icloud.com,Seattle,Washington,United States,North America,Social Media
16965,Pamela Scott,Female,45,2023-03-03,pamela.scott.16965@gmail.com,Chicago,Illinois,United States,North America,Organic Search
16968,Stephen Rogers,Male,42,2021-12-17,stephen.rogers.16968@gmail.com,London,Greater London,United Kingdom,Europe,Email
16986,Aanya Ward,Female,39,2023-09-17,aanya.ward.16986@outlook.com,São Paulo,São Paulo,Brazil,Latin America,Social Media
17008,Adam Rao,Male,36,2022-11-09,adam.rao.17008@outlook.com,New York,New York,United States,North America,Organic Search
17026,Oliver Reyes,Male,18,2023-11-12,oliver.reyes.17026@gmail.com,Dallas,Texas,United States,North America,Social Media
17086,Ronald Cooper,Male,30,2022-09-16,ronald.cooper.17086@gmail.com,Houston,Texas,United States,North America,Paid Search
17134,John Fischer,Male,33,2025-09-30,john.fischer.17134@protonmail.com,New York,New York,United States,North America,Paid Search
17147,Kimberly Rodriguez,Female,36,2025-01-04,kimberly.rodriguez.17147@yahoo.com,Berlin,Berlin,Germany,Europe,Social Media
17153,Diane Thomas,Female,18,2023-12-06,diane.thomas.17153@gmail.com,Berlin,Berlin,Germany,Europe,Referral
17159,Riya Hill,Female,35,2025-01-16,riya.hill.17159@outlook.com,São Paulo,São Paulo,Brazil,Latin America,Organic Search
17163,Douglas Price,Male,38,2023-10-30,douglas.price.17163@gmail.com,São Paulo,São Paulo,Brazil,Latin America,Paid Search
17189,Ethan Scott,Male,18,2023-04-12,ethan.scott.17189@gmail.com,Houston,Texas,United States,North America,Paid Search
17217,Gabriel Hall,Male,36,2025-05-15,gabriel.hall.17217@gmail.com,São Paulo,São Paulo,Brazil,Latin America,Affiliate
17248,Daniel Phillips,Male,28,2025-07-25,daniel.phillips.17248@outlook.com,Houston,Texas,United States,North America,Organic Search
17261,Zoe Gonzalez,Female,43,2022-11-29,zoe.gonzalez.17261@yahoo.com,Toronto,Ontario,Canada,North America,Email
17265,Deborah Gomez,Female,21,2023-06-03,deborah.gomez.17265@yahoo.com,Berlin,Berlin,Germany,Europe,Paid Search
17268,Mark Gomez,Male,42,2024-11-22,mark.gomez.17268@icloud.com,Manchester,Greater Manchester,United Kingdom,Europe,Organic Search
17275,Ryan Cook,Male,18,2024-07-28,ryan.cook.17275@yahoo.com,Birmingham,West Midlands,United Kingdom,Europe,Organic Search
17280,Reyansh Howard,Male,43,2025-06-14,reyansh.howard.17280@outlook.com,Los Angeles,California,United States,North America,Social Media
17327,Rachel Harris,Female,27,2025-07-26,rachel.harris.17327@gmail.com,Paris,Île-de-France,France,Europe,Social Media
17376,Samantha Walker,Female,22,2024-10-05,samantha.walker.17376@gmail.com,Bengaluru,Karnataka,India,Asia-Pacific,Organic Search
17398,Janice Moreau,Female,22,2022-12-02,janice.moreau.17398@gmail.com,New York,New York,United States,North America,Social Media
17437,Janet White,Female,45,2024-03-11,janet.white.17437@protonmail.com,Bengaluru,Karnataka,India,Asia-Pacific,Email
17478,Joan Howard,Female,35,2024-03-16,joan.howard.17478@yahoo.com,Dallas,Texas,United States,North America,Social Media
17512,Carl Moreau,Male,29,2025-02-11,carl.moreau.17512@yahoo.com,Los Angeles,California,United States,North America,Email
17551,Ryan Ward,Male,31,2022-08-20,ryan.ward.17551@yahoo.com,New York,New York,United States,North America,Social Media
17572,Edward Weber,Male,35,2025-05-30,edward.weber.17572@icloud.com,Bengaluru,Karnataka,India,Asia-Pacific,Organic Search
17648,Nathan Weber,Male,24,2024-04-16,nathan.weber.17648@gmail.com,Munich,Bavaria,Germany,Europe,Organic Search
17673,George Torres,Male,39,2025-05-29,george.torres.17673@gmail.com,Los Angeles,California,United States,North America,Organic Search
17758,Ananya Cruz,Female,39,2023-06-19,ananya.cruz.17758@gmail.com,London,Greater London,United Kingdom,Europe,Direct
17796,Lisa Wood,Female,36,2021-12-03,lisa.wood.17796@gmail.com,Paris,Île-de-France,France,Europe,Email
17821,Ashley Adams,Female,35,2023-07-01,ashley.adams.17821@gmail.com,London,Greater London,United Kingdom,Europe,Organic Search
17826,Amy Cooper,Female,36,2022-08-17,amy.cooper.17826@gmail.com,Delhi,Delhi,India,Asia-Pacific,Social Media
17907,Zoey Chavez,Female,50,2024-04-06,zoey.chavez.17907@outlook.com,Los Angeles,California,United States,North America,Email
17912,Martha Rivera,Female,39,2024-07-12,martha.rivera.17912@outlook.com,Los Angeles,California,United States,North America,Organic Search
17919,Andrea Sanchez,Female,34,2022-03-03,andrea.sanchez.17919@gmail.com,Houston,Texas,United States,North America,Email
17930,Rebecca Baker,Female,58,2022-09-01,rebecca.baker.17930@yahoo.com,São Paulo,São Paulo,Brazil,Latin America,Affiliate
18004,Asher Evans,Male,33,2023-03-29,asher.evans.18004@gmail.com,Los Angeles,California,United States,North America,Organic Search
18032,Logan Roberts,Non-Binary,23,2024-04-04,logan.roberts.18032@gmail.com,New York,New York,United States,North America,Paid Search
18065,Michelle Moreau,Female,22,2025-03-11,michelle.moreau.18065@gmail.com,Phoenix,Arizona,United States,North America,Social Media
18072,Julia Adams,Female,54,2025-01-06,julia.adams.18072@outlook.com,Chicago,Illinois,United States,North America,Email
18123,Amy Gutierrez,Female,28,2025-06-25,amy.gutierrez.18123@gmail.com,Philadelphia,Pennsylvania,United States,North America,Organic Search
18129,Cynthia Wood,Non-Binary,25,2025-08-20,cynthia.wood.18129@icloud.com,New York,New York,United States,North America,Social Media
18132,Brandon Parker,Male,34,2024-12-27,brandon.parker.18132@yahoo.com,Phoenix,Arizona,United States,North America,Organic Search
18146,Theo Castillo,Male,24,2022-10-12,theo.castillo.18146@gmail.com,Munich,Bavaria,Germany,Europe,Social Media
18151,Linda Harris,Female,35,2024-07-14,linda.harris.18151@outlook.com,Chicago,Illinois,United States,North America,Organic Search
18165,Randy Cox,Male,31,2022-07-17,randy.cox.18165@yahoo.com,Melbourne,Victoria,Australia,Asia-Pacific,Paid Search
18166,Arthur Gupta,Male,58,2023-02-20,arthur.gupta.18166@outlook.com,Mumbai,Maharashtra,India,Asia-Pacific,Social Media
18174,Diya Martinez,Female,33,2022-12-22,diya.martinez.18174@gmail.com,Bengaluru,Karnataka,India,Asia-Pacific,Social Media
18188,Aanya Lewis,Female,38,2023-02-18,aanya.lewis.18188@gmail.com,Atlanta,Georgia,United States,North America,Organic Search
18198,Jack Wright,Male,34,2024-10-10,jack.wright.18198@gmail.com,Chicago,Illinois,United States,North America,Social Media
18210,Joseph Wood,Male,26,2025-10-11,joseph.wood.18210@outlook.com,Atlanta,Georgia,United States,North America,Social Media
18212,Patricia Stewart,Female,49,2023-08-17,patricia.stewart.18212@gmail.com,Los Angeles,California,United States,North America,Social Media
18219,James Murphy,Male,42,2023-10-09,james.murphy.18219@gmail.com,Delhi,Delhi,India,Asia-Pacific,Social Media
18228,Gregory Murphy,Male,32,2025-06-29,gregory.murphy.18228@gmail.com,New York,New York,United States,North America,Direct
18249,Sharon Ward,Female,31,2025-05-22,sharon.ward.18249@yahoo.com,Philadelphia,Pennsylvania,United States,North America,Affiliate
18271,Jeffrey Hall,Male,23,2022-08-02,jeffrey.hall.18271@yahoo.com,Los Angeles,California,United States,North America,Social Media
18352,Stephanie White,Female,30,2025-06-04,stephanie.white.18352@gmail.com,Chicago,Illinois,United States,North America,Paid Search
18379,Madison Brooks,Female,46,2024-02-13,madison.brooks.18379@outlook.com,New York,New York,United States,North America,Email
18382,Noah Kelly,Male,54,2022-07-26,noah.kelly.18382@outlook.com,London,Greater London,United Kingdom,Europe,Social Media
18418,Nora Young,Female,42,2024-01-10,nora.young.18418@yahoo.com,Seattle,Washington,United States,North America,Organic Search
18423,Sharon Patel,Female,41,2025-01-12,sharon.patel.18423@yahoo.com,Berlin,Berlin,Germany,Europe,Email
18425,Laura Roberts,Female,40,2024-12-20,laura.roberts.18425@gmail.com,New York,New York,United States,North America,Organic Search
18471,Louis Torres,Male,46,2024-09-02,louis.torres.18471@gmail.com,Philadelphia,Pennsylvania,United States,North America,Referral
18496,Janet Ortiz,Female,43,2023-10-16,janet.ortiz.18496@outlook.com,Houston,Texas,United States,North America,Paid Search
18510,Myra Brown,Female,18,2022-08-01,myra.brown.18510@gmail.com,Munich,Bavaria,Germany,Europe,Paid Search
18518,Maria Williams,Female,40,2025-08-14,maria.williams.18518@gmail.com,Miami,Florida,United States,North America,Organic Search
18556,Isha Nelson,Female,33,2022-11-20,isha.nelson.18556@icloud.com,Mumbai,Maharashtra,India,Asia-Pacific,Affiliate
18563,Wayne Kelly,Male,41,2025-03-22,wayne.kelly.18563@gmail.com,Houston,Texas,United States,North America,Organic Search
18564,Christian Scott,Male,52,2025-03-06,christian.scott.18564@gmail.com,Lyon,Auvergne-Rhône-Alpes,France,Europe,Social Media
18581,Jacob Thomas,Male,39,2023-11-27,jacob.thomas.18581@gmail.com,Phoenix,Arizona,United States,North America,Social Media
18595,Henry Becker,Male,44,2024-03-03,henry.becker.18595@outlook.com,Philadelphia,Pennsylvania,United States,North America,Affiliate
18596,Harold Meyer,Male,29,2024-05-26,harold.meyer.18596@icloud.com,Philadelphia,Pennsylvania,United States,North America,Organic Search
18613,Brandon Thompson,Male,37,2021-07-30,brandon.thompson.18613@gmail.com,New York,New York,United States,North America,Paid Search
18616,Gary Cook,Male,41,2024-01-16,gary.cook.18616@gmail.com,New York,New York,United States,North America,Affiliate
18626,Rohan Green,Male,30,2024-12-17,rohan.green.18626@outlook.com,Phoenix,Arizona,United States,North America,Paid Search
18628,David Rodriguez,Male,35,2022-05-31,david.rodriguez.18628@yahoo.com,London,Greater London,United Kingdom,Europe,Social Media
18629,Eugene Kelly,Male,37,2023-03-04,eugene.kelly.18629@outlook.com,Atlanta,Georgia,United States,North America,Paid Search
18632,Penelope Rogers,Female,39,2024-09-25,penelope.rogers.18632@protonmail.com,New York,New York,United States,North America,Paid Search
18654,Ryan King,Male,45,2024-12-04,ryan.king.18654@outlook.com,Philadelphia,Pennsylvania,United States,North America,Paid Search
18662,Richard Becker,Male,30,2025-10-13,richard.becker.18662@outlook.com,Dallas,Texas,United States,North America,Email
18689,Natalie Lopez,Female,54,2024-10-29,natalie.lopez.18689@outlook.com,Berlin,Berlin,Germany,Europe,Social Media
18703,Lily Lewis,Female,39,2023-11-17,lily.lewis.18703@outlook.com,Los Angeles,California,United States,North America,Paid Search
18713,Sai James,Male,36,2023-04-30,sai.james.18713@gmail.com,Berlin,Berlin,Germany,Europe,Organic Search
18730,Julia Schneider,Female,38,2023-07-09,julia.schneider.18730@gmail.com,New York,New York,United States,North America,Social Media
18740,Aaron Turner,Male,47,2025-09-13,aaron.turner.18740@yahoo.com,Delhi,Delhi,India,Asia-Pacific,Social Media
18758,Justin Evans,Male,40,2021-11-21,justin.evans.18758@corporate.org,Houston,Texas,United States,North America,Organic Search
18781,Betty Reed,Female,18,2024-07-19,betty.reed.18781@yahoo.com,Houston,Texas,United States,North America,Social Media
18782,Myra Moreau,Female,38,2024-08-12,myra.moreau.18782@gmail.com,Houston,Texas,United States,North America,Paid Search
18824,Laura Rodriguez,Female,48,2023-10-05,laura.rodriguez.18824@gmail.com,Toronto,Ontario,Canada,North America,Social Media
18827,Virginia Hall,Female,27,2023-01-14,virginia.hall.18827@outlook.com,London,Greater London,United Kingdom,Europe,Organic Search
18866,Austin Peterson,Male,34,2023-11-20,austin.peterson.18866@protonmail.com,Houston,Texas,United States,North America,Affiliate
18869,Douglas Stewart,Male,25,2023-12-09,douglas.stewart.18869@gmail.com,Melbourne,Victoria,Australia,Asia-Pacific,Email
18880,Nicole Evans,Female,34,2024-09-10,nicole.evans.18880@yahoo.com,Sydney,New South Wales,Australia,Asia-Pacific,Organic Search
18891,Roy Gomez,Male,46,2025-04-23,roy.gomez.18891@gmail.com,New York,New York,United States,North America,Email
18951,Anna Schneider,Female,48,2024-12-30,anna.schneider.18951@gmail.com,Manchester,Greater Manchester,United Kingdom,Europe,Organic Search
18956,Karen Howard,Female,39,2025-05-21,karen.howard.18956@yahoo.com,Manchester,Greater Manchester,United Kingdom,Europe,Direct
18976,Robert Miller,Male,48,2022-11-03,robert.miller.18976@gmail.com,Houston,Texas,United States,North America,Social Media
19004,Kevin Thompson,Male,51,2025-10-25,kevin.thompson.19004@gmail.com,London,Greater London,United Kingdom,Europe,Referral
19007,Gloria Wilson,Female,38,2024-04-04,gloria.wilson.19007@gmail.com,London,Greater London,United Kingdom,Europe,Social Media
19009,Jeremy Phillips,Male,22,2023-01-17,jeremy.phillips.19009@gmail.com,Los Angeles,California,United States,North America,Referral
19029,Eric Mitchell,Male,50,2021-06-30,eric.mitchell.19029@gmail.com,Seattle,Washington,United States,North America,Social Media
19043,Rachel Cooper,Female,48,2024-12-28,rachel.cooper.19043@yahoo.com,Toronto,Ontario,Canada,North America,Social Media
19067,Teresa Williams,Female,18,2025-04-04,teresa.williams.19067@outlook.com,Chicago,Illinois,United States,North America,Paid Search
19129,Robert Martin,Male,50,2024-01-31,robert.martin.19129@gmail.com,Phoenix,Arizona,United States,North America,Social Media
19142,Lily Thomas,Female,30,2024-01-09,lily.thomas.19142@yahoo.com,Delhi,Delhi,India,Asia-Pacific,Paid Search
19150,Asher Anderson,Male,38,2023-01-30,asher.anderson.19150@gmail.com,New York,New York,United States,North America,Referral
19192,Sophia Ramos,Female,32,2023-04-14,sophia.ramos.19192@gmail.com,Miami,Florida,United States,North America,Paid Search
19204,Evelyn Singh,Female,27,2024-03-21,evelyn.singh.19204@icloud.com,Delhi,Delhi,India,Asia-Pacific,Organic Search
19230,Eugene Sanders,Male,42,2025-04-13,eugene.sanders.19230@outlook.com,Melbourne,Victoria,Australia,Asia-Pacific,Email
19237,Nicole Singh,Female,52,2024-06-26,nicole.singh.19237@gmail.com,Phoenix,Arizona,United States,North America,Paid Search
19277,James Rogers,Male,29,2024-07-21,james.rogers.19277@gmail.com,Atlanta,Georgia,United States,North America,Social Media
19289,Aditya Hughes,Male,54,2022-01-14,aditya.hughes.19289@outlook.com,Los Angeles,California,United States,North America,Paid Search
19315,Aaron Kim,Male,44,2025-04-21,aaron.kim.19315@gmail.com,Miami,Florida,United States,North America,Paid Search
19322,Kevin Becker,Male,36,2022-04-02,kevin.becker.19322@outlook.com,Los Angeles,California,United States,North America,Social Media
19333,Andrea Davis,Female,29,2022-09-16,andrea.davis.19333@yahoo.com,Berlin,Berlin,Germany,Europe,Organic Search
19346,Vihaan James,Male,24,2024-03-21,vihaan.james.19346@gmail.com,Los Angeles,California,United States,North America,Social Media
19387,Sara Murphy,Female,60,2024-12-19,sara.murphy.19387@gmail.com,Toronto,Ontario,Canada,North America,Social Media
19405,Carol Davies,Female,45,2025-06-26,carol.davies.19405@gmail.com,New York,New York,United States,North America,Affiliate
19432,Isha Kim,Female,46,2025-05-26,isha.kim.19432@gmail.com,New York,New York,United States,North America,Social Media
19528,Riya Cooper,Female,29,2022-04-14,riya.cooper.19528@outlook.com,London,Greater London,United Kingdom,Europe,Paid Search
19534,Jean Bennett,Female,51,2023-12-16,jean.bennett.19534@yahoo.com,Phoenix,Arizona,United States,North America,Paid Search
19537,Myra Edwards,Female,29,2022-05-31,myra.edwards.19537@outlook.com,Birmingham,West Midlands,United Kingdom,Europe,Social Media
19543,Ashley Meyer,Female,24,2023-04-15,ashley.meyer.19543@outlook.com,Miami,Florida,United States,North America,Organic Search
19554,Thomas Wright,Male,25,2025-09-22,thomas.wright.19554@icloud.com,Toronto,Ontario,Canada,North America,Paid Search
19582,Logan Davis,Male,42,2025-01-05,logan.davis.19582@icloud.com,New York,New York,United States,North America,Paid Search
19612,Frances Schneider,Female,36,2022-10-10,frances.schneider.19612@gmail.com,New York,New York,United States,North America,Referral
19613,Debra Lopez,Female,34,2024-07-23,debra.lopez.19613@protonmail.com,Bengaluru,Karnataka,India,Asia-Pacific,Social Media
19639,Austin Brown,Male,31,2025-10-20,austin.brown.19639@gmail.com,Miami,Florida,United States,North America,Organic Search
19640,Frances Reed,Female,38,2025-07-31,frances.reed.19640@gmail.com,London,Greater London,United Kingdom,Europe,Email
19678,Cynthia Hall,Female,63,2022-02-01,cynthia.hall.19678@gmail.com,Los Angeles,California,United States,North America,Social Media
19732,Tyler Martin,Male,26,2025-09-26,tyler.martin.19732@gmail.com,Chicago,Illinois,United States,North America,Direct
19749,Eugene Davis,Male,38,2024-09-21,eugene.davis.19749@yahoo.com,Birmingham,West Midlands,United Kingdom,Europe,Email
19768,Stephen Castillo,Male,45,2025-03-15,stephen.castillo.19768@icloud.com,Los Angeles,California,United States,North America,Affiliate
19770,Vincent Torres,Male,38,2024-05-14,vincent.torres.19770@gmail.com,London,Greater London,United Kingdom,Europe,Social Media
19775,Patrick Diaz,Male,40,2022-03-16,patrick.diaz.19775@icloud.com,Mumbai,Maharashtra,India,Asia-Pacific,Organic Search
19789,Judith Wood,Female,33,2024-11-07,judith.wood.19789@gmail.com,Manchester,Greater Manchester,United Kingdom,Europe,Referral
19856,Robert Peterson,Male,51,2023-11-08,robert.peterson.19856@yahoo.com,Chicago,Illinois,United States,North America,Referral
19872,Riya Chavez,Female,40,2022-12-30,riya.chavez.19872@protonmail.com,Berlin,Berlin,Germany,Europe,Social Media
19878,Martha Collins,Female,33,2025-03-17,martha.collins.19878@gmail.com,Dallas,Texas,United States,North America,Social Media
19880,Debra Allen,Female,28,2022-06-04,debra.allen.19880@gmail.com,New York,New York,United States,North America,Social Media
19887,Kabir Gutierrez,Male,54,2024-01-30,kabir.gutierrez.19887@outlook.com,Chicago,Illinois,United States,North America,Paid Search
19892,Katherine Chavez,Female,22,2022-04-21,katherine.chavez.19892@icloud.com,Melbourne,Victoria,Australia,Asia-Pacific,Direct
19901,Edward Taylor,Male,46,2024-08-09,edward.taylor.19901@gmail.com,Los Angeles,California,United States,North America,Social Media
19919,Jacob Cox,Male,60,2024-10-22,jacob.cox.19919@outlook.com,Frankfurt,Hesse,Germany,Europe,Direct
19969,Isha Meyer,Female,40,2024-06-17,isha.meyer.19969@outlook.com,New York,New York,United States,North America,Paid Search
20003,Aarav Howard,Male,25,2024-05-29,aarav.howard.20003@gmail.com,São Paulo,São Paulo,Brazil,Latin America,Organic Search
20010,Jesse Rivera,Male,33,2024-06-30,jesse.rivera.20010@gmail.com,Delhi,Delhi,India,Asia-Pacific,Organic Search
20042,Billy Nelson,Male,18,2023-02-27,billy.nelson.20042@icloud.com,Mexico City,CDMX,Mexico,Latin America,Social Media
20045,Kyle Allen,Male,33,2022-06-15,kyle.allen.20045@corporate.org,Vancouver,British Columbia,Canada,North America,Social Media
20086,Michelle Cox,Female,35,2024-05-05,michelle.cox.20086@icloud.com,Sydney,New South Wales,Australia,Asia-Pacific,Paid Search
20113,Bryan Fischer,Male,43,2025-07-13,bryan.fischer.20113@gmail.com,Los Angeles,California,United States,North America,Direct
20165,Joyce Gupta,Female,34,2024-09-08,joyce.gupta.20165@gmail.com,Houston,Texas,United States,North America,Social Media
20187,Oliver Young,Male,39,2025-05-25,oliver.young.20187@gmail.com,Los Angeles,California,United States,North America,Referral
20268,Lillian Anderson,Female,22,2025-08-09,lillian.anderson.20268@gmail.com,Chicago,Illinois,United States,North America,Affiliate
20291,Carolyn Brooks,Female,25,2024-12-19,carolyn.brooks.20291@gmail.com,Manchester,Greater Manchester,United Kingdom,Europe,Email
20313,Amy Lewis,Female,48,2024-07-16,amy.lewis.20313@gmail.com,Seattle,Washington,United States,North America,Organic Search
20331,Zachary Cruz,Male,18,2022-08-20,zachary.cruz.20331@outlook.com,Sydney,New South Wales,Australia,Asia-Pacific,Social Media
20337,Janice Murphy,Female,35,2025-10-09,janice.murphy.20337@gmail.com,Bengaluru,Karnataka,India,Asia-Pacific,Paid Search
20362,Philip Nguyen,Male,26,2024-03-03,philip.nguyen.20362@icloud.com,Toronto,Ontario,Canada,North America,Social Media
20407,Michelle Gonzalez,Female,22,2024-08-24,michelle.gonzalez.20407@yahoo.com,Los Angeles,California,United States,North America,Paid Search
20408,Stephanie Jackson,Female,57,2025-05-07,stephanie.jackson.20408@gmail.com,New York,New York,United States,North America,Social Media
20419,Luca James,Male,22,2022-03-07,luca.james.20419@gmail.com,Los Angeles,California,United States,North America,Social Media
20445,Aaron Martinez,Male,25,2024-11-30,aaron.martinez.20445@gmail.com,Atlanta,Georgia,United States,North America,Organic Search
20470,Arjun Kelly,Male,42,2025-10-19,arjun.kelly.20470@gmail.com,London,Greater London,United Kingdom,Europe,Referral
20482,Jordan Carter,Male,44,2021-09-05,jordan.carter.20482@gmail.com,Munich,Bavaria,Germany,Europe,Organic Search
20487,Arthur Wilson,Non-Binary,42,2025-10-16,arthur.wilson.20487@gmail.com,Frankfurt,Hesse,Germany,Europe,Direct
20514,Frank Rodriguez,Male,41,2023-05-07,frank.rodriguez.20514@gmail.com,Houston,Texas,United States,North America,Paid Search
20531,Helen Martinez,Female,35,2025-03-08,helen.martinez.20531@yahoo.com,Birmingham,West Midlands,United Kingdom,Europe,Social Media
20535,Jose Nguyen,Male,46,2024-02-06,jose.nguyen.20535@gmail.com,Atlanta,Georgia,United States,North America,Social Media
20541,Joe Green,Male,42,2023-09-24,joe.green.20541@gmail.com,Los Angeles,California,United States,North America,Social Media
20549,Emma Bailey,Female,38,2025-05-06,emma.bailey.20549@gmail.com,New York,New York,United States,North America,Email
20554,Rachel Verma,Female,39,2024-07-27,rachel.verma.20554@protonmail.com,Manchester,Greater Manchester,United Kingdom,Europe,Email
20556,Gloria Baker,Female,33,2025-01-28,gloria.baker.20556@gmail.com,Birmingham,West Midlands,United Kingdom,Europe,Direct
20599,Julia Castillo,Female,43,2023-05-04,julia.castillo.20599@gmail.com,Manchester,Greater Manchester,United Kingdom,Europe,Paid Search
20632,Judith Jones,Female,38,2022-05-24,judith.jones.20632@icloud.com,Mumbai,Maharashtra,India,Asia-Pacific,Organic Search
20685,Thomas Diaz,Male,31,2023-07-19,thomas.diaz.20685@gmail.com,New York,New York,United States,North America,Paid Search
20738,Kabir Dubois,Male,45,2025-03-26,kabir.dubois.20738@gmail.com,Sydney,New South Wales,Australia,Asia-Pacific,Affiliate
20742,Kenneth Reyes,Non-Binary,49,2025-06-18,kenneth.reyes.20742@gmail.com,Mumbai,Maharashtra,India,Asia-Pacific,Paid Search
20788,Andrew Smith,Male,50,2024-12-28,andrew.smith.20788@gmail.com,Chicago,Illinois,United States,North America,Paid Search
20805,Joshua Nguyen,Male,41,2022-12-04,joshua.nguyen.20805@gmail.com,Dallas,Texas,United States,North America,Organic Search
20826,Benjamin Moreau,Male,41,2023-01-22,benjamin.moreau.20826@gmail.com,Philadelphia,Pennsylvania,United States,North America,Organic Search
20836,Gloria Mitchell,Female,55,2025-07-27,gloria.mitchell.20836@outlook.com,Phoenix,Arizona,United States,North America,Social Media
20907,Isha King,Female,33,2024-01-05,isha.king.20907@gmail.com,Toronto,Ontario,Canada,North America,Social Media
20942,Megan Howard,Female,33,2025-07-12,megan.howard.20942@gmail.com,Los Angeles,California,United States,North America,Organic Search
20961,Zoey Flores,Female,44,2021-08-04,zoey.flores.20961@outlook.com,Los Angeles,California,United States,North America,Affiliate
20976,Helen Murphy,Female,36,2024-08-18,helen.murphy.20976@gmail.com,São Paulo,São Paulo,Brazil,Latin America,Social Media
20998,Victoria Ortiz,Female,39,2022-07-18,victoria.ortiz.20998@yahoo.com,Sydney,New South Wales,Australia,Asia-Pacific,Referral
21040,Frank Thompson,Male,28,2024-06-12,frank.thompson.21040@gmail.com,Berlin,Berlin,Germany,Europe,Email
21051,Heather Johnson,Female,62,2023-09-06,heather.johnson.21051@gmail.com,Delhi,Delhi,India,Asia-Pacific,Organic Search
21061,Carol Davies,Female,39,2023-08-29,carol.davies.21061@corporate.org,Philadelphia,Pennsylvania,United States,North America,Email
21066,Amy Baker,Female,41,2024-09-03,amy.baker.21066@gmail.com,Paris,Île-de-France,France,Europe,Direct
21137,John Verma,Male,33,2021-11-17,john.verma.21137@gmail.com,Mexico City,CDMX,Mexico,Latin America,Paid Search
21200,Riley Reyes,Female,33,2024-01-13,riley.reyes.21200@icloud.com,Chicago,Illinois,United States,North America,Paid Search
21209,Sandra Becker,Female,21,2023-05-27,sandra.becker.21209@yahoo.com,Philadelphia,Pennsylvania,United States,North America,Organic Search
21214,Randy James,Male,18,2022-06-20,randy.james.21214@outlook.com,Phoenix,Arizona,United States,North America,Email
21222,Bobby Kelly,Male,18,2024-11-20,bobby.kelly.21222@yahoo.com,Miami,Florida,United States,North America,Email
21250,Ananya Davis,Female,28,2025-01-14,ananya.davis.21250@gmail.com,New York,New York,United States,North America,Email
21272,Laura Thomas,Female,39,2025-03-13,laura.thomas.21272@gmail.com,New York,New York,United States,North America,Referral
21300,Daniel Gomez,Male,33,2022-09-30,daniel.gomez.21300@protonmail.com,Sydney,New South Wales,Australia,Asia-Pacific,Email
21312,Helen White,Female,44,2025-01-15,helen.white.21312@gmail.com,Toronto,Ontario,Canada,North America,Organic Search
21320,Betty Richardson,Female,36,2022-07-03,betty.richardson.21320@gmail.com,Los Angeles,California,United States,North America,Affiliate
21335,Aubrey Morris,Female,40,2022-02-01,aubrey.morris.21335@gmail.com,Birmingham,West Midlands,United Kingdom,Europe,Social Media
21369,Jack Smith,Male,45,2024-01-06,jack.smith.21369@icloud.com,Los Angeles,California,United States,North America,Paid Search
21446,Penelope Cruz,Female,32,2025-04-03,penelope.cruz.21446@icloud.com,Manchester,Greater Manchester,United Kingdom,Europe,Paid Search
21457,Abigail Taylor,Female,50,2024-02-02,abigail.taylor.21457@gmail.com,Munich,Bavaria,Germany,Europe,Organic Search
21491,Jeremy Evans,Male,39,2024-05-13,jeremy.evans.21491@yahoo.com,Berlin,Berlin,Germany,Europe,Social Media
21517,Lauren Jackson,Female,27,2021-11-20,lauren.jackson.21517@yahoo.com,Toronto,Ontario,Canada,North America,Social Media
21526,Kathryn Diaz,Female,34,2025-09-26,kathryn.diaz.21526@gmail.com,Sydney,New South Wales,Australia,Asia-Pacific,Organic Search
21541,Addison Alvarez,Female,18,2024-07-03,addison.alvarez.21541@gmail.com,Houston,Texas,United States,North America,Referral
21564,Jason Nelson,Male,37,2022-06-25,jason.nelson.21564@outlook.com,Frankfurt,Hesse,Germany,Europe,Organic Search
21630,Krishna Hernandez,Male,49,2025-09-05,krishna.hernandez.21630@gmail.com,Atlanta,Georgia,United States,North America,Direct
21686,Jordan Thompson,Non-Binary,43,2023-02-08,jordan.thompson.21686@gmail.com,New York,New York,United States,North America,Organic Search
21689,Diane Gupta,Female,37,2024-09-30,diane.gupta.21689@gmail.com,Philadelphia,Pennsylvania,United States,North America,Email
21690,Jose Anderson,Male,50,2024-01-23,jose.anderson.21690@gmail.com,Berlin,Berlin,Germany,Europe,Affiliate
21715,Ashley Hall,Female,41,2025-07-06,ashley.hall.21715@gmail.com,Paris,Île-de-France,France,Europe,Affiliate
21762,Diya Gomez,Female,24,2024-11-15,diya.gomez.21762@icloud.com,Miami,Florida,United States,North America,Social Media
21771,Natalie Turner,Non-Binary,49,2022-05-02,natalie.turner.21771@gmail.com,Chicago,Illinois,United States,North America,Organic Search
21802,Cynthia Gutierrez,Female,28,2024-05-31,cynthia.gutierrez.21802@outlook.com,New York,New York,United States,North America,Affiliate
21803,Grace Bennett,Female,47,2025-10-06,grace.bennett.21803@yahoo.com,Chicago,Illinois,United States,North America,Email
21805,Nathan Rodriguez,Male,18,2023-01-10,nathan.rodriguez.21805@yahoo.com,Los Angeles,California,United States,North America,Referral
21854,Bobby Moore,Male,18,2025-06-01,bobby.moore.21854@icloud.com,Los Angeles,California,United States,North America,Social Media
21895,Harold Davis,Non-Binary,33,2025-06-11,harold.davis.21895@gmail.com,São Paulo,São Paulo,Brazil,Latin America,Organic Search
21913,Stephen Flores,Male,49,2023-11-19,stephen.flores.21913@yahoo.com,New York,New York,United States,North America,Paid Search
21949,Hudson Mendoza,Male,25,2022-09-21,hudson.mendoza.21949@icloud.com,New York,New York,United States,North America,Referral
21951,Vivaan Kim,Male,32,2025-02-05,vivaan.kim.21951@protonmail.com,Atlanta,Georgia,United States,North America,Organic Search
21971,Gerald Ward,Male,35,2023-04-10,gerald.ward.21971@gmail.com,New York,New York,United States,North America,Email
22004,Roy Lewis,Male,27,2022-05-14,roy.lewis.22004@gmail.com,Phoenix,Arizona,United States,North America,Email
22019,Emma Alvarez,Female,44,2024-08-18,emma.alvarez.22019@gmail.com,Dallas,Texas,United States,North America,Paid Search
22024,Joyce Singh,Female,35,2021-07-20,joyce.singh.22024@gmail.com,Seattle,Washington,United States,North America,Social Media
22034,Bryan James,Male,39,2025-08-29,bryan.james.22034@gmail.com,Mumbai,Maharashtra,India,Asia-Pacific,Direct
22058,Lily Chavez,Female,43,2025-06-20,lily.chavez.22058@corporate.org,Mumbai,Maharashtra,India,Asia-Pacific,Paid Search
22131,Joan Roberts,Female,46,2024-06-02,joan.roberts.22131@yahoo.com,New York,New York,United States,North America,Referral
22162,Ellie Evans,Female,40,2022-07-05,ellie.evans.22162@yahoo.com,Paris,Île-de-France,France,Europe,Paid Search
22186,Austin Morales,Male,31,2025-01-06,austin.morales.22186@gmail.com,New York,New York,United States,North America,Email
22192,Raymond Reyes,Male,47,2023-06-22,raymond.reyes.22192@gmail.com,Phoenix,Arizona,United States,North America,Direct
22214,Leah Taylor,Female,37,2022-08-13,leah.taylor.22214@yahoo.com,Paris,Île-de-France,France,Europe,Referral
22257,Riya Martinez,Female,47,2024-01-19,riya.martinez.22257@gmail.com,Paris,Île-de-France,France,Europe,Referral
22259,Nathan Gomez,Male,43,2025-07-17,nathan.gomez.22259@gmail.com,Seattle,Washington,United States,North America,Referral
22273,Steven Walker,Male,35,2025-03-30,steven.walker.22273@outlook.com,Toronto,Ontario,Canada,North America,Organic Search
22283,Judith Phillips,Female,32,2022-02-08,judith.phillips.22283@gmail.com,Delhi,Delhi,India,Asia-Pacific,Organic Search
22291,Eugene Weber,Male,46,2023-06-24,eugene.weber.22291@gmail.com,Bengaluru,Karnataka,India,Asia-Pacific,Organic Search
22342,Aubrey Flores,Female,37,2025-01-19,aubrey.flores.22342@yahoo.com,New York,New York,United States,North America,Referral
22363,James Brown,Male,36,2023-04-08,james.brown.22363@gmail.com,New York,New York,United States,North America,Social Media
22406,Ellie Nelson,Female,18,2025-10-03,ellie.nelson.22406@outlook.com,Sydney,New South Wales,Australia,Asia-Pacific,Paid Search
22445,Aarav Ortiz,Male,43,2022-01-25,aarav.ortiz.22445@gmail.com,Chicago,Illinois,United States,North America,Organic Search
22457,Jordan Martinez,Male,47,2024-11-06,jordan.martinez.22457@yahoo.com,Seattle,Washington,United States,North America,Social Media
22511,Ezra Davis,Male,51,2024-05-21,ezra.davis.22511@gmail.com,New York,New York,United States,North America,Paid Search
22535,Ellie Cox,Female,51,2022-06-07,ellie.cox.22535@gmail.com,Philadelphia,Pennsylvania,United States,North America,Social Media
22545,Thomas King,Male,28,2024-01-25,thomas.king.22545@gmail.com,Vancouver,British Columbia,Canada,North America,Organic Search
22659,Jacqueline Flores,Female,32,2025-05-11,jacqueline.flores.22659@gmail.com,Houston,Texas,United States,North America,Organic Search
22660,Julie Cook,Female,29,2025-03-03,julie.cook.22660@gmail.com,Chicago,Illinois,United States,North America,Direct
22674,Amy Diaz,Female,60,2022-09-22,amy.diaz.22674@gmail.com,Los Angeles,California,United States,North America,Organic Search
22676,Dylan Harris,Male,35,2025-04-19,dylan.harris.22676@yahoo.com,New York,New York,United States,North America,Paid Search
22683,Donna Phillips,Female,31,2021-03-28,donna.phillips.22683@gmail.com,New York,New York,United States,North America,Paid Search
22780,Jacqueline Moore,Female,53,2025-06-29,jacqueline.moore.22780@gmail.com,Dallas,Texas,United States,North America,Organic Search
22831,Chloe Cox,Female,34,2024-01-30,chloe.cox.22831@gmail.com,Birmingham,West Midlands,United Kingdom,Europe,Social Media
22861,Myra Brown,Female,45,2021-12-12,myra.brown.22861@yahoo.com,Houston,Texas,United States,North America,Social Media
22919,Ralph Gutierrez,Male,48,2023-12-16,ralph.gutierrez.22919@yahoo.com,Manchester,Greater Manchester,United Kingdom,Europe,Social Media
22921,Judy Gonzalez,Female,27,2025-08-27,judy.gonzalez.22921@outlook.com,Chicago,Illinois,United States,North America,Organic Search
22925,Betty Moreau,Female,38,2025-02-18,betty.moreau.22925@gmail.com,Philadelphia,Pennsylvania,United States,North America,Direct
22929,Christian Chavez,Male,27,2021-08-10,christian.chavez.22929@gmail.com,Houston,Texas,United States,North America,Email
22978,Russell White,Male,50,2023-12-30,russell.white.22978@gmail.com,New York,New York,United States,North America,Direct
22979,Harold King,Male,53,2024-06-27,harold.king.22979@gmail.com,London,Greater London,United Kingdom,Europe,Email
22990,Walter Evans,Male,41,2025-04-11,walter.evans.22990@gmail.com,Bengaluru,Karnataka,India,Asia-Pacific,Organic Search
23007,Madison Ramirez,Female,54,2022-07-16,madison.ramirez.23007@yahoo.com,New York,New York,United States,North America,Email
23027,Hudson Roberts,Male,24,2022-09-25,hudson.roberts.23027@icloud.com,Chicago,Illinois,United States,North America,Paid Search
23083,Kenneth Kumar,Male,32,2025-04-08,kenneth.kumar.23083@gmail.com,Munich,Bavaria,Germany,Europe,Social Media
23105,George Ward,Male,43,2024-07-22,george.ward.23105@icloud.com,Seattle,Washington,United States,North America,Organic Search
23177,Eric Murphy,Male,57,2025-10-19,eric.murphy.23177@outlook.com,Berlin,Berlin,Germany,Europe,Social Media
23179,Carolyn Walker,Female,28,2021-08-31,carolyn.walker.23179@outlook.com,Los Angeles,California,United States,North America,Email
23180,Joyce Clark,Female,32,2023-08-20,joyce.clark.23180@yahoo.com,Toronto,Ontario,Canada,North America,Social Media
23234,Stephen Sanders,Male,37,2022-08-29,stephen.sanders.23234@corporate.org,Houston,Texas,United States,North America,Affiliate
23290,Kabir Cooper,Male,37,2024-07-14,kabir.cooper.23290@outlook.com,Melbourne,Victoria,Australia,Asia-Pacific,Organic Search
23313,Jonathan Fischer,Male,37,2025-09-30,jonathan.fischer.23313@protonmail.com,Los Angeles,California,United States,North America,Social Media
23339,Aria Wilson,Female,20,2024-12-16,aria.wilson.23339@gmail.com,Melbourne,Victoria,Australia,Asia-Pacific,Social Media
23342,Lawrence Davies,Male,38,2022-10-26,lawrence.davies.23342@gmail.com,Sydney,New South Wales,Australia,Asia-Pacific,Paid Search
23357,Isha Singh,Female,44,2021-09-10,isha.singh.23357@gmail.com,Mumbai,Maharashtra,India,Asia-Pacific,Paid Search
23385,Aubrey Cruz,Female,51,2023-07-02,aubrey.cruz.23385@gmail.com,Philadelphia,Pennsylvania,United States,North America,Social Media
23402,Maria Dubois,Female,40,2025-02-20,maria.dubois.23402@yahoo.com,Houston,Texas,United States,North America,Organic Search
23404,Maria Davis,Female,18,2024-03-22,maria.davis.23404@icloud.com,Seattle,Washington,United States,North America,Referral
23413,Leah Hernandez,Female,41,2022-03-25,leah.hernandez.23413@gmail.com,Birmingham,West Midlands,United Kingdom,Europe,Direct
23420,Ananya Alvarez,Female,47,2024-11-13,ananya.alvarez.23420@outlook.com,Manchester,Greater Manchester,United Kingdom,Europe,Referral
23463,Hudson Weber,Male,18,2022-11-09,hudson.weber.23463@icloud.com,Philadelphia,Pennsylvania,United States,North America,Email
23501,Jonathan Cooper,Male,44,2024-04-03,jonathan.cooper.23501@gmail.com,Vancouver,British Columbia,Canada,North America,Email
23534,Heather Castillo,Female,61,2023-01-05,heather.castillo.23534@gmail.com,New York,New York,United States,North America,Social Media
23563,Frank Smith,Male,32,2025-01-28,frank.smith.23563@gmail.com,Bengaluru,Karnataka,India,Asia-Pacific,Social Media
23590,Louis Reyes,Male,37,2025-07-29,louis.reyes.23590@gmail.com,Mexico City,CDMX,Mexico,Latin America,Organic Search
23607,Randy Garcia,Male,35,2024-05-10,randy.garcia.23607@gmail.com,London,Greater London,United Kingdom,Europe,Direct
23651,Vivaan Ramos,Male,47,2024-01-20,vivaan.ramos.23651@gmail.com,New York,New York,United States,North America,Organic Search
23671,Kyle Castillo,Male,53,2025-04-14,kyle.castillo.23671@icloud.com,Chicago,Illinois,United States,North America,Paid Search
23711,Joan Nguyen,Female,56,2023-09-07,joan.nguyen.23711@outlook.com,Berlin,Berlin,Germany,Europe,Social Media
23713,Cheryl Rivera,Female,32,2025-08-22,cheryl.rivera.23713@outlook.com,Toronto,Ontario,Canada,North America,Organic Search
23719,Aditya Murphy,Male,28,2023-12-23,aditya.murphy.23719@icloud.com,Birmingham,West Midlands,United Kingdom,Europe,Direct
23750,Myra Rogers,Female,29,2023-08-17,myra.rogers.23750@gmail.com,Chicago,Illinois,United States,North America,Social Media
23752,Asher Martin,Male,48,2022-03-21,asher.martin.23752@outlook.com,Seattle,Washington,United States,North America,Organic Search
23754,Billy Adams,Male,46,2025-03-06,billy.adams.23754@yahoo.com,Los Angeles,California,United States,North America,Direct
23763,Jean Sharma,Female,50,2025-07-14,jean.sharma.23763@icloud.com,New York,New York,United States,North America,Organic Search
23800,Eric Collins,Male,46,2023-08-19,eric.collins.23800@protonmail.com,Los Angeles,California,United States,North America,Direct
23835,Lillian Perez,Female,23,2024-07-23,lillian.perez.23835@outlook.com,Manchester,Greater Manchester,United Kingdom,Europe,Paid Search
23847,Zachary Rao,Male,38,2024-04-09,zachary.rao.23847@gmail.com,Mumbai,Maharashtra,India,Asia-Pacific,Email
23880,Kimberly Morgan,Non-Binary,33,2025-03-22,kimberly.morgan.23880@gmail.com,Atlanta,Georgia,United States,North America,Direct
23884,Douglas Mitchell,Male,40,2024-10-15,douglas.mitchell.23884@yahoo.com,Mexico City,CDMX,Mexico,Latin America,Organic Search
23896,Olivia Gonzalez,Female,40,2022-08-12,olivia.gonzalez.23896@outlook.com,Toronto,Ontario,Canada,North America,Referral
23902,Ralph Alvarez,Male,33,2025-03-29,ralph.alvarez.23902@gmail.com,Seattle,Washington,United States,North America,Organic Search
23908,Hannah James,Female,50,2021-06-19,hannah.james.23908@outlook.com,Chicago,Illinois,United States,North America,Direct
23928,Nora Diaz,Female,30,2025-07-17,nora.diaz.23928@yahoo.com,Toronto,Ontario,Canada,North America,Social Media
23929,Frances Johnson,Female,40,2024-05-24,frances.johnson.23929@protonmail.com,New York,New York,United States,North America,Affiliate
23945,Shirley Baker,Female,50,2025-07-06,shirley.baker.23945@yahoo.com,Chicago,Illinois,United States,North America,Email
23949,Jesse Edwards,Male,35,2021-12-29,jesse.edwards.23949@icloud.com,Phoenix,Arizona,United States,North America,Email
23965,Aria Castillo,Female,32,2024-07-05,aria.castillo.23965@yahoo.com,Vancouver,British Columbia,Canada,North America,Social Media
23969,Victoria Wagner,Female,51,2022-11-25,victoria.wagner.23969@yahoo.com,Los Angeles,California,United States,North America,Email
23984,Kathryn Gomez,Female,46,2024-12-03,kathryn.gomez.23984@outlook.com,Los Angeles,California,United States,North America,Paid Search
23990,Joan Anderson,Female,31,2022-09-30,joan.anderson.23990@outlook.com,Dallas,Texas,United States,North America,Organic Search
24000,Tyler Hernandez,Male,56,2023-12-16,tyler.hernandez.24000@icloud.com,Paris,Île-de-France,France,Europe,Organic Search
24062,Sandra Scott,Female,53,2022-11-09,sandra.scott.24062@outlook.com,Los Angeles,California,United States,North America,Organic Search
24103,Isha Turner,Female,35,2023-08-08,isha.turner.24103@outlook.com,Miami,Florida,United States,North America,Paid Search
24121,Luca Davis,Male,31,2023-02-08,luca.davis.24121@outlook.com,Manchester,Greater Manchester,United Kingdom,Europe,Paid Search
24133,Jean Martinez,Female,26,2025-08-14,jean.martinez.24133@gmail.com,Houston,Texas,United States,North America,Organic Search
24166,Roy Harris,Male,19,2024-11-10,roy.harris.24166@gmail.com,São Paulo,São Paulo,Brazil,Latin America,Email
24175,Johnny Moore,Male,40,2024-06-27,johnny.moore.24175@gmail.com,Philadelphia,Pennsylvania,United States,North America,Affiliate
24215,Jennifer Richardson,Female,27,2023-04-19,jennifer.richardson.24215@gmail.com,Berlin,Berlin,Germany,Europe,Email
24216,Brian Ramos,Male,27,2023-11-11,brian.ramos.24216@gmail.com,Chicago,Illinois,United States,North America,Organic Search
24224,Julie Jackson,Female,30,2024-04-18,julie.jackson.24224@outlook.com,London,Greater London,United Kingdom,Europe,Social Media
24228,Vivaan Castillo,Male,28,2025-05-10,vivaan.castillo.24228@outlook.com,Dallas,Texas,United States,North America,Social Media
24230,Jean Hall,Female,32,2022-09-21,jean.hall.24230@gmail.com,Delhi,Delhi,India,Asia-Pacific,Social Media
24239,Betty Sanchez,Female,37,2022-07-28,betty.sanchez.24239@icloud.com,Munich,Bavaria,Germany,Europe,Affiliate
24262,Carolyn Davies,Female,52,2025-08-19,carolyn.davies.24262@gmail.com,Los Angeles,California,United States,North America,Social Media
24270,Nancy Thomas,Female,21,2025-10-14,nancy.thomas.24270@outlook.com,Mumbai,Maharashtra,India,Asia-Pacific,Social Media
24313,Russell Parker,Male,18,2025-08-11,russell.parker.24313@yahoo.com,Philadelphia,Pennsylvania,United States,North America,Email
24317,Nicole Anderson,Female,31,2025-10-05,nicole.anderson.24317@icloud.com,Mumbai,Maharashtra,India,Asia-Pacific,Paid Search
24325,Sean Gupta,Male,42,2024-07-09,sean.gupta.24325@gmail.com,Los Angeles,California,United States,North America,Organic Search
24354,Camila Wilson,Female,48,2022-12-19,camila.wilson.24354@gmail.com,Atlanta,Georgia,United States,North America,Referral
24386,Gabriel Turner,Male,35,2024-01-09,gabriel.turner.24386@outlook.com,London,Greater London,United Kingdom,Europe,Social Media
24434,Luca Johnson,Male,32,2021-11-25,luca.johnson.24434@corporate.org,Atlanta,Georgia,United States,North America,Referral
24486,Kyle Wright,Male,18,2024-09-25,kyle.wright.24486@outlook.com,Philadelphia,Pennsylvania,United States,North America,Social Media
24496,Aanya Baker,Female,38,2021-05-27,aanya.baker.24496@protonmail.com,Seattle,Washington,United States,North America,Organic Search
24510,Penelope Moreau,Female,27,2023-12-14,penelope.moreau.24510@outlook.com,London,Greater London,United Kingdom,Europe,Organic Search
24556,Christina Brooks,Female,36,2025-05-24,christina.brooks.24556@yahoo.com,Manchester,Greater Manchester,United Kingdom,Europe,Referral
24557,Eric Evans,Male,34,2025-06-06,eric.evans.24557@yahoo.com,São Paulo,São Paulo,Brazil,Latin America,Social Media
24565,Lisa Roberts,Female,19,2022-04-23,lisa.roberts.24565@gmail.com,New York,New York,United States,North America,Email
24568,Shirley Edwards,Female,38,2023-02-21,shirley.edwards.24568@gmail.com,Miami,Florida,United States,North America,Paid Search
24573,Barbara Robinson,Female,27,2024-08-31,barbara.robinson.24573@gmail.com,Seattle,Washington,United States,North America,Direct
24588,Philip Ramirez,Male,49,2022-10-13,philip.ramirez.24588@gmail.com,Paris,Île-de-France,France,Europe,Organic Search
24610,Kenneth Garcia,Male,32,2024-07-03,kenneth.garcia.24610@gmail.com,Toronto,Ontario,Canada,North America,Social Media
24617,Debra Lewis,Female,34,2025-04-22,debra.lewis.24617@gmail.com,Toronto,Ontario,Canada,North America,Referral
24636,Eugene Fischer,Male,23,2023-09-01,eugene.fischer.24636@outlook.com,Mexico City,CDMX,Mexico,Latin America,Organic Search
24645,Patrick James,Male,38,2024-02-06,patrick.james.24645@outlook.com,Dallas,Texas,United States,North America,Social Media
24666,Edward Sanchez,Male,57,2023-08-28,edward.sanchez.24666@yahoo.com,Los Angeles,California,United States,North America,Referral
24667,Mateo Weber,Male,63,2024-06-12,mateo.weber.24667@gmail.com,Philadelphia,Pennsylvania,United States,North America,Paid Search
24676,Adam Brown,Male,28,2024-07-12,adam.brown.24676@gmail.com,Atlanta,Georgia,United States,North America,Organic Search
24683,Paul Ramirez,Male,45,2022-10-09,paul.ramirez.24683@outlook.com,Los Angeles,California,United States,North America,Organic Search
24714,Christine Rao,Female,33,2024-12-13,christine.rao.24714@gmail.com,Mumbai,Maharashtra,India,Asia-Pacific,Email
24718,Daniel Davis,Male,54,2021-10-25,daniel.davis.24718@gmail.com,Houston,Texas,United States,North America,Organic Search
24730,Jason Cook,Male,30,2022-01-31,jason.cook.24730@gmail.com,New York,New York,United States,North America,Referral
24761,Gregory Dubois,Male,51,2021-11-02,gregory.dubois.24761@outlook.com,Los Angeles,California,United States,North America,Social Media
24768,Logan Moore,Non-Binary,34,2023-07-22,logan.moore.24768@gmail.com,Los Angeles,California,United States,North America,Social Media
24833,Jennifer Cox,Female,44,2024-03-20,jennifer.cox.24833@outlook.com,São Paulo,São Paulo,Brazil,Latin America,Social Media
24838,Julie Lopez,Female,18,2022-01-07,julie.lopez.24838@gmail.com,Munich,Bavaria,Germany,Europe,Social Media
24861,Katherine Martinez,Female,62,2022-10-20,katherine.martinez.24861@gmail.com,Delhi,Delhi,India,Asia-Pacific,Social Media
24896,Ashley Hernandez,Female,27,2024-04-25,ashley.hernandez.24896@gmail.com,Los Angeles,California,United States,North America,Social Media
24902,Douglas Rivera,Male,20,2025-10-17,douglas.rivera.24902@gmail.com,Atlanta,Georgia,United States,North America,Paid Search
24903,Arjun Hernandez,Male,31,2024-01-30,arjun.hernandez.24903@gmail.com,Philadelphia,Pennsylvania,United States,North America,Organic Search
24909,Elijah Moreau,Male,35,2025-08-09,elijah.moreau.24909@gmail.com,Vancouver,British Columbia,Canada,North America,Social Media
24916,Joan Howard,Female,58,2025-08-24,joan.howard.24916@protonmail.com,Mumbai,Maharashtra,India,Asia-Pacific,Organic Search
24927,Lawrence Castillo,Male,22,2022-04-08,lawrence.castillo.24927@yahoo.com,Paris,Île-de-France,France,Europe,Organic Search
24937,Nancy Anderson,Female,55,2022-02-02,nancy.anderson.24937@outlook.com,Philadelphia,Pennsylvania,United States,North America,Social Media
24979,Janice Martin,Female,33,2022-10-15,janice.martin.24979@yahoo.com,Chicago,Illinois,United States,North America,Paid Search
25015,Sai Cox,Male,32,2024-03-21,sai.cox.25015@gmail.com,Toronto,Ontario,Canada,North America,Paid Search
25018,Bryan Hernandez,Male,34,2024-12-03,bryan.hernandez.25018@gmail.com,São Paulo,São Paulo,Brazil,Latin America,Organic Search
25071,Richard Sharma,Male,60,2022-01-07,richard.sharma.25071@outlook.com,Miami,Florida,United States,North America,Affiliate
25083,Penelope Ramos,Female,59,2025-09-15,penelope.ramos.25083@yahoo.com,Lyon,Auvergne-Rhône-Alpes,France,Europe,Affiliate
25091,Avani Evans,Female,27,2022-02-20,avani.evans.25091@gmail.com,Los Angeles,California,United States,North America,Email
25093,Albert Adams,Male,48,2025-08-21,albert.adams.25093@outlook.com,Los Angeles,California,United States,North America,Organic Search
25105,Benjamin Cox,Male,43,2025-08-20,benjamin.cox.25105@gmail.com,Toronto,Ontario,Canada,North America,Email
25137,Patricia Weber,Female,18,2025-04-21,patricia.weber.25137@yahoo.com,New York,New York,United States,North America,Email
25141,Theo Thompson,Male,30,2023-03-30,theo.thompson.25141@gmail.com,Sydney,New South Wales,Australia,Asia-Pacific,Affiliate
25149,Amy Hernandez,Female,28,2022-12-22,amy.hernandez.25149@outlook.com,Lyon,Auvergne-Rhône-Alpes,France,Europe,Paid Search
25193,Raymond Gomez,Male,33,2025-09-06,raymond.gomez.25193@gmail.com,São Paulo,São Paulo,Brazil,Latin America,Organic Search
25196,Grace Anderson,Female,34,2021-08-25,grace.anderson.25196@yahoo.com,Munich,Bavaria,Germany,Europe,Social Media
25212,Donna Alvarez,Non-Binary,18,2024-05-17,donna.alvarez.25212@gmail.com,Sydney,New South Wales,Australia,Asia-Pacific,Organic Search
25214,Kyle Davis,Male,25,2023-12-31,kyle.davis.25214@icloud.com,New York,New York,United States,North America,Email
25223,Joseph Kelly,Male,38,2022-08-17,joseph.kelly.25223@icloud.com,Houston,Texas,United States,North America,Social Media
25245,Jordan Martinez,Male,34,2023-02-10,jordan.martinez.25245@gmail.com,Atlanta,Georgia,United States,North America,Email
25262,Frank Becker,Male,30,2022-05-08,frank.becker.25262@yahoo.com,New York,New York,United States,North America,Referral
25267,Martha Sanchez,Non-Binary,43,2023-08-07,martha.sanchez.25267@gmail.com,Chicago,Illinois,United States,North America,Direct
25310,Linda White,Female,25,2022-02-05,linda.white.25310@icloud.com,Lyon,Auvergne-Rhône-Alpes,France,Europe,Paid Search
25341,Maria Martin,Female,43,2025-04-11,maria.martin.25341@yahoo.com,Melbourne,Victoria,Australia,Asia-Pacific,Organic Search
25346,Anthony Verma,Male,37,2025-10-07,anthony.verma.25346@yahoo.com,Vancouver,British Columbia,Canada,North America,Email
25360,Alan Smith,Male,39,2025-03-27,alan.smith.25360@gmail.com,Manchester,Greater Manchester,United Kingdom,Europe,Social Media
25390,Zoey Harris,Female,46,2021-11-08,zoey.harris.25390@gmail.com,Chicago,Illinois,United States,North America,Organic Search
25418,Cheryl King,Female,46,2025-09-01,cheryl.king.25418@yahoo.com,Manchester,Greater Manchester,United Kingdom,Europe,Referral
25445,Rachel Cox,Female,40,2025-06-23,rachel.cox.25445@yahoo.com,São Paulo,São Paulo,Brazil,Latin America,Social Media
25460,Rohan Bennett,Non-Binary,34,2023-07-20,rohan.bennett.25460@icloud.com,Bengaluru,Karnataka,India,Asia-Pacific,Referral
25462,Christine Bennett,Female,50,2021-09-22,christine.bennett.25462@gmail.com,Seattle,Washington,United States,North America,Organic Search
25493,Angela Moore,Non-Binary,29,2023-08-04,angela.moore.25493@yahoo.com,Delhi,Delhi,India,Asia-Pacific,Organic Search
25500,Sandra Adams,Female,36,2023-02-10,sandra.adams.25500@gmail.com,New York,New York,United States,North America,Social Media
25508,Joyce Scott,Female,19,2022-10-07,joyce.scott.25508@icloud.com,Atlanta,Georgia,United States,North America,Direct
25511,Shirley Smith,Female,45,2025-02-21,shirley.smith.25511@gmail.com,Chicago,Illinois,United States,North America,Paid Search
25519,Billy Rao,Male,34,2025-06-21,billy.rao.25519@protonmail.com,Toronto,Ontario,Canada,North America,Organic Search
25539,Tyler Young,Male,47,2024-09-16,tyler.young.25539@gmail.com,Phoenix,Arizona,United States,North America,Email
25579,Dorothy Miller,Female,39,2024-05-21,dorothy.miller.25579@outlook.com,Miami,Florida,United States,North America,Paid Search
25581,Ann Wood,Female,28,2023-04-26,ann.wood.25581@gmail.com,São Paulo,São Paulo,Brazil,Latin America,Social Media
25597,Christina Price,Female,28,2023-07-20,christina.price.25597@yahoo.com,Miami,Florida,United States,North America,Email
25604,Hannah Hernandez,Female,22,2025-05-14,hannah.hernandez.25604@icloud.com,Bengaluru,Karnataka,India,Asia-Pacific,Social Media
25645,Walter Johnson,Male,25,2025-07-04,walter.johnson.25645@yahoo.com,Mumbai,Maharashtra,India,Asia-Pacific,Social Media
25666,Jeffrey Johnson,Male,38,2022-11-22,jeffrey.johnson.25666@yahoo.com,New York,New York,United States,North America,Email
25682,Anthony Rivera,Male,18,2025-05-27,anthony.rivera.25682@gmail.com,Toronto,Ontario,Canada,North America,Paid Search
25709,Jerry Hernandez,Male,46,2023-10-21,jerry.hernandez.25709@outlook.com,São Paulo,São Paulo,Brazil,Latin America,Affiliate
25766,Edward Kim,Male,45,2025-08-21,edward.kim.25766@outlook.com,São Paulo,São Paulo,Brazil,Latin America,Organic Search
25768,Ezra Taylor,Male,44,2025-04-07,ezra.taylor.25768@outlook.com,New York,New York,United States,North America,Email
25790,Sophia Taylor,Female,39,2022-01-06,sophia.taylor.25790@outlook.com,Manchester,Greater Manchester,United Kingdom,Europe,Organic Search
25797,Logan Brown,Male,29,2025-08-04,logan.brown.25797@outlook.com,Phoenix,Arizona,United States,North America,Social Media
25812,Richard Ward,Male,38,2023-11-25,richard.ward.25812@outlook.com,Chicago,Illinois,United States,North America,Referral
25883,Aditya Patel,Male,33,2025-09-28,aditya.patel.25883@gmail.com,Los Angeles,California,United States,North America,Organic Search
25895,Heather Howard,Female,55,2025-10-13,heather.howard.25895@gmail.com,Manchester,Greater Manchester,United Kingdom,Europe,Organic Search
25950,George King,Male,45,2023-06-21,george.king.25950@icloud.com,Los Angeles,California,United States,North America,Organic Search
25951,Vincent Chavez,Male,25,2024-07-06,vincent.chavez.25951@gmail.com,Mumbai,Maharashtra,India,Asia-Pacific,Social Media
25957,Ashley Watson,Female,43,2023-03-09,ashley.watson.25957@gmail.com,Berlin,Berlin,Germany,Europe,Social Media
25959,Harold Roberts,Male,48,2025-02-01,harold.roberts.25959@outlook.com,Paris,Île-de-France,France,Europe,Email
25975,Luca Weber,Male,30,2021-08-01,luca.weber.25975@yahoo.com,Vancouver,British Columbia,Canada,North America,Social Media
25980,Nancy Alvarez,Female,39,2024-09-16,nancy.alvarez.25980@gmail.com,Chicago,Illinois,United States,North America,Paid Search
25990,Daniel Ortiz,Male,46,2024-04-22,daniel.ortiz.25990@gmail.com,New York,New York,United States,North America,Paid Search
26008,Ryan Rivera,Male,18,2022-06-03,ryan.rivera.26008@gmail.com,Philadelphia,Pennsylvania,United States,North America,Direct
26029,Samuel Johnson,Male,29,2024-12-20,samuel.johnson.26029@gmail.com,Paris,Île-de-France,France,Europe,Social Media
26118,Kevin Walker,Male,39,2024-02-03,kevin.walker.26118@yahoo.com,Mexico City,CDMX,Mexico,Latin America,Referral
26137,Benjamin Gutierrez,Male,33,2023-09-14,benjamin.gutierrez.26137@outlook.com,Los Angeles,California,United States,North America,Organic Search
26138,Bobby Hill,Male,22,2025-07-26,bobby.hill.26138@gmail.com,Atlanta,Georgia,United States,North America,Referral
26184,Noah Sanders,Male,21,2021-08-02,noah.sanders.26184@gmail.com,Vancouver,British Columbia,Canada,North America,Paid Search
26303,Theo James,Male,25,2023-11-30,theo.james.26303@protonmail.com,Mexico City,CDMX,Mexico,Latin America,Paid Search
26336,Gregory Adams,Male,36,2024-08-24,gregory.adams.26336@icloud.com,Berlin,Berlin,Germany,Europe,Email
26354,Addison Sanders,Female,45,2023-12-24,addison.sanders.26354@outlook.com,Philadelphia,Pennsylvania,United States,North America,Paid Search
26355,Steven Diaz,Male,35,2024-10-07,steven.diaz.26355@outlook.com,Dallas,Texas,United States,North America,Email
26359,Saanvi Cook,Female,38,2025-07-03,saanvi.cook.26359@gmail.com,Munich,Bavaria,Germany,Europe,Paid Search
26421,Jeremy Reed,Male,36,2025-03-07,jeremy.reed.26421@gmail.com,London,Greater London,United Kingdom,Europe,Organic Search
26438,Kathleen Robinson,Female,50,2023-09-16,kathleen.robinson.26438@gmail.com,Berlin,Berlin,Germany,Europe,Email
26439,Nicole Peterson,Female,48,2023-01-30,nicole.peterson.26439@outlook.com,Philadelphia,Pennsylvania,United States,North America,Paid Search
26450,Frances Bailey,Female,37,2023-12-21,frances.bailey.26450@gmail.com,Phoenix,Arizona,United States,North America,Organic Search
26471,Andrew Gonzalez,Male,25,2025-03-02,andrew.gonzalez.26471@yahoo.com,Seattle,Washington,United States,North America,Organic Search
26473,Kyle Young,Male,37,2022-11-06,kyle.young.26473@gmail.com,Toronto,Ontario,Canada,North America,Organic Search
26491,Eugene Flores,Male,63,2021-04-24,eugene.flores.26491@yahoo.com,New York,New York,United States,North America,Organic Search
26511,Stephanie Cook,Female,53,2025-04-23,stephanie.cook.26511@gmail.com,London,Greater London,United Kingdom,Europe,Organic Search
26563,Mark Robinson,Male,29,2023-09-18,mark.robinson.26563@icloud.com,Chicago,Illinois,United States,North America,Affiliate
26565,Aanya Becker,Female,47,2021-08-28,aanya.becker.26565@gmail.com,Philadelphia,Pennsylvania,United States,North America,Paid Search
26627,William Parker,Male,38,2024-07-30,william.parker.26627@gmail.com,Phoenix,Arizona,United States,North America,Paid Search
26632,Sai Gomez,Male,25,2025-08-21,sai.gomez.26632@outlook.com,Birmingham,West Midlands,United Kingdom,Europe,Organic Search
26669,George Clark,Male,23,2022-05-10,george.clark.26669@outlook.com,Berlin,Berlin,Germany,Europe,Paid Search
26688,Pamela Flores,Non-Binary,56,2024-11-24,pamela.flores.26688@gmail.com,Houston,Texas,United States,North America,Paid Search
26693,Joyce Robinson,Female,18,2023-09-27,joyce.robinson.26693@gmail.com,Paris,Île-de-France,France,Europe,Affiliate
26696,Janice Mitchell,Female,31,2025-07-02,janice.mitchell.26696@protonmail.com,Miami,Florida,United States,North America,Email
26741,Madison Murphy,Female,46,2025-05-08,madison.murphy.26741@icloud.com,Philadelphia,Pennsylvania,United States,North America,Social Media
26754,Austin Morales,Male,26,2025-05-02,austin.morales.26754@gmail.com,New York,New York,United States,North America,Email
26794,Joseph Smith,Male,40,2023-05-12,joseph.smith.26794@gmail.com,Sydney,New South Wales,Australia,Asia-Pacific,Paid Search
26824,Christine Singh,Female,36,2021-04-27,christine.singh.26824@gmail.com,Toronto,Ontario,Canada,North America,Referral
26829,Theo Singh,Male,42,2025-10-19,theo.singh.26829@gmail.com,New York,New York,United States,North America,Social Media
26843,Zoey Verma,Female,40,2024-11-17,zoey.verma.26843@gmail.com,São Paulo,São Paulo,Brazil,Latin America,Email
26844,Angela Ramos,Female,31,2023-05-14,angela.ramos.26844@gmail.com,Houston,Texas,United States,North America,Social Media
26867,Isha Sanchez,Female,41,2021-11-20,isha.sanchez.26867@gmail.com,Birmingham,West Midlands,United Kingdom,Europe,Direct
26874,Judith Reed,Female,45,2021-06-01,judith.reed.26874@yahoo.com,Los Angeles,California,United States,North America,Paid Search
26875,Samantha Baker,Female,52,2024-02-07,samantha.baker.26875@yahoo.com,Seattle,Washington,United States,North America,Organic Search
26881,Kabir Mendoza,Male,31,2024-06-13,kabir.mendoza.26881@outlook.com,Manchester,Greater Manchester,United Kingdom,Europe,Social Media
26883,Virginia Kim,Female,56,2022-07-29,virginia.kim.26883@gmail.com,Paris,Île-de-France,France,Europe,Paid Search
26921,Benjamin Moore,Male,29,2023-01-15,benjamin.moore.26921@icloud.com,New York,New York,United States,North America,Referral
26934,Hudson Edwards,Male,31,2024-12-11,hudson.edwards.26934@gmail.com,Chicago,Illinois,United States,North America,Organic Search
26980,Frances Wright,Female,32,2024-03-25,frances.wright.26980@gmail.com,Seattle,Washington,United States,North America,Direct
26989,Janice Brooks,Female,40,2022-10-16,janice.brooks.26989@protonmail.com,Dallas,Texas,United States,North America,Email
27011,Avani Mitchell,Female,34,2024-08-07,avani.mitchell.27011@gmail.com,Houston,Texas,United States,North America,Social Media
27042,Joseph Kim,Male,47,2023-01-21,joseph.kim.27042@yahoo.com,Bengaluru,Karnataka,India,Asia-Pacific,Social Media
27043,Frank Reyes,Male,32,2023-10-21,frank.reyes.27043@yahoo.com,Dallas,Texas,United States,North America,Referral
27115,Lily Scott,Female,45,2023-05-22,lily.scott.27115@outlook.com,Frankfurt,Hesse,Germany,Europe,Paid Search
27119,Nicole Anderson,Female,37,2025-01-17,nicole.anderson.27119@gmail.com,Phoenix,Arizona,United States,North America,Direct
27146,Wayne Parker,Male,31,2024-07-27,wayne.parker.27146@outlook.com,London,Greater London,United Kingdom,Europe,Organic Search
27198,Betty Howard,Female,18,2023-09-01,betty.howard.27198@gmail.com,Philadelphia,Pennsylvania,United States,North America,Paid Search
27206,Steven Diaz,Male,38,2023-11-19,steven.diaz.27206@outlook.com,Seattle,Washington,United States,North America,Organic Search
27209,Deborah Walker,Female,50,2023-10-30,deborah.walker.27209@gmail.com,Mumbai,Maharashtra,India,Asia-Pacific,Social Media
27258,Krishna Fischer,Male,39,2024-11-21,krishna.fischer.27258@gmail.com,Frankfurt,Hesse,Germany,Europe,Organic Search
27283,Willie Campbell,Male,35,2023-12-18,willie.campbell.27283@gmail.com,Paris,Île-de-France,France,Europe,Social Media
27320,Richard Edwards,Male,28,2023-02-04,richard.edwards.27320@gmail.com,Phoenix,Arizona,United States,North America,Referral
27354,Elijah Allen,Male,18,2025-04-03,elijah.allen.27354@gmail.com,London,Greater London,United Kingdom,Europe,Social Media
27388,Oliver Chavez,Male,40,2024-08-13,oliver.chavez.27388@gmail.com,Melbourne,Victoria,Australia,Asia-Pacific,Social Media
27418,Ethan Adams,Male,53,2024-09-20,ethan.adams.27418@gmail.com,Chicago,Illinois,United States,North America,Organic Search
27468,Asher Campbell,Male,26,2023-08-24,asher.campbell.27468@gmail.com,Toronto,Ontario,Canada,North America,Social Media
27470,Madison Walker,Female,37,2024-07-05,madison.walker.27470@gmail.com,Birmingham,West Midlands,United Kingdom,Europe,Direct
27507,Maria Mendoza,Female,46,2024-03-19,maria.mendoza.27507@yahoo.com,Bengaluru,Karnataka,India,Asia-Pacific,Direct
27527,Diya Sanchez,Female,39,2024-01-05,diya.sanchez.27527@gmail.com,New York,New York,United States,North America,Social Media
27564,Isha Rodriguez,Female,30,2023-11-02,isha.rodriguez.27564@gmail.com,Frankfurt,Hesse,Germany,Europe,Direct
27572,Vihaan Evans,Male,32,2025-10-08,vihaan.evans.27572@corporate.org,Los Angeles,California,United States,North America,Social Media
27585,Aaron Moreau,Non-Binary,18,2022-01-16,aaron.moreau.27585@gmail.com,Chicago,Illinois,United States,North America,Organic Search
27635,Ezra Davis,Male,37,2024-10-21,ezra.davis.27635@outlook.com,Sydney,New South Wales,Australia,Asia-Pacific,Social Media
27691,Arjun Castillo,Male,24,2023-11-13,arjun.castillo.27691@outlook.com,Seattle,Washington,United States,North America,Organic Search
27692,Margaret Carter,Female,36,2022-07-02,margaret.carter.27692@gmail.com,Lyon,Auvergne-Rhône-Alpes,France,Europe,Referral
27741,Stephen King,Male,32,2025-06-11,stephen.king.27741@yahoo.com,Philadelphia,Pennsylvania,United States,North America,Social Media
27770,Dylan Smith,Male,27,2024-10-14,dylan.smith.27770@gmail.com,Houston,Texas,United States,North America,Referral
27771,Evelyn Phillips,Female,38,2024-04-11,evelyn.phillips.27771@gmail.com,Los Angeles,California,United States,North America,Organic Search
27781,Douglas Ramirez,Male,26,2024-12-23,douglas.ramirez.27781@outlook.com,Mumbai,Maharashtra,India,Asia-Pacific,Organic Search
27798,Kenneth Evans,Male,34,2022-10-28,kenneth.evans.27798@gmail.com,Delhi,Delhi,India,Asia-Pacific,Email
27808,Jordan Davies,Male,33,2021-06-12,jordan.davies.27808@outlook.com,Birmingham,West Midlands,United Kingdom,Europe,Social Media
27856,Navya Scott,Female,31,2024-02-04,navya.scott.27856@gmail.com,Bengaluru,Karnataka,India,Asia-Pacific,Direct
27928,Patrick Clark,Male,40,2025-03-19,patrick.clark.27928@gmail.com,New York,New York,United States,North America,Social Media
27946,Olivia Young,Female,43,2025-05-08,olivia.young.27946@icloud.com,Berlin,Berlin,Germany,Europe,Social Media
27974,Edward Brooks,Male,26,2024-02-15,edward.brooks.27974@gmail.com,Chicago,Illinois,United States,North America,Paid Search
27992,Zoe Fischer,Female,19,2025-09-04,zoe.fischer.27992@protonmail.com,São Paulo,São Paulo,Brazil,Latin America,Organic Search
28061,Donald Williams,Male,45,2025-10-10,donald.williams.28061@gmail.com,Los Angeles,California,United States,North America,Paid Search
28084,Kathleen Gupta,Female,38,2025-02-05,kathleen.gupta.28084@yahoo.com,Munich,Bavaria,Germany,Europe,Social Media
28124,Kathryn Weber,Female,41,2021-05-09,kathryn.weber.28124@gmail.com,Seattle,Washington,United States,North America,Email
28155,Rohan Diaz,Male,18,2023-02-24,rohan.diaz.28155@yahoo.com,London,Greater London,United Kingdom,Europe,Organic Search
28239,Patricia Phillips,Female,25,2025-04-10,patricia.phillips.28239@gmail.com,New York,New York,United States,North America,Social Media
28261,Tyler Howard,Male,37,2023-09-19,tyler.howard.28261@gmail.com,New York,New York,United States,North America,Paid Search
28316,George Wagner,Male,45,2022-05-21,george.wagner.28316@icloud.com,Dallas,Texas,United States,North America,Referral
28359,Madison Brooks,Female,51,2025-01-31,madison.brooks.28359@gmail.com,Sydney,New South Wales,Australia,Asia-Pacific,Paid Search
28419,Judith Verma,Female,31,2024-12-15,judith.verma.28419@outlook.com,Dallas,Texas,United States,North America,Organic Search
28420,Lawrence Mitchell,Male,31,2022-05-07,lawrence.mitchell.28420@gmail.com,Seattle,Washington,United States,North America,Organic Search
28474,Jeffrey Green,Male,38,2025-09-20,jeffrey.green.28474@gmail.com,Munich,Bavaria,Germany,Europe,Referral
28496,Jason Morgan,Male,39,2021-10-18,jason.morgan.28496@outlook.com,Houston,Texas,United States,North America,Organic Search
28508,Hannah Verma,Female,21,2024-04-25,hannah.verma.28508@protonmail.com,Paris,Île-de-France,France,Europe,Organic Search
28545,Diya Rodriguez,Female,43,2023-04-07,diya.rodriguez.28545@gmail.com,Dallas,Texas,United States,North America,Email
28551,Ronald Gupta,Male,33,2024-04-20,ronald.gupta.28551@yahoo.com,Phoenix,Arizona,United States,North America,Social Media
28552,Theo Chavez,Male,25,2024-09-18,theo.chavez.28552@yahoo.com,Houston,Texas,United States,North America,Organic Search
28563,Joan Sanders,Female,53,2025-01-07,joan.sanders.28563@gmail.com,Philadelphia,Pennsylvania,United States,North America,Paid Search
28583,Gabriel Campbell,Male,18,2025-09-07,gabriel.campbell.28583@gmail.com,Delhi,Delhi,India,Asia-Pacific,Direct
28630,Janet Meyer,Female,19,2021-11-06,janet.meyer.28630@gmail.com,Paris,Île-de-France,France,Europe,Organic Search
28658,Penelope Jackson,Female,36,2025-09-16,penelope.jackson.28658@gmail.com,Phoenix,Arizona,United States,North America,Direct
28685,Karen Ortiz,Female,23,2025-02-22,karen.ortiz.28685@outlook.com,Chicago,Illinois,United States,North America,Social Media
28690,Gloria Perez,Female,48,2022-01-22,gloria.perez.28690@outlook.com,Phoenix,Arizona,United States,North America,Affiliate
28717,Joshua Turner,Male,44,2023-09-24,joshua.turner.28717@outlook.com,Houston,Texas,United States,North America,Direct
28755,Addison Adams,Female,50,2024-08-12,addison.adams.28755@icloud.com,Los Angeles,California,United States,North America,Email
28763,Rebecca Taylor,Female,41,2024-06-29,rebecca.taylor.28763@icloud.com,Mumbai,Maharashtra,India,Asia-Pacific,Referral
28771,Steven Sharma,Male,22,2023-01-28,steven.sharma.28771@icloud.com,Chicago,Illinois,United States,North America,Organic Search
28783,Susan Brooks,Female,26,2024-03-07,susan.brooks.28783@outlook.com,Toronto,Ontario,Canada,North America,Organic Search
28793,Victoria Robinson,Female,19,2024-12-29,victoria.robinson.28793@gmail.com,Frankfurt,Hesse,Germany,Europe,Paid Search
28794,Saanvi Castillo,Female,30,2022-01-31,saanvi.castillo.28794@gmail.com,Paris,Île-de-France,France,Europe,Organic Search
28801,Reyansh Brown,Male,26,2025-03-18,reyansh.brown.28801@outlook.com,Houston,Texas,United States,North America,Social Media
28826,Maria Moore,Female,28,2024-04-30,maria.moore.28826@gmail.com,São Paulo,São Paulo,Brazil,Latin America,Paid Search
28829,Jeremy Meyer,Male,18,2024-03-06,jeremy.meyer.28829@gmail.com,New York,New York,United States,North America,Organic Search
28840,Martha Gupta,Female,48,2024-04-24,martha.gupta.28840@gmail.com,Sydney,New South Wales,Australia,Asia-Pacific,Email
28868,Roy King,Male,62,2024-10-26,roy.king.28868@yahoo.com,Miami,Florida,United States,North America,Paid Search
28881,Noah Ward,Male,41,2022-06-27,noah.ward.28881@gmail.com,Dallas,Texas,United States,North America,Organic Search
28894,Brandon Gomez,Male,27,2023-01-23,brandon.gomez.28894@gmail.com,Paris,Île-de-France,France,Europe,Direct
28928,Carolyn Sharma,Female,42,2025-04-27,carolyn.sharma.28928@protonmail.com,Munich,Bavaria,Germany,Europe,Direct
28943,Bryan Hall,Male,42,2024-11-26,bryan.hall.28943@gmail.com,London,Greater London,United Kingdom,Europe,Organic Search
28950,Madison James,Female,30,2024-05-02,madison.james.28950@yahoo.com,London,Greater London,United Kingdom,Europe,Paid Search
28975,Noah Sanders,Male,30,2023-04-05,noah.sanders.28975@outlook.com,Manchester,Greater Manchester,United Kingdom,Europe,Direct
28987,Sharon Miller,Female,34,2022-10-01,sharon.miller.28987@yahoo.com,Toronto,Ontario,Canada,North America,Organic Search
28989,Liam Moreau,Male,43,2025-05-29,liam.moreau.28989@yahoo.com,Seattle,Washington,United States,North America,Social Media
29013,Debra Sharma,Female,32,2024-09-07,debra.sharma.29013@gmail.com,Lyon,Auvergne-Rhône-Alpes,France,Europe,Email
29023,Julie Hall,Female,32,2024-08-18,julie.hall.29023@gmail.com,Toronto,Ontario,Canada,North America,Email
29027,Alice Flores,Female,46,2025-06-29,alice.flores.29027@protonmail.com,Dallas,Texas,United States,North America,Organic Search
29037,Maria Weber,Female,44,2025-04-07,maria.weber.29037@yahoo.com,Melbourne,Victoria,Australia,Asia-Pacific,Paid Search
29059,Samuel Mendoza,Male,33,2023-02-23,samuel.mendoza.29059@yahoo.com,New York,New York,United States,North America,Paid Search
29069,Riley Edwards,Female,44,2023-01-30,riley.edwards.29069@icloud.com,Mumbai,Maharashtra,India,Asia-Pacific,Social Media
29076,Abigail Lee,Female,41,2022-10-18,abigail.lee.29076@outlook.com,Manchester,Greater Manchester,United Kingdom,Europe,Paid Search
29093,Ronald Flores,Male,52,2024-11-20,ronald.flores.29093@gmail.com,Dallas,Texas,United States,North America,Organic Search
29109,Benjamin Lee,Male,53,2021-04-21,benjamin.lee.29109@gmail.com,Chicago,Illinois,United States,North America,Organic Search
29135,Samantha Collins,Female,29,2025-10-06,samantha.collins.29135@icloud.com,London,Greater London,United Kingdom,Europe,Social Media
29160,Riley Weber,Female,59,2022-06-23,riley.weber.29160@protonmail.com,Philadelphia,Pennsylvania,United States,North America,Social Media
29170,Ananya Hill,Non-Binary,42,2022-01-31,ananya.hill.29170@gmail.com,Houston,Texas,United States,North America,Social Media
29210,Nora Garcia,Female,45,2023-10-10,nora.garcia.29210@outlook.com,Dallas,Texas,United States,North America,Referral
29212,Jean Sharma,Female,44,2021-09-25,jean.sharma.29212@outlook.com,Sydney,New South Wales,Australia,Asia-Pacific,Social Media
29249,Donna Adams,Female,55,2024-02-05,donna.adams.29249@outlook.com,Manchester,Greater Manchester,United Kingdom,Europe,Social Media
29250,Luca Kumar,Male,33,2023-07-02,luca.kumar.29250@gmail.com,Philadelphia,Pennsylvania,United States,North America,Social Media
29266,Ann Anderson,Female,32,2022-07-20,ann.anderson.29266@gmail.com,Sydney,New South Wales,Australia,Asia-Pacific,Referral
29273,Bobby Hall,Male,48,2025-10-13,bobby.hall.29273@protonmail.com,New York,New York,United States,North America,Paid Search
29284,Cheryl Thomas,Female,39,2024-12-02,cheryl.thomas.29284@icloud.com,Paris,Île-de-France,France,Europe,Social Media
29341,Reyansh Baker,Male,18,2025-08-30,reyansh.baker.29341@icloud.com,Toronto,Ontario,Canada,North America,Social Media
29349,Mark Sharma,Male,35,2023-05-01,mark.sharma.29349@outlook.com,London,Greater London,United Kingdom,Europe,Email
29363,Paul Murphy,Male,45,2024-05-12,paul.murphy.29363@gmail.com,Los Angeles,California,United States,North America,Organic Search
29386,Abigail Diaz,Female,28,2023-05-18,abigail.diaz.29386@protonmail.com,Atlanta,Georgia,United States,North America,Organic Search
29393,Cheryl Johnson,Female,18,2025-06-06,cheryl.johnson.29393@outlook.com,New York,New York,United States,North America,Affiliate
29413,Linda Ramirez,Female,24,2023-02-17,linda.ramirez.29413@gmail.com,Chicago,Illinois,United States,North America,Affiliate
29415,Lauren Cox,Female,29,2022-12-25,lauren.cox.29415@yahoo.com,Houston,Texas,United States,North America,Email
29437,Zachary Dubois,Male,40,2022-11-18,zachary.dubois.29437@gmail.com,São Paulo,São Paulo,Brazil,Latin America,Direct
29439,Wayne Davis,Non-Binary,50,2024-10-03,wayne.davis.29439@gmail.com,Sydney,New South Wales,Australia,Asia-Pacific,Email
29454,Joe Williams,Male,46,2024-07-22,joe.williams.29454@yahoo.com,Atlanta,Georgia,United States,North America,Organic Search
29463,Andrea Perez,Female,35,2022-04-19,andrea.perez.29463@yahoo.com,Houston,Texas,United States,North America,Affiliate
29499,Gregory Baker,Male,48,2021-04-04,gregory.baker.29499@outlook.com,Chicago,Illinois,United States,North America,Paid Search
29514,Hannah Lewis,Female,44,2022-02-13,hannah.lewis.29514@gmail.com,London,Greater London,United Kingdom,Europe,Social Media
29528,Frank Rao,Male,35,2024-04-05,frank.rao.29528@yahoo.com,Mumbai,Maharashtra,India,Asia-Pacific,Email
29555,Andrea Alvarez,Female,37,2023-11-15,andrea.alvarez.29555@gmail.com,London,Greater London,United Kingdom,Europe,Organic Search
29566,Myra Moore,Female,31,2023-04-10,myra.moore.29566@icloud.com,London,Greater London,United Kingdom,Europe,Paid Search
29579,Gabriel Hall,Male,49,2024-07-26,gabriel.hall.29579@yahoo.com,New York,New York,United States,North America,Organic Search
29627,Eleanor Rivera,Female,39,2024-07-11,eleanor.rivera.29627@gmail.com,Mumbai,Maharashtra,India,Asia-Pacific,Paid Search
29654,Frank Gutierrez,Male,25,2023-06-23,frank.gutierrez.29654@yahoo.com,Houston,Texas,United States,North America,Email
29722,Eleanor Cooper,Female,18,2023-11-21,eleanor.cooper.29722@yahoo.com,Dallas,Texas,United States,North America,Direct
29726,Ashley Hall,Female,27,2023-04-12,ashley.hall.29726@yahoo.com,Delhi,Delhi,India,Asia-Pacific,Social Media
29779,Leo Perez,Male,38,2021-07-06,leo.perez.29779@icloud.com,Dallas,Texas,United States,North America,Organic Search
29827,James Williams,Male,44,2023-07-13,james.williams.29827@yahoo.com,Los Angeles,California,United States,North America,Organic Search
29854,Mary Lee,Female,18,2025-06-25,mary.lee.29854@yahoo.com,London,Greater London,United Kingdom,Europe,Organic Search
29871,Christine Castillo,Female,49,2022-04-11,christine.castillo.29871@gmail.com,Vancouver,British Columbia,Canada,North America,Email
29971,Carolyn Cruz,Female,57,2021-09-23,carolyn.cruz.29971@gmail.com,Toronto,Ontario,Canada,North America,Paid Search
30004,Peter Sanchez,Male,41,2025-09-14,peter.sanchez.30004@yahoo.com,New York,New York,United States,North America,Organic Search
30007,Daniel Kelly,Male,25,2021-11-22,daniel.kelly.30007@yahoo.com,Phoenix,Arizona,United States,North America,Referral
30012,Liam Walker,Male,40,2024-06-09,liam.walker.30012@outlook.com,Houston,Texas,United States,North America,Email
30112,Penelope Meyer,Female,28,2024-06-14,penelope.meyer.30112@yahoo.com,Miami,Florida,United States,North America,Organic Search
30135,Sandra Rodriguez,Female,45,2024-10-16,sandra.rodriguez.30135@corporate.org,New York,New York,United States,North America,Paid Search
30206,Eleanor Jackson,Female,35,2024-04-15,eleanor.jackson.30206@yahoo.com,Paris,Île-de-France,France,Europe,Email
30245,Addison Chavez,Female,31,2024-10-14,addison.chavez.30245@gmail.com,Dallas,Texas,United States,North America,Organic Search
30419,Adam Reyes,Male,40,2021-11-21,adam.reyes.30419@gmail.com,Delhi,Delhi,India,Asia-Pacific,Referral
30425,Louis Edwards,Male,34,2023-12-20,louis.edwards.30425@icloud.com,Los Angeles,California,United States,North America,Organic Search
30447,Benjamin Lewis,Male,39,2022-02-04,benjamin.lewis.30447@gmail.com,Phoenix,Arizona,United States,North America,Referral
30456,Jacob Green,Male,35,2023-01-22,jacob.green.30456@gmail.com,New York,New York,United States,North America,Direct
30475,Amy Murphy,Female,34,2022-07-07,amy.murphy.30475@gmail.com,Houston,Texas,United States,North America,Social Media
30479,Lisa Wright,Female,27,2024-10-31,lisa.wright.30479@gmail.com,Lyon,Auvergne-Rhône-Alpes,France,Europe,Social Media
30509,Janet James,Female,18,2025-05-14,janet.james.30509@gmail.com,New York,New York,United States,North America,Organic Search
30515,Riley Edwards,Female,36,2025-05-18,riley.edwards.30515@gmail.com,Houston,Texas,United States,North America,Paid Search
30578,Johnny Ortiz,Male,37,2025-10-16,johnny.ortiz.30578@gmail.com,Vancouver,British Columbia,Canada,North America,Paid Search
30587,Megan Morris,Female,33,2023-10-13,megan.morris.30587@yahoo.com,Los Angeles,California,United States,North America,Social Media
30608,Angela Price,Female,39,2024-10-27,angela.price.30608@gmail.com,Delhi,Delhi,India,Asia-Pacific,Social Media
30614,Dennis Rivera,Male,36,2022-11-11,dennis.rivera.30614@yahoo.com,Chicago,Illinois,United States,North America,Email
30619,Katherine Watson,Female,23,2023-03-10,katherine.watson.30619@gmail.com,Philadelphia,Pennsylvania,United States,North America,Referral
30620,James Singh,Male,45,2024-10-23,james.singh.30620@gmail.com,Toronto,Ontario,Canada,North America,Social Media
30680,Rohan Mitchell,Male,36,2022-05-11,rohan.mitchell.30680@yahoo.com,Houston,Texas,United States,North America,Social Media
30701,Sarah Williams,Female,25,2023-08-22,sarah.williams.30701@corporate.org,Toronto,Ontario,Canada,North America,Organic Search
30714,Stella Turner,Female,59,2024-08-10,stella.turner.30714@yahoo.com,Los Angeles,California,United States,North America,Paid Search
30724,Teresa Cook,Female,47,2021-11-27,teresa.cook.30724@gmail.com,Miami,Florida,United States,North America,Organic Search
30737,Bryan Rao,Male,45,2024-05-19,bryan.rao.30737@gmail.com,Seattle,Washington,United States,North America,Organic Search
30827,Roy Lopez,Male,42,2024-05-09,roy.lopez.30827@outlook.com,São Paulo,São Paulo,Brazil,Latin America,Affiliate
30837,Carol Reed,Female,25,2023-08-15,carol.reed.30837@gmail.com,New York,New York,United States,North America,Paid Search
30841,Christine Kelly,Female,41,2022-04-22,christine.kelly.30841@gmail.com,Manchester,Greater Manchester,United Kingdom,Europe,Paid Search
30888,Paul Chavez,Male,52,2025-09-06,paul.chavez.30888@gmail.com,Bengaluru,Karnataka,India,Asia-Pacific,Social Media
30907,Lawrence Martin,Male,46,2024-12-11,lawrence.martin.30907@gmail.com,Manchester,Greater Manchester,United Kingdom,Europe,Paid Search
30919,Mary Price,Female,48,2022-11-04,mary.price.30919@outlook.com,Phoenix,Arizona,United States,North America,Social Media
30923,Thomas Anderson,Non-Binary,38,2023-03-12,thomas.anderson.30923@gmail.com,Frankfurt,Hesse,Germany,Europe,Paid Search
30926,Sai Nelson,Male,41,2025-07-09,sai.nelson.30926@outlook.com,Phoenix,Arizona,United States,North America,Affiliate
30955,Joseph Wagner,Male,25,2021-05-14,joseph.wagner.30955@gmail.com,Phoenix,Arizona,United States,North America,Email
30964,Samantha Peterson,Female,50,2023-07-09,samantha.peterson.30964@gmail.com,London,Greater London,United Kingdom,Europe,Social Media
30984,Bryan Wagner,Male,50,2022-08-12,bryan.wagner.30984@gmail.com,New York,New York,United States,North America,Referral
30986,Wayne Clark,Male,51,2024-01-19,wayne.clark.30986@yahoo.com,Berlin,Berlin,Germany,Europe,Paid Search
31001,Stephanie Kumar,Female,18,2023-01-04,stephanie.kumar.31001@gmail.com,Chicago,Illinois,United States,North America,Affiliate
31067,Cheryl Lee,Female,37,2025-03-08,cheryl.lee.31067@gmail.com,Philadelphia,Pennsylvania,United States,North America,Direct
31098,Janet Morgan,Female,61,2022-07-11,janet.morgan.31098@gmail.com,Philadelphia,Pennsylvania,United States,North America,Organic Search
31106,Scott Young,Male,30,2022-11-12,scott.young.31106@gmail.com,Los Angeles,California,United States,North America,Social Media
31122,Tyler Davies,Non-Binary,33,2025-02-27,tyler.davies.31122@yahoo.com,Dallas,Texas,United States,North America,Social Media
31135,Jacqueline Davies,Female,30,2024-08-03,jacqueline.davies.31135@yahoo.com,Melbourne,Victoria,Australia,Asia-Pacific,Social Media
31149,Lucas Rivera,Male,27,2024-11-04,lucas.rivera.31149@gmail.com,Mexico City,CDMX,Mexico,Latin America,Social Media
31150,Hudson Alvarez,Male,25,2024-04-26,hudson.alvarez.31150@gmail.com,Toronto,Ontario,Canada,North America,Paid Search
31178,Madison Mitchell,Female,27,2023-03-20,madison.mitchell.31178@outlook.com,Lyon,Auvergne-Rhône-Alpes,France,Europe,Direct
31182,Abigail Gomez,Female,32,2021-10-23,abigail.gomez.31182@outlook.com,Mexico City,CDMX,Mexico,Latin America,Referral
31196,Lauren Thompson,Female,27,2023-09-16,lauren.thompson.31196@gmail.com,Philadelphia,Pennsylvania,United States,North America,Social Media
31203,Janice Ortiz,Female,27,2022-06-27,janice.ortiz.31203@yahoo.com,Birmingham,West Midlands,United Kingdom,Europe,Social Media
31228,Ethan Diaz,Male,31,2023-11-25,ethan.diaz.31228@gmail.com,Miami,Florida,United States,North America,Email
31246,Logan Mendoza,Non-Binary,23,2024-12-03,logan.mendoza.31246@gmail.com,Mexico City,CDMX,Mexico,Latin America,Organic Search
31252,Mateo Jackson,Male,19,2023-05-08,mateo.jackson.31252@gmail.com,Vancouver,British Columbia,Canada,North America,Paid Search
31260,Cynthia Gomez,Female,37,2024-12-24,cynthia.gomez.31260@yahoo.com,Chicago,Illinois,United States,North America,Social Media
31289,Betty Kumar,Female,27,2022-12-31,betty.kumar.31289@gmail.com,New York,New York,United States,North America,Direct
31299,John Thompson,Male,40,2022-12-07,john.thompson.31299@yahoo.com,Berlin,Berlin,Germany,Europe,Social Media
31308,Gary Kim,Male,33,2024-06-09,gary.kim.31308@gmail.com,Toronto,Ontario,Canada,North America,Paid Search
31312,Natalie Fischer,Female,43,2023-01-23,natalie.fischer.31312@corporate.org,Philadelphia,Pennsylvania,United States,North America,Organic Search
31340,Laura Rodriguez,Female,18,2025-04-23,laura.rodriguez.31340@gmail.com,Paris,Île-de-France,France,Europe,Organic Search
31349,Kathryn Phillips,Female,28,2024-03-12,kathryn.phillips.31349@gmail.com,Toronto,Ontario,Canada,North America,Email
31363,Michael Nguyen,Male,40,2023-02-24,michael.nguyen.31363@corporate.org,Lyon,Auvergne-Rhône-Alpes,France,Europe,Paid Search
31373,Anna Cooper,Female,37,2023-10-30,anna.cooper.31373@gmail.com,Mumbai,Maharashtra,India,Asia-Pacific,Organic Search
31379,Judy Brooks,Female,50,2024-02-28,judy.brooks.31379@icloud.com,Bengaluru,Karnataka,India,Asia-Pacific,Organic Search
31390,Emily Johnson,Female,18,2023-12-17,emily.johnson.31390@outlook.com,Paris,Île-de-France,France,Europe,Organic Search
31394,Lily Davis,Female,52,2024-11-30,lily.davis.31394@gmail.com,Bengaluru,Karnataka,India,Asia-Pacific,Paid Search
31401,Kelly Lopez,Female,67,2023-02-28,kelly.lopez.31401@gmail.com,Seattle,Washington,United States,North America,Paid Search
31424,Gloria Evans,Female,27,2022-12-08,gloria.evans.31424@icloud.com,Manchester,Greater Manchester,United Kingdom,Europe,Paid Search
31434,Roy Rodriguez,Male,42,2021-09-27,roy.rodriguez.31434@outlook.com,São Paulo,São Paulo,Brazil,Latin America,Email
31453,Riley Robinson,Female,47,2024-02-23,riley.robinson.31453@gmail.com,Dallas,Texas,United States,North America,Paid Search
31474,Zoey Castillo,Female,44,2022-07-30,zoey.castillo.31474@outlook.com,Seattle,Washington,United States,North America,Referral
31479,Melissa Morris,Female,59,2023-08-01,melissa.morris.31479@outlook.com,Melbourne,Victoria,Australia,Asia-Pacific,Organic Search
31498,Judith Gomez,Female,32,2024-10-09,judith.gomez.31498@gmail.com,New York,New York,United States,North America,Social Media
31516,Daniel Morris,Male,38,2024-11-17,daniel.morris.31516@outlook.com,Los Angeles,California,United States,North America,Social Media
31519,Lisa Harris,Female,40,2024-01-27,lisa.harris.31519@gmail.com,Toronto,Ontario,Canada,North America,Email
31528,Amanda Cox,Female,36,2025-07-30,amanda.cox.31528@gmail.com,Miami,Florida,United States,North America,Social Media
31554,Angela Martin,Female,40,2023-03-09,angela.martin.31554@gmail.com,Mexico City,CDMX,Mexico,Latin America,Social Media
31557,Martha Harris,Female,50,2023-11-10,martha.harris.31557@outlook.com,London,Greater London,United Kingdom,Europe,Social Media
31574,Andrea Nelson,Female,37,2023-07-11,andrea.nelson.31574@outlook.com,Houston,Texas,United States,North America,Email
31577,Ashley Collins,Female,35,2024-06-13,ashley.collins.31577@gmail.com,São Paulo,São Paulo,Brazil,Latin America,Affiliate
31620,Lillian Garcia,Female,50,2025-06-12,lillian.garcia.31620@gmail.com,Sydney,New South Wales,Australia,Asia-Pacific,Paid Search
31679,Austin Gomez,Male,28,2022-09-09,austin.gomez.31679@yahoo.com,Lyon,Auvergne-Rhône-Alpes,France,Europe,Email
31744,Ashley Walker,Female,32,2022-03-19,ashley.walker.31744@yahoo.com,Houston,Texas,United States,North America,Email
31771,Jose Stewart,Male,29,2022-05-05,jose.stewart.31771@outlook.com,Seattle,Washington,United States,North America,Paid Search
31772,Andrew Adams,Male,18,2022-08-06,andrew.adams.31772@outlook.com,Phoenix,Arizona,United States,North America,Organic Search
31801,Philip Weber,Male,18,2022-08-13,philip.weber.31801@gmail.com,Houston,Texas,United States,North America,Direct
31808,Stephanie Green,Female,28,2022-02-25,stephanie.green.31808@gmail.com,New York,New York,United States,North America,Organic Search
31820,Sean Fischer,Male,32,2024-05-21,sean.fischer.31820@gmail.com,New York,New York,United States,North America,Paid Search
31825,Myra Stewart,Female,22,2024-07-15,myra.stewart.31825@outlook.com,Manchester,Greater Manchester,United Kingdom,Europe,Organic Search
31886,Virginia Torres,Female,43,2025-01-27,virginia.torres.31886@gmail.com,Berlin,Berlin,Germany,Europe,Referral
31923,Andrea Kim,Female,35,2024-06-25,andrea.kim.31923@gmail.com,Munich,Bavaria,Germany,Europe,Affiliate
32009,Wayne Reed,Male,31,2023-04-13,wayne.reed.32009@gmail.com,London,Greater London,United Kingdom,Europe,Direct
32025,Zachary Sanders,Male,26,2024-11-03,zachary.sanders.32025@gmail.com,New York,New York,United States,North America,Referral
32029,Brandon Campbell,Male,52,2023-11-24,brandon.campbell.32029@yahoo.com,Chicago,Illinois,United States,North America,Social Media
32030,Luca Collins,Male,37,2022-06-01,luca.collins.32030@icloud.com,Los Angeles,California,United States,North America,Paid Search
32046,Lisa Gutierrez,Female,33,2025-07-20,lisa.gutierrez.32046@gmail.com,Mumbai,Maharashtra,India,Asia-Pacific,Direct
32056,Liam Fischer,Male,41,2025-01-23,liam.fischer.32056@yahoo.com,Bengaluru,Karnataka,India,Asia-Pacific,Direct
32084,Angela Jones,Female,52,2023-05-28,angela.jones.32084@gmail.com,Dallas,Texas,United States,North America,Email
32101,Gregory James,Male,43,2024-11-09,gregory.james.32101@yahoo.com,Berlin,Berlin,Germany,Europe,Social Media
32128,Melissa Scott,Female,33,2024-06-18,melissa.scott.32128@gmail.com,Los Angeles,California,United States,North America,Organic Search
32135,Aarav Thomas,Male,43,2025-10-14,aarav.thomas.32135@gmail.com,Los Angeles,California,United States,North America,Organic Search
32173,William Sharma,Male,21,2023-07-05,william.sharma.32173@yahoo.com,Mexico City,CDMX,Mexico,Latin America,Organic Search
32178,Aarav Jones,Male,49,2024-06-08,aarav.jones.32178@yahoo.com,Los Angeles,California,United States,North America,Paid Search
32219,Carol Moore,Female,34,2021-11-06,carol.moore.32219@outlook.com,New York,New York,United States,North America,Email
32245,Maria Adams,Female,37,2023-06-10,maria.adams.32245@yahoo.com,Houston,Texas,United States,North America,Organic Search
32258,Jacqueline Morgan,Female,56,2025-01-14,jacqueline.morgan.32258@icloud.com,New York,New York,United States,North America,Email
32271,Donna Murphy,Female,38,2023-03-09,donna.murphy.32271@gmail.com,Bengaluru,Karnataka,India,Asia-Pacific,Referral
32273,Saanvi Jones,Female,39,2022-02-11,saanvi.jones.32273@gmail.com,London,Greater London,United Kingdom,Europe,Email
32282,Julie Hall,Female,32,2025-09-19,julie.hall.32282@gmail.com,London,Greater London,United Kingdom,Europe,Paid Search
32287,Gregory Peterson,Male,42,2024-07-22,gregory.peterson.32287@gmail.com,Dallas,Texas,United States,North America,Paid Search
32293,Leah Collins,Female,28,2024-11-23,leah.collins.32293@icloud.com,Munich,Bavaria,Germany,Europe,Social Media
32321,Donald Singh,Male,34,2022-11-13,donald.singh.32321@outlook.com,Phoenix,Arizona,United States,North America,Paid Search
32343,Joe Bennett,Male,58,2024-04-02,joe.bennett.32343@gmail.com,Los Angeles,California,United States,North America,Referral
32348,Emma Evans,Female,44,2024-03-24,emma.evans.32348@yahoo.com,Toronto,Ontario,Canada,North America,Organic Search
32356,Emma Hall,Female,48,2022-04-08,emma.hall.32356@gmail.com,Mexico City,CDMX,Mexico,Latin America,Organic Search
32388,Debra Miller,Female,38,2022-10-28,debra.miller.32388@gmail.com,Philadelphia,Pennsylvania,United States,North America,Paid Search
32467,Julie Rao,Female,52,2023-03-27,julie.rao.32467@gmail.com,Chicago,Illinois,United States,North America,Email
32477,Robert Campbell,Male,30,2024-05-22,robert.campbell.32477@gmail.com,London,Greater London,United Kingdom,Europe,Social Media
32492,Billy Roberts,Male,24,2021-04-19,billy.roberts.32492@outlook.com,Los Angeles,California,United States,North America,Organic Search
32507,Katherine Lee,Non-Binary,44,2023-10-08,katherine.lee.32507@gmail.com,Sydney,New South Wales,Australia,Asia-Pacific,Paid Search
32521,Karen Lewis,Female,23,2025-07-14,karen.lewis.32521@gmail.com,Seattle,Washington,United States,North America,Paid Search
32550,Christina Brown,Female,39,2023-05-27,christina.brown.32550@outlook.com,Los Angeles,California,United States,North America,Email
32563,Katherine Nguyen,Female,25,2025-05-28,katherine.nguyen.32563@gmail.com,Seattle,Washington,United States,North America,Paid Search
32576,Frances Morris,Female,42,2021-10-25,frances.morris.32576@gmail.com,Houston,Texas,United States,North America,Referral
32591,Gary Thompson,Male,26,2023-05-16,gary.thompson.32591@gmail.com,Chicago,Illinois,United States,North America,Paid Search
32633,Daniel Meyer,Male,37,2025-09-08,daniel.meyer.32633@gmail.com,New York,New York,United States,North America,Affiliate
32665,Sophia Sharma,Female,37,2025-01-28,sophia.sharma.32665@outlook.com,Bengaluru,Karnataka,India,Asia-Pacific,Paid Search
32672,Brian Watson,Male,39,2022-06-02,brian.watson.32672@yahoo.com,Dallas,Texas,United States,North America,Direct
32690,Joan Ramos,Female,35,2024-12-15,joan.ramos.32690@gmail.com,Chicago,Illinois,United States,North America,Organic Search
32700,Eugene Lewis,Male,56,2025-01-06,eugene.lewis.32700@gmail.com,Delhi,Delhi,India,Asia-Pacific,Social Media
32717,Karen Brown,Female,20,2024-08-04,karen.brown.32717@gmail.com,Chicago,Illinois,United States,North America,Organic Search
32721,Adam Martin,Male,28,2022-06-17,adam.martin.32721@gmail.com,London,Greater London,United Kingdom,Europe,Paid Search
32729,Reyansh Rao,Male,46,2022-08-28,reyansh.rao.32729@gmail.com,Manchester,Greater Manchester,United Kingdom,Europe,Organic Search
32738,Arjun Richardson,Male,21,2022-08-17,arjun.richardson.32738@yahoo.com,New York,New York,United States,North America,Paid Search
32756,Madison Baker,Female,35,2021-02-09,madison.baker.32756@outlook.com,São Paulo,São Paulo,Brazil,Latin America,Social Media
32764,Alexander Jones,Male,42,2025-09-18,alexander.jones.32764@gmail.com,Houston,Texas,United States,North America,Paid Search
32775,Donna Turner,Female,31,2024-04-30,donna.turner.32775@yahoo.com,Bengaluru,Karnataka,India,Asia-Pacific,Social Media
32822,Albert Harris,Male,21,2021-06-29,albert.harris.32822@gmail.com,Mumbai,Maharashtra,India,Asia-Pacific,Paid Search
32825,Kabir Mitchell,Male,47,2024-08-10,kabir.mitchell.32825@gmail.com,Philadelphia,Pennsylvania,United States,North America,Social Media
32829,John Allen,Male,60,2021-06-14,john.allen.32829@icloud.com,London,Greater London,United Kingdom,Europe,Organic Search
32837,Tyler Jones,Male,34,2024-03-16,tyler.jones.32837@gmail.com,Philadelphia,Pennsylvania,United States,North America,Organic Search
32875,Johnny Jones,Male,23,2022-02-27,johnny.jones.32875@gmail.com,Delhi,Delhi,India,Asia-Pacific,Organic Search
32911,Amanda Gomez,Female,45,2022-10-06,amanda.gomez.32911@gmail.com,Vancouver,British Columbia,Canada,North America,Paid Search
32931,Addison Price,Female,44,2023-12-31,addison.price.32931@gmail.com,Paris,Île-de-France,France,Europe,Social Media
32962,Kenneth Singh,Male,46,2025-07-11,kenneth.singh.32962@gmail.com,Sydney,New South Wales,Australia,Asia-Pacific,Paid Search
32986,Terry Patel,Male,39,2024-11-21,terry.patel.32986@gmail.com,Munich,Bavaria,Germany,Europe,Organic Search
32987,Abigail Gomez,Female,45,2022-08-19,abigail.gomez.32987@icloud.com,Dallas,Texas,United States,North America,Paid Search
33001,Paul Kim,Male,35,2022-04-03,paul.kim.33001@gmail.com,Dallas,Texas,United States,North America,Social Media
33035,Lawrence Campbell,Male,43,2023-12-29,lawrence.campbell.33035@corporate.org,London,Greater London,United Kingdom,Europe,Organic Search
33059,Gerald Wood,Male,32,2021-12-01,gerald.wood.33059@icloud.com,Chicago,Illinois,United States,North America,Social Media
33126,Theo Peterson,Male,44,2023-10-28,theo.peterson.33126@gmail.com,Manchester,Greater Manchester,United Kingdom,Europe,Paid Search
33144,Jean Anderson,Female,47,2023-05-03,jean.anderson.33144@outlook.com,Houston,Texas,United States,North America,Referral
33152,Rebecca Morris,Female,33,2024-02-11,rebecca.morris.33152@yahoo.com,London,Greater London,United Kingdom,Europe,Organic Search
33175,Sean Ortiz,Male,23,2023-07-22,sean.ortiz.33175@gmail.com,New York,New York,United States,North America,Paid Search
33223,Eugene Castillo,Male,33,2025-03-18,eugene.castillo.33223@icloud.com,Atlanta,Georgia,United States,North America,Paid Search
33293,Jonathan Thompson,Male,58,2025-09-17,jonathan.thompson.33293@gmail.com,Bengaluru,Karnataka,India,Asia-Pacific,Social Media
33302,Paul Price,Male,38,2025-08-15,paul.price.33302@yahoo.com,New York,New York,United States,North America,Social Media
33339,William Lewis,Male,41,2024-08-31,william.lewis.33339@outlook.com,Lyon,Auvergne-Rhône-Alpes,France,Europe,Affiliate
33375,Steven Dubois,Male,46,2022-05-02,steven.dubois.33375@gmail.com,Paris,Île-de-France,France,Europe,Email
33385,Jessica Hughes,Female,46,2025-02-15,jessica.hughes.33385@gmail.com,Toronto,Ontario,Canada,North America,Social Media
33387,Noah Gomez,Male,19,2023-11-05,noah.gomez.33387@gmail.com,Paris,Île-de-France,France,Europe,Paid Search
33389,Linda Robinson,Female,22,2024-11-17,linda.robinson.33389@yahoo.com,Seattle,Washington,United States,North America,Email
33394,Walter Diaz,Male,55,2023-01-22,walter.diaz.33394@gmail.com,London,Greater London,United Kingdom,Europe,Social Media
33406,Deborah Moore,Female,33,2021-03-26,deborah.moore.33406@outlook.com,Atlanta,Georgia,United States,North America,Social Media
33408,Dennis Singh,Male,42,2024-10-09,dennis.singh.33408@yahoo.com,Chicago,Illinois,United States,North America,Paid Search
33444,Brenda Castillo,Female,18,2025-08-29,brenda.castillo.33444@gmail.com,Mumbai,Maharashtra,India,Asia-Pacific,Paid Search
33446,Gerald Perez,Male,39,2025-03-08,gerald.perez.33446@gmail.com,New York,New York,United States,North America,Organic Search
33456,Diya King,Female,42,2024-08-20,diya.king.33456@gmail.com,Chicago,Illinois,United States,North America,Paid Search
33492,Gary Watson,Male,26,2023-12-06,gary.watson.33492@gmail.com,Los Angeles,California,United States,North America,Social Media
33500,Eric Ramos,Male,32,2024-09-27,eric.ramos.33500@gmail.com,London,Greater London,United Kingdom,Europe,Paid Search
33504,Laura Reed,Female,28,2021-08-04,laura.reed.33504@gmail.com,Munich,Bavaria,Germany,Europe,Email
33553,Eleanor Alvarez,Female,18,2024-10-14,eleanor.alvarez.33553@gmail.com,New York,New York,United States,North America,Organic Search
33569,Billy Chavez,Male,42,2025-09-24,billy.chavez.33569@gmail.com,London,Greater London,United Kingdom,Europe,Social Media
33573,Carol Martin,Female,34,2022-05-22,carol.martin.33573@gmail.com,Houston,Texas,United States,North America,Direct
33574,Martha Edwards,Female,44,2023-07-03,martha.edwards.33574@gmail.com,Houston,Texas,United States,North America,Referral
33591,Oliver Mitchell,Male,58,2025-03-06,oliver.mitchell.33591@gmail.com,New York,New York,United States,North America,Paid Search
33607,Zoe Reyes,Female,32,2025-09-17,zoe.reyes.33607@yahoo.com,Los Angeles,California,United States,North America,Social Media
33616,Christine White,Female,25,2025-05-17,christine.white.33616@outlook.com,New York,New York,United States,North America,Direct
33627,Myra Brooks,Female,41,2022-04-25,myra.brooks.33627@outlook.com,Houston,Texas,United States,North America,Social Media
33691,Harold Sharma,Male,56,2022-09-27,harold.sharma.33691@gmail.com,Seattle,Washington,United States,North America,Organic Search
33762,Lily Hill,Female,39,2024-09-20,lily.hill.33762@yahoo.com,Toronto,Ontario,Canada,North America,Affiliate
33790,Aanya Wright,Female,52,2024-07-18,aanya.wright.33790@gmail.com,New York,New York,United States,North America,Direct
33818,Mary Mendoza,Female,25,2025-08-26,mary.mendoza.33818@yahoo.com,Delhi,Delhi,India,Asia-Pacific,Paid Search
33912,Frank White,Male,49,2023-08-29,frank.white.33912@outlook.com,Los Angeles,California,United States,North America,Organic Search
33914,Kelly Richardson,Female,40,2022-09-27,kelly.richardson.33914@yahoo.com,Philadelphia,Pennsylvania,United States,North America,Paid Search
33920,Emily Turner,Female,32,2025-07-08,emily.turner.33920@icloud.com,Chicago,Illinois,United States,North America,Direct
33930,Zachary Bailey,Male,30,2021-12-13,zachary.bailey.33930@outlook.com,Vancouver,British Columbia,Canada,North America,Social Media
33934,Bradley Alvarez,Male,47,2024-04-02,bradley.alvarez.33934@gmail.com,Berlin,Berlin,Germany,Europe,Organic Search
34081,Jeffrey Taylor,Male,46,2022-06-13,jeffrey.taylor.34081@outlook.com,Paris,Île-de-France,France,Europe,Social Media
34106,Diya Parker,Female,18,2022-10-26,diya.parker.34106@outlook.com,Melbourne,Victoria,Australia,Asia-Pacific,Email
34117,Ronald Peterson,Male,38,2024-07-30,ronald.peterson.34117@gmail.com,Dallas,Texas,United States,North America,Paid Search
34157,Diane Rogers,Female,36,2024-07-16,diane.rogers.34157@gmail.com,Manchester,Greater Manchester,United Kingdom,Europe,Social Media
34204,Hannah Miller,Female,25,2024-10-22,hannah.miller.34204@gmail.com,Vancouver,British Columbia,Canada,North America,Paid Search
34206,Gerald Singh,Male,34,2025-09-21,gerald.singh.34206@gmail.com,Delhi,Delhi,India,Asia-Pacific,Organic Search
34234,Nancy Smith,Female,48,2025-05-18,nancy.smith.34234@yahoo.com,Mumbai,Maharashtra,India,Asia-Pacific,Organic Search
34278,Brenda Roberts,Female,33,2023-10-12,brenda.roberts.34278@icloud.com,London,Greater London,United Kingdom,Europe,Organic Search
34320,Joseph Stewart,Male,32,2023-01-31,joseph.stewart.34320@outlook.com,London,Greater London,United Kingdom,Europe,Organic Search
34328,Brian Murphy,Male,18,2022-10-28,brian.murphy.34328@yahoo.com,New York,New York,United States,North America,Social Media
34332,Susan Reyes,Female,61,2025-09-09,susan.reyes.34332@protonmail.com,Houston,Texas,United States,North America,Direct
34334,Philip Williams,Male,18,2024-01-31,philip.williams.34334@outlook.com,New York,New York,United States,North America,Affiliate
34416,Samantha Ramos,Female,34,2021-12-21,samantha.ramos.34416@yahoo.com,Dallas,Texas,United States,North America,Direct
34432,Martha Morales,Female,41,2024-01-22,martha.morales.34432@protonmail.com,Vancouver,British Columbia,Canada,North America,Organic Search
34448,Arjun Cox,Male,20,2022-10-29,arjun.cox.34448@gmail.com,Bengaluru,Karnataka,India,Asia-Pacific,Paid Search
34486,Louis Murphy,Male,41,2021-11-03,louis.murphy.34486@protonmail.com,Munich,Bavaria,Germany,Europe,Organic Search
34488,Nora Meyer,Female,52,2024-07-22,nora.meyer.34488@gmail.com,Mexico City,CDMX,Mexico,Latin America,Affiliate
34499,Louis Sharma,Male,43,2021-07-23,louis.sharma.34499@icloud.com,Chicago,Illinois,United States,North America,Affiliate
34576,Susan Murphy,Female,28,2021-09-02,susan.murphy.34576@gmail.com,Vancouver,British Columbia,Canada,North America,Paid Search
34584,Heather Weber,Female,27,2025-10-12,heather.weber.34584@gmail.com,Toronto,Ontario,Canada,North America,Paid Search
34593,Nicole Johnson,Female,18,2022-06-30,nicole.johnson.34593@protonmail.com,Berlin,Berlin,Germany,Europe,Organic Search
34627,Jacqueline Patel,Female,39,2023-03-13,jacqueline.patel.34627@yahoo.com,Seattle,Washington,United States,North America,Organic Search
34644,Leah Scott,Female,27,2025-03-14,leah.scott.34644@yahoo.com,Berlin,Berlin,Germany,Europe,Email
34682,Roger Sharma,Male,35,2024-04-27,roger.sharma.34682@outlook.com,Paris,Île-de-France,France,Europe,Social Media
34688,Asher Allen,Male,25,2023-02-06,asher.allen.34688@yahoo.com,Atlanta,Georgia,United States,North America,Organic Search
34756,Kenneth Edwards,Male,27,2025-06-06,kenneth.edwards.34756@gmail.com,Seattle,Washington,United States,North America,Organic Search
34810,Robert Fischer,Male,36,2025-01-17,robert.fischer.34810@gmail.com,Los Angeles,California,United States,North America,Social Media
34837,Karen Edwards,Female,31,2023-06-07,karen.edwards.34837@protonmail.com,Paris,Île-de-France,France,Europe,Organic Search
34847,Natalie Gomez,Female,36,2024-02-13,natalie.gomez.34847@outlook.com,Chicago,Illinois,United States,North America,Social Media
34853,Pari Anderson,Female,45,2022-05-07,pari.anderson.34853@outlook.com,Phoenix,Arizona,United States,North America,Paid Search
34860,Henry Scott,Male,38,2023-09-14,henry.scott.34860@gmail.com,Los Angeles,California,United States,North America,Social Media
34888,Judith Wright,Female,42,2022-08-13,judith.wright.34888@yahoo.com,Seattle,Washington,United States,North America,Social Media
34921,Juan Evans,Male,37,2022-10-30,juan.evans.34921@gmail.com,Houston,Texas,United States,North America,Paid Search
34952,Deborah Howard,Female,45,2023-09-16,deborah.howard.34952@gmail.com,Birmingham,West Midlands,United Kingdom,Europe,Organic Search
34985,Aria Sanchez,Female,49,2025-05-09,aria.sanchez.34985@gmail.com,London,Greater London,United Kingdom,Europe,Paid Search
34997,Aubrey Davis,Female,32,2023-01-07,aubrey.davis.34997@gmail.com,Chicago,Illinois,United States,North America,Organic Search
35009,Victoria Wright,Female,31,2023-06-13,victoria.wright.35009@outlook.com,Berlin,Berlin,Germany,Europe,Referral
35041,Frank Gutierrez,Male,39,2024-10-14,frank.gutierrez.35041@gmail.com,Vancouver,British Columbia,Canada,North America,Direct
35052,Alan Parker,Male,19,2023-04-26,alan.parker.35052@icloud.com,Toronto,Ontario,Canada,North America,Social Media
35069,Brian Brooks,Male,37,2025-05-13,brian.brooks.35069@gmail.com,Melbourne,Victoria,Australia,Asia-Pacific,Paid Search
35082,Roger Singh,Male,51,2021-02-16,roger.singh.35082@gmail.com,Birmingham,West Midlands,United Kingdom,Europe,Organic Search
35110,Laura Reed,Female,44,2025-08-15,laura.reed.35110@gmail.com,Philadelphia,Pennsylvania,United States,North America,Social Media
35117,Donald James,Male,41,2022-10-07,donald.james.35117@gmail.com,Toronto,Ontario,Canada,North America,Direct
35130,Megan Gupta,Female,27,2024-03-04,megan.gupta.35130@gmail.com,Vancouver,British Columbia,Canada,North America,Organic Search
35165,Evelyn Miller,Female,34,2022-12-24,evelyn.miller.35165@yahoo.com,Atlanta,Georgia,United States,North America,Email
35169,Aarav Schneider,Male,31,2023-09-18,aarav.schneider.35169@gmail.com,New York,New York,United States,North America,Organic Search
35211,Maria Howard,Female,30,2023-12-05,maria.howard.35211@gmail.com,Los Angeles,California,United States,North America,Organic Search
35222,Katherine Miller,Female,44,2023-12-28,katherine.miller.35222@gmail.com,Houston,Texas,United States,North America,Affiliate
35223,Carl Thomas,Non-Binary,65,2022-03-13,carl.thomas.35223@gmail.com,London,Greater London,United Kingdom,Europe,Paid Search
35227,Reyansh Jones,Male,43,2022-06-09,reyansh.jones.35227@protonmail.com,London,Greater London,United Kingdom,Europe,Social Media
35254,Andrew Wood,Male,66,2024-10-10,andrew.wood.35254@gmail.com,Sydney,New South Wales,Australia,Asia-Pacific,Referral
35267,Liam Reyes,Male,38,2022-05-31,liam.reyes.35267@corporate.org,Philadelphia,Pennsylvania,United States,North America,Direct
35286,Michael Harris,Male,18,2025-02-02,michael.harris.35286@gmail.com,New York,New York,United States,North America,Social Media
35318,Gary Mendoza,Male,40,2025-07-09,gary.mendoza.35318@icloud.com,New York,New York,United States,North America,Paid Search
35327,Saanvi Patel,Female,51,2022-05-17,saanvi.patel.35327@gmail.com,Mumbai,Maharashtra,India,Asia-Pacific,Paid Search
35336,Ryan Campbell,Non-Binary,46,2025-08-08,ryan.campbell.35336@yahoo.com,Chicago,Illinois,United States,North America,Direct
35342,Ethan Edwards,Male,49,2025-04-13,ethan.edwards.35342@outlook.com,Los Angeles,California,United States,North America,Organic Search
35351,Janice Schneider,Female,45,2023-05-05,janice.schneider.35351@gmail.com,New York,New York,United States,North America,Organic Search
35367,Bradley Carter,Male,26,2024-03-14,bradley.carter.35367@outlook.com,New York,New York,United States,North America,Paid Search
35374,Lillian Jones,Female,34,2023-08-12,lillian.jones.35374@gmail.com,Dallas,Texas,United States,North America,Paid Search
35398,Brian Richardson,Male,39,2021-08-11,brian.richardson.35398@outlook.com,Philadelphia,Pennsylvania,United States,North America,Organic Search
35433,Andrew Weber,Male,20,2025-10-25,andrew.weber.35433@gmail.com,Seattle,Washington,United States,North America,Organic Search
35484,Amy Bennett,Female,18,2024-11-25,amy.bennett.35484@yahoo.com,London,Greater London,United Kingdom,Europe,Social Media
35515,Abigail Castillo,Female,36,2025-03-16,abigail.castillo.35515@gmail.com,São Paulo,São Paulo,Brazil,Latin America,Paid Search
35519,Sai Singh,Non-Binary,33,2025-01-27,sai.singh.35519@yahoo.com,Los Angeles,California,United States,North America,Referral
35530,Brenda James,Female,18,2024-12-24,brenda.james.35530@icloud.com,Manchester,Greater Manchester,United Kingdom,Europe,Paid Search
35562,Jason Torres,Male,30,2023-08-30,jason.torres.35562@gmail.com,New York,New York,United States,North America,Paid Search
35607,Donald Meyer,Male,59,2025-03-16,donald.meyer.35607@yahoo.com,Toronto,Ontario,Canada,North America,Paid Search
35608,Patrick Miller,Male,35,2022-12-16,patrick.miller.35608@yahoo.com,Houston,Texas,United States,North America,Affiliate
35616,Thomas Weber,Male,29,2024-02-18,thomas.weber.35616@yahoo.com,Los Angeles,California,United States,North America,Direct
35630,Zoe Phillips,Female,31,2023-11-20,zoe.phillips.35630@outlook.com,Miami,Florida,United States,North America,Organic Search
35675,Madison Wilson,Female,41,2024-01-12,madison.wilson.35675@outlook.com,Lyon,Auvergne-Rhône-Alpes,France,Europe,Paid Search
35683,Jonathan Williams,Male,42,2024-10-03,jonathan.williams.35683@protonmail.com,Mumbai,Maharashtra,India,Asia-Pacific,Paid Search
35734,Dylan Davies,Male,39,2023-11-29,dylan.davies.35734@outlook.com,New York,New York,United States,North America,Paid Search
35767,Donald Cruz,Male,18,2023-08-29,donald.cruz.35767@gmail.com,London,Greater London,United Kingdom,Europe,Organic Search
35790,Ethan King,Male,26,2022-12-08,ethan.king.35790@gmail.com,London,Greater London,United Kingdom,Europe,Paid Search
35795,Penelope Gonzalez,Female,18,2025-05-24,penelope.gonzalez.35795@gmail.com,New York,New York,United States,North America,Paid Search
35813,Karen Howard,Female,34,2022-04-16,karen.howard.35813@outlook.com,Los Angeles,California,United States,North America,Paid Search
35847,Austin Cook,Male,25,2021-10-07,austin.cook.35847@outlook.com,Delhi,Delhi,India,Asia-Pacific,Affiliate
35861,Bobby Watson,Male,18,2024-10-24,bobby.watson.35861@yahoo.com,Los Angeles,California,United States,North America,Organic Search
35898,Madison Dubois,Female,22,2024-05-03,madison.dubois.35898@gmail.com,Los Angeles,California,United States,North America,Email
35950,Martha Castillo,Female,53,2022-05-04,martha.castillo.35950@gmail.com,New York,New York,United States,North America,Social Media
35952,Betty Green,Female,47,2023-08-09,betty.green.35952@gmail.com,Los Angeles,California,United States,North America,Direct
35969,Walter Morgan,Male,28,2024-05-08,walter.morgan.35969@yahoo.com,Seattle,Washington,United States,North America,Email
36005,Rohan Harris,Male,24,2021-05-12,rohan.harris.36005@gmail.com,Seattle,Washington,United States,North America,Social Media
36007,Patricia Phillips,Female,27,2021-07-11,patricia.phillips.36007@gmail.com,Frankfurt,Hesse,Germany,Europe,Email
36021,James Alvarez,Male,36,2022-08-05,james.alvarez.36021@yahoo.com,Chicago,Illinois,United States,North America,Social Media
36036,Patricia Johnson,Female,24,2025-05-18,patricia.johnson.36036@gmail.com,Lyon,Auvergne-Rhône-Alpes,France,Europe,Social Media
36037,Jerry Wagner,Male,44,2023-12-08,jerry.wagner.36037@yahoo.com,Munich,Bavaria,Germany,Europe,Affiliate
36073,Angela Stewart,Female,36,2025-01-09,angela.stewart.36073@gmail.com,London,Greater London,United Kingdom,Europe,Social Media
36122,Eleanor Stewart,Female,36,2024-03-02,eleanor.stewart.36122@protonmail.com,Philadelphia,Pennsylvania,United States,North America,Direct
36128,Donna Williams,Female,51,2024-01-17,donna.williams.36128@gmail.com,Seattle,Washington,United States,North America,Organic Search
36178,Cynthia Ramirez,Female,37,2024-09-18,cynthia.ramirez.36178@yahoo.com,Los Angeles,California,United States,North America,Direct
36203,Grace Murphy,Female,31,2022-02-14,grace.murphy.36203@yahoo.com,Manchester,Greater Manchester,United Kingdom,Europe,Paid Search
36250,Donna Reed,Female,45,2024-08-05,donna.reed.36250@gmail.com,Mumbai,Maharashtra,India,Asia-Pacific,Social Media
36267,Rebecca Parker,Female,31,2023-01-17,rebecca.parker.36267@icloud.com,New York,New York,United States,North America,Direct
36294,Liam Mendoza,Male,22,2024-08-21,liam.mendoza.36294@gmail.com,Chicago,Illinois,United States,North America,Social Media
36305,Keith Morgan,Male,41,2023-06-16,keith.morgan.36305@gmail.com,Chicago,Illinois,United States,North America,Email
36316,Avani Clark,Female,39,2024-09-06,avani.clark.36316@gmail.com,Paris,Île-de-France,France,Europe,Referral
36319,Kelly Clark,Female,33,2025-05-14,kelly.clark.36319@yahoo.com,New York,New York,United States,North America,Email
36324,Melissa Watson,Female,28,2022-09-11,melissa.watson.36324@protonmail.com,Los Angeles,California,United States,North America,Organic Search
36374,Kabir Ramos,Male,37,2025-04-17,kabir.ramos.36374@yahoo.com,Mumbai,Maharashtra,India,Asia-Pacific,Paid Search
36380,Maria Mendoza,Female,23,2023-05-22,maria.mendoza.36380@outlook.com,London,Greater London,United Kingdom,Europe,Organic Search
36395,Jonathan Turner,Male,40,2024-02-05,jonathan.turner.36395@gmail.com,Houston,Texas,United States,North America,Organic Search
36402,Carol Singh,Female,22,2022-11-03,carol.singh.36402@yahoo.com,Seattle,Washington,United States,North America,Social Media
36411,Daniel Peterson,Male,32,2024-10-02,daniel.peterson.36411@icloud.com,Bengaluru,Karnataka,India,Asia-Pacific,Social Media
36429,Brenda Bailey,Female,32,2025-10-13,brenda.bailey.36429@protonmail.com,Los Angeles,California,United States,North America,Direct
36473,Ralph Walker,Male,31,2024-08-25,ralph.walker.36473@gmail.com,Dallas,Texas,United States,North America,Paid Search
36476,Jerry Alvarez,Male,18,2023-06-13,jerry.alvarez.36476@protonmail.com,Bengaluru,Karnataka,India,Asia-Pacific,Paid Search
36488,Lisa Stewart,Female,36,2022-09-04,lisa.stewart.36488@outlook.com,Vancouver,British Columbia,Canada,North America,Email
36497,Teresa Sharma,Female,39,2024-04-08,teresa.sharma.36497@yahoo.com,Seattle,Washington,United States,North America,Social Media
36507,Matthew Gomez,Male,47,2025-10-19,matthew.gomez.36507@gmail.com,Berlin,Berlin,Germany,Europe,Organic Search
36509,Margaret Carter,Female,28,2024-11-20,margaret.carter.36509@icloud.com,Philadelphia,Pennsylvania,United States,North America,Organic Search
36554,Stella Garcia,Female,22,2024-10-10,stella.garcia.36554@icloud.com,Houston,Texas,United States,North America,Direct
36590,Pari Taylor,Female,29,2021-06-05,pari.taylor.36590@outlook.com,Atlanta,Georgia,United States,North America,Email
36606,Jacob Johnson,Male,20,2022-06-28,jacob.johnson.36606@yahoo.com,Lyon,Auvergne-Rhône-Alpes,France,Europe,Social Media
36609,Isha Schneider,Female,28,2024-04-07,isha.schneider.36609@gmail.com,Los Angeles,California,United States,North America,Organic Search
36622,Hannah Evans,Female,48,2023-09-19,hannah.evans.36622@gmail.com,Bengaluru,Karnataka,India,Asia-Pacific,Direct
36633,William Campbell,Non-Binary,44,2021-09-04,william.campbell.36633@yahoo.com,Houston,Texas,United States,North America,Email
36641,Cynthia Flores,Female,18,2023-02-09,cynthia.flores.36641@gmail.com,Mumbai,Maharashtra,India,Asia-Pacific,Organic Search
36693,Judy Morris,Female,43,2022-04-20,judy.morris.36693@icloud.com,Chicago,Illinois,United States,North America,Paid Search
36804,Julia Sanders,Female,30,2023-08-10,julia.sanders.36804@yahoo.com,Paris,Île-de-France,France,Europe,Paid Search
36806,Roy Martin,Male,22,2024-05-12,roy.martin.36806@outlook.com,New York,New York,United States,North America,Paid Search
36813,Myra Diaz,Female,44,2021-03-26,myra.diaz.36813@gmail.com,Paris,Île-de-France,France,Europe,Organic Search
36853,Pamela Bennett,Female,58,2024-06-12,pamela.bennett.36853@gmail.com,Mumbai,Maharashtra,India,Asia-Pacific,Email
36856,Martha Allen,Female,30,2022-02-15,martha.allen.36856@gmail.com,Lyon,Auvergne-Rhône-Alpes,France,Europe,Organic Search
36874,Kabir Parker,Male,37,2022-07-28,kabir.parker.36874@gmail.com,Delhi,Delhi,India,Asia-Pacific,Paid Search
36888,Bobby Ortiz,Male,31,2022-09-20,bobby.ortiz.36888@gmail.com,Paris,Île-de-France,France,Europe,Social Media
36904,Jeremy Gupta,Male,28,2021-07-17,jeremy.gupta.36904@gmail.com,London,Greater London,United Kingdom,Europe,Direct
36936,Mark Edwards,Male,52,2021-12-19,mark.edwards.36936@outlook.com,New York,New York,United States,North America,Email
36952,Megan Morris,Female,49,2024-09-21,megan.morris.36952@gmail.com,Lyon,Auvergne-Rhône-Alpes,France,Europe,Paid Search
36960,Philip Brown,Male,28,2025-03-24,philip.brown.36960@outlook.com,New York,New York,United States,North America,Direct
36970,Ralph Gonzalez,Male,34,2025-07-22,ralph.gonzalez.36970@gmail.com,Chicago,Illinois,United States,North America,Social Media
36995,Aaron Bennett,Male,37,2024-05-15,aaron.bennett.36995@icloud.com,Toronto,Ontario,Canada,North America,Paid Search
37068,Cheryl Anderson,Female,21,2024-03-14,cheryl.anderson.37068@gmail.com,Lyon,Auvergne-Rhône-Alpes,France,Europe,Paid Search
37077,Andrea Price,Female,38,2022-11-28,andrea.price.37077@icloud.com,Seattle,Washington,United States,North America,Social Media
37135,Scott Weber,Male,30,2022-05-23,scott.weber.37135@yahoo.com,Chicago,Illinois,United States,North America,Direct
37139,Timothy Hughes,Male,50,2023-09-30,timothy.hughes.37139@gmail.com,Chicago,Illinois,United States,North America,Organic Search
37140,Timothy Verma,Male,39,2025-08-13,timothy.verma.37140@gmail.com,Bengaluru,Karnataka,India,Asia-Pacific,Paid Search
37149,Madison Roberts,Female,30,2023-05-27,madison.roberts.37149@outlook.com,Paris,Île-de-France,France,Europe,Social Media
37157,Mary Hall,Female,41,2025-02-23,mary.hall.37157@gmail.com,Los Angeles,California,United States,North America,Email
37192,Janice Morris,Female,27,2025-09-10,janice.morris.37192@gmail.com,Toronto,Ontario,Canada,North America,Organic Search
37214,Jesse Verma,Male,46,2023-05-18,jesse.verma.37214@gmail.com,Dallas,Texas,United States,North America,Email
37260,Brian Kim,Male,25,2022-03-16,brian.kim.37260@yahoo.com,London,Greater London,United Kingdom,Europe,Email
37277,Christine Brown,Female,42,2022-05-06,christine.brown.37277@gmail.com,Berlin,Berlin,Germany,Europe,Referral
37285,Cynthia Miller,Female,57,2023-05-17,cynthia.miller.37285@outlook.com,Phoenix,Arizona,United States,North America,Affiliate
37294,Janet Sanders,Female,59,2024-07-17,janet.sanders.37294@gmail.com,Phoenix,Arizona,United States,North America,Social Media
37302,Jennifer Adams,Female,30,2022-10-17,jennifer.adams.37302@icloud.com,Seattle,Washington,United States,North America,Social Media
37327,Rohan Bailey,Male,29,2023-02-08,rohan.bailey.37327@corporate.org,São Paulo,São Paulo,Brazil,Latin America,Paid Search
37357,Samuel Miller,Male,43,2024-02-08,samuel.miller.37357@outlook.com,Chicago,Illinois,United States,North America,Direct
37377,Kevin Smith,Male,18,2022-06-07,kevin.smith.37377@gmail.com,Seattle,Washington,United States,North America,Direct
37400,Bryan Gutierrez,Male,40,2021-05-08,bryan.gutierrez.37400@outlook.com,Philadelphia,Pennsylvania,United States,North America,Paid Search
37405,Jacqueline Diaz,Female,41,2023-02-26,jacqueline.diaz.37405@yahoo.com,Miami,Florida,United States,North America,Paid Search
37449,Leah Rogers,Female,19,2023-08-31,leah.rogers.37449@outlook.com,Houston,Texas,United States,North America,Social Media
37474,Carl Hall,Male,36,2023-07-27,carl.hall.37474@gmail.com,Phoenix,Arizona,United States,North America,Social Media
37489,Angela Morgan,Female,36,2023-08-28,angela.morgan.37489@icloud.com,Delhi,Delhi,India,Asia-Pacific,Referral
37514,Walter Becker,Male,56,2023-12-28,walter.becker.37514@outlook.com,Los Angeles,California,United States,North America,Paid Search
37538,Joe Murphy,Male,40,2025-01-21,joe.murphy.37538@outlook.com,Paris,Île-de-France,France,Europe,Paid Search
37545,Christine Thomas,Female,27,2023-10-31,christine.thomas.37545@yahoo.com,Munich,Bavaria,Germany,Europe,Social Media
37596,Myra Scott,Female,56,2022-06-13,myra.scott.37596@yahoo.com,London,Greater London,United Kingdom,Europe,Social Media
37607,Jeffrey Garcia,Male,29,2024-02-19,jeffrey.garcia.37607@gmail.com,New York,New York,United States,North America,Social Media
37614,Ronald Cook,Male,35,2025-03-29,ronald.cook.37614@yahoo.com,Manchester,Greater Manchester,United Kingdom,Europe,Email
37633,Ashley Perez,Female,45,2023-12-23,ashley.perez.37633@yahoo.com,Bengaluru,Karnataka,India,Asia-Pacific,Paid Search
37637,Zoey Robinson,Female,32,2024-09-18,zoey.robinson.37637@gmail.com,London,Greater London,United Kingdom,Europe,Email
37665,Arjun Morgan,Male,46,2022-03-20,arjun.morgan.37665@gmail.com,Bengaluru,Karnataka,India,Asia-Pacific,Organic Search
37704,Riley Garcia,Female,40,2023-08-14,riley.garcia.37704@gmail.com,Toronto,Ontario,Canada,North America,Organic Search
37740,Mary Carter,Female,52,2024-02-10,mary.carter.37740@gmail.com,Sydney,New South Wales,Australia,Asia-Pacific,Organic Search
37765,Aaron Castillo,Male,45,2025-04-16,aaron.castillo.37765@yahoo.com,Berlin,Berlin,Germany,Europe,Direct
37767,Christina Stewart,Female,35,2021-10-09,christina.stewart.37767@outlook.com,Phoenix,Arizona,United States,North America,Social Media
37791,Andrew Roberts,Male,44,2025-07-08,andrew.roberts.37791@gmail.com,Los Angeles,California,United States,North America,Organic Search
37832,Nicole Young,Female,48,2023-10-03,nicole.young.37832@gmail.com,Seattle,Washington,United States,North America,Paid Search
37853,Eugene Lewis,Male,31,2025-09-07,eugene.lewis.37853@gmail.com,Chicago,Illinois,United States,North America,Social Media
37855,Hudson Williams,Male,45,2025-05-05,hudson.williams.37855@yahoo.com,Manchester,Greater Manchester,United Kingdom,Europe,Direct
37872,Amy Lee,Female,31,2025-05-11,amy.lee.37872@gmail.com,Frankfurt,Hesse,Germany,Europe,Affiliate
37875,Deborah Rodriguez,Non-Binary,32,2023-12-13,deborah.rodriguez.37875@gmail.com,Atlanta,Georgia,United States,North America,Organic Search
37888,Gregory James,Male,28,2022-11-25,gregory.james.37888@gmail.com,New York,New York,United States,North America,Paid Search
37906,Kevin Morales,Male,36,2025-04-14,kevin.morales.37906@icloud.com,Paris,Île-de-France,France,Europe,Social Media
37909,Anthony Scott,Male,48,2025-05-23,anthony.scott.37909@gmail.com,New York,New York,United States,North America,Social Media
37934,Bryan Gonzalez,Male,51,2023-09-13,bryan.gonzalez.37934@yahoo.com,Chicago,Illinois,United States,North America,Organic Search
37941,Jonathan Chavez,Male,56,2024-09-24,jonathan.chavez.37941@yahoo.com,Mexico City,CDMX,Mexico,Latin America,Paid Search
37946,Nora Kim,Female,39,2023-01-20,nora.kim.37946@gmail.com,New York,New York,United States,North America,Email
37962,Brian Hall,Male,42,2021-08-28,brian.hall.37962@gmail.com,Toronto,Ontario,Canada,North America,Email
37968,Bradley Lopez,Male,20,2021-01-23,bradley.lopez.37968@yahoo.com,Chicago,Illinois,United States,North America,Social Media
38005,Carolyn Mitchell,Female,30,2021-09-26,carolyn.mitchell.38005@yahoo.com,Berlin,Berlin,Germany,Europe,Organic Search
38015,Avani Turner,Female,34,2023-12-12,avani.turner.38015@gmail.com,Paris,Île-de-France,France,Europe,Referral
38022,Arjun Edwards,Male,33,2022-04-14,arjun.edwards.38022@gmail.com,Mumbai,Maharashtra,India,Asia-Pacific,Social Media
38073,Michael White,Male,46,2024-10-30,michael.white.38073@gmail.com,Philadelphia,Pennsylvania,United States,North America,Direct
38094,Ezra Stewart,Male,24,2025-10-12,ezra.stewart.38094@outlook.com,Atlanta,Georgia,United States,North America,Organic Search
38111,Roy Lopez,Male,51,2023-04-17,roy.lopez.38111@gmail.com,Chicago,Illinois,United States,North America,Paid Search
38130,Nancy White,Female,24,2023-04-24,nancy.white.38130@gmail.com,Delhi,Delhi,India,Asia-Pacific,Social Media
38150,Sarah Cooper,Female,27,2024-07-08,sarah.cooper.38150@gmail.com,London,Greater London,United Kingdom,Europe,Social Media
38176,Juan Garcia,Male,52,2024-10-18,juan.garcia.38176@outlook.com,Berlin,Berlin,Germany,Europe,Social Media
38197,Patricia Cruz,Female,43,2024-01-17,patricia.cruz.38197@gmail.com,Dallas,Texas,United States,North America,Email
38198,Karen Rao,Female,27,2022-10-20,karen.rao.38198@gmail.com,New York,New York,United States,North America,Social Media
38216,Arthur Allen,Male,36,2022-04-20,arthur.allen.38216@gmail.com,Mumbai,Maharashtra,India,Asia-Pacific,Referral
38224,Margaret Castillo,Female,46,2024-02-25,margaret.castillo.38224@yahoo.com,Sydney,New South Wales,Australia,Asia-Pacific,Organic Search
38233,Jean Evans,Female,38,2023-11-26,jean.evans.38233@gmail.com,Philadelphia,Pennsylvania,United States,North America,Referral
38249,Joe Cox,Male,38,2025-07-24,joe.cox.38249@gmail.com,Houston,Texas,United States,North America,Direct
38251,Nicole Taylor,Female,34,2022-09-21,nicole.taylor.38251@gmail.com,Houston,Texas,United States,North America,Paid Search
38293,Richard Turner,Male,18,2025-05-17,richard.turner.38293@outlook.com,Mexico City,CDMX,Mexico,Latin America,Email
38299,Natalie Moreau,Female,48,2023-07-05,natalie.moreau.38299@gmail.com,Chicago,Illinois,United States,North America,Email
38306,Saanvi Cook,Female,34,2024-11-27,saanvi.cook.38306@yahoo.com,Mumbai,Maharashtra,India,Asia-Pacific,Organic Search
38310,Noah Rao,Male,37,2023-01-30,noah.rao.38310@gmail.com,Paris,Île-de-France,France,Europe,Paid Search
38318,Raymond Turner,Male,28,2023-08-18,raymond.turner.38318@gmail.com,London,Greater London,United Kingdom,Europe,Organic Search
38376,Alice Kelly,Female,46,2024-10-16,alice.kelly.38376@gmail.com,Atlanta,Georgia,United States,North America,Paid Search
38416,Joyce Wagner,Female,37,2024-06-24,joyce.wagner.38416@outlook.com,London,Greater London,United Kingdom,Europe,Email
38461,Jessica Mitchell,Female,26,2024-10-01,jessica.mitchell.38461@yahoo.com,Los Angeles,California,United States,North America,Paid Search
38488,Gary Scott,Male,18,2023-09-03,gary.scott.38488@gmail.com,New York,New York,United States,North America,Organic Search
38495,Scott Sharma,Male,44,2023-01-10,scott.sharma.38495@gmail.com,Toronto,Ontario,Canada,North America,Referral
38512,Hannah Evans,Female,39,2024-05-30,hannah.evans.38512@yahoo.com,Miami,Florida,United States,North America,Organic Search
38553,Alexander Bennett,Male,21,2025-09-17,alexander.bennett.38553@yahoo.com,Delhi,Delhi,India,Asia-Pacific,Affiliate
38596,Harold Carter,Male,42,2025-06-23,harold.carter.38596@gmail.com,New York,New York,United States,North America,Paid Search
38649,Joe Adams,Male,42,2025-02-28,joe.adams.38649@gmail.com,Mumbai,Maharashtra,India,Asia-Pacific,Organic Search
38681,Bobby Mitchell,Male,18,2024-11-10,bobby.mitchell.38681@yahoo.com,Paris,Île-de-France,France,Europe,Social Media
38689,Noah Rivera,Male,31,2023-02-27,noah.rivera.38689@gmail.com,Sydney,New South Wales,Australia,Asia-Pacific,Paid Search
38730,Eugene Richardson,Male,72,2022-10-31,eugene.richardson.38730@yahoo.com,Phoenix,Arizona,United States,North America,Affiliate
38743,Maria Green,Female,37,2024-08-30,maria.green.38743@gmail.com,Seattle,Washington,United States,North America,Organic Search
38755,Riley Hall,Female,18,2024-02-12,riley.hall.38755@outlook.com,Paris,Île-de-France,France,Europe,Organic Search
38790,Gerald Hall,Male,22,2022-07-02,gerald.hall.38790@icloud.com,Chicago,Illinois,United States,North America,Referral
38795,Diane Bailey,Female,40,2024-03-14,diane.bailey.38795@icloud.com,New York,New York,United States,North America,Organic Search
38805,Ronald Johnson,Male,26,2025-01-20,ronald.johnson.38805@outlook.com,Bengaluru,Karnataka,India,Asia-Pacific,Organic Search
38830,Janet Rogers,Female,49,2023-12-25,janet.rogers.38830@yahoo.com,Lyon,Auvergne-Rhône-Alpes,France,Europe,Paid Search
38855,Addison Gupta,Female,49,2023-09-09,addison.gupta.38855@outlook.com,Delhi,Delhi,India,Asia-Pacific,Paid Search
38866,Chloe Gutierrez,Female,31,2025-08-26,chloe.gutierrez.38866@gmail.com,Los Angeles,California,United States,North America,Paid Search
38878,Pari Evans,Female,32,2024-07-30,pari.evans.38878@protonmail.com,Los Angeles,California,United States,North America,Paid Search
38910,Peter Anderson,Male,24,2025-01-22,peter.anderson.38910@yahoo.com,Phoenix,Arizona,United States,North America,Social Media
38960,George King,Male,50,2024-09-07,george.king.38960@gmail.com,London,Greater London,United Kingdom,Europe,Paid Search
39010,Jordan Parker,Male,40,2025-02-12,jordan.parker.39010@gmail.com,Houston,Texas,United States,North America,Social Media
39026,Gloria Sanders,Female,39,2024-12-27,gloria.sanders.39026@gmail.com,Seattle,Washington,United States,North America,Social Media
39045,Jennifer Price,Female,39,2022-08-02,jennifer.price.39045@yahoo.com,Paris,Île-de-France,France,Europe,Email
39046,Dylan Cruz,Male,18,2023-11-09,dylan.cruz.39046@gmail.com,Atlanta,Georgia,United States,North America,Social Media
39073,Saanvi Peterson,Female,41,2023-08-20,saanvi.peterson.39073@icloud.com,Manchester,Greater Manchester,United Kingdom,Europe,Social Media
39088,Katherine Brown,Female,23,2025-08-20,katherine.brown.39088@yahoo.com,Munich,Bavaria,Germany,Europe,Referral
39122,Penelope Kumar,Female,51,2022-09-20,penelope.kumar.39122@gmail.com,Lyon,Auvergne-Rhône-Alpes,France,Europe,Social Media
39152,Riley Singh,Female,38,2025-01-21,riley.singh.39152@outlook.com,Chicago,Illinois,United States,North America,Direct
39172,Heather Allen,Female,44,2024-11-23,heather.allen.39172@outlook.com,Atlanta,Georgia,United States,North America,Affiliate
39181,Albert Thomas,Male,20,2023-05-07,albert.thomas.39181@gmail.com,Toronto,Ontario,Canada,North America,Paid Search
39225,Nicholas Green,Male,23,2023-05-06,nicholas.green.39225@gmail.com,Birmingham,West Midlands,United Kingdom,Europe,Social Media
39263,Chloe Ramos,Female,31,2023-01-14,chloe.ramos.39263@yahoo.com,Los Angeles,California,United States,North America,Social Media
39278,Heather Bennett,Female,41,2025-07-18,heather.bennett.39278@gmail.com,New York,New York,United States,North America,Organic Search
39339,Jose Richardson,Male,40,2025-03-14,jose.richardson.39339@gmail.com,Manchester,Greater Manchester,United Kingdom,Europe,Referral
39343,Judith Collins,Female,27,2022-06-04,judith.collins.39343@gmail.com,Philadelphia,Pennsylvania,United States,North America,Email
39345,Jennifer Gonzalez,Female,40,2023-09-12,jennifer.gonzalez.39345@gmail.com,Toronto,Ontario,Canada,North America,Social Media
39347,Jessica Kelly,Female,36,2022-07-27,jessica.kelly.39347@yahoo.com,New York,New York,United States,North America,Social Media
39353,Logan White,Male,53,2025-09-19,logan.white.39353@gmail.com,Munich,Bavaria,Germany,Europe,Direct
39366,Zoe Evans,Female,41,2024-04-22,zoe.evans.39366@gmail.com,Frankfurt,Hesse,Germany,Europe,Organic Search
39403,Albert Patel,Male,39,2024-08-05,albert.patel.39403@outlook.com,Mexico City,CDMX,Mexico,Latin America,Social Media
39409,Laura Jones,Female,45,2021-08-31,laura.jones.39409@yahoo.com,Los Angeles,California,United States,North America,Organic Search
39440,Walter Evans,Male,32,2021-07-16,walter.evans.39440@outlook.com,Toronto,Ontario,Canada,North America,Paid Search
39469,Jack Gomez,Male,36,2024-02-17,jack.gomez.39469@outlook.com,Melbourne,Victoria,Australia,Asia-Pacific,Social Media
39527,Anna Robinson,Female,41,2023-02-14,anna.robinson.39527@gmail.com,Seattle,Washington,United States,North America,Organic Search
39544,Addison Martin,Female,40,2025-05-07,addison.martin.39544@yahoo.com,Manchester,Greater Manchester,United Kingdom,Europe,Paid Search
39549,Edward Richardson,Male,50,2024-11-02,edward.richardson.39549@gmail.com,Delhi,Delhi,India,Asia-Pacific,Social Media
39564,Kathryn Ramirez,Female,23,2021-09-21,kathryn.ramirez.39564@gmail.com,Berlin,Berlin,Germany,Europe,Organic Search
39599,Sarah Roberts,Female,32,2021-11-14,sarah.roberts.39599@gmail.com,Lyon,Auvergne-Rhône-Alpes,France,Europe,Social Media
39601,Justin Wright,Male,28,2023-11-14,justin.wright.39601@gmail.com,Delhi,Delhi,India,Asia-Pacific,Referral
39602,Sharon Williams,Female,66,2025-08-08,sharon.williams.39602@gmail.com,New York,New York,United States,North America,Organic Search
39652,Henry Cook,Male,35,2023-07-06,henry.cook.39652@gmail.com,Berlin,Berlin,Germany,Europe,Organic Search
39666,Arjun Becker,Male,37,2024-11-01,arjun.becker.39666@gmail.com,Manchester,Greater Manchester,United Kingdom,Europe,Organic Search
39698,Zoe Murphy,Female,38,2025-05-27,zoe.murphy.39698@yahoo.com,Delhi,Delhi,India,Asia-Pacific,Social Media
39708,Jeremy Rodriguez,Male,39,2022-03-14,jeremy.rodriguez.39708@gmail.com,Berlin,Berlin,Germany,Europe,Email
39726,Judith Jones,Female,37,2025-03-09,judith.jones.39726@yahoo.com,Dallas,Texas,United States,North America,Referral
39728,Patricia Baker,Female,41,2023-07-09,patricia.baker.39728@gmail.com,Houston,Texas,United States,North America,Paid Search
39753,Vihaan Ward,Male,29,2025-04-27,vihaan.ward.39753@gmail.com,New York,New York,United States,North America,Social Media
39757,Keith Scott,Male,22,2023-10-22,keith.scott.39757@gmail.com,Los Angeles,California,United States,North America,Paid Search
39762,Rohan Rodriguez,Male,47,2024-03-16,rohan.rodriguez.39762@gmail.com,Birmingham,West Midlands,United Kingdom,Europe,Email
39786,Amy Harris,Female,29,2022-05-19,amy.harris.39786@gmail.com,Los Angeles,California,United States,North America,Organic Search
39811,Jerry Flores,Male,54,2025-09-30,jerry.flores.39811@outlook.com,Frankfurt,Hesse,Germany,Europe,Referral
39880,Angela Fischer,Female,34,2023-05-17,angela.fischer.39880@gmail.com,Chicago,Illinois,United States,North America,Social Media
39887,Theo Martinez,Male,31,2024-09-07,theo.martinez.39887@icloud.com,London,Greater London,United Kingdom,Europe,Social Media
39912,Brandon Lee,Male,57,2025-09-10,brandon.lee.39912@yahoo.com,New York,New York,United States,North America,Organic Search
39919,Pari King,Female,25,2025-09-26,pari.king.39919@gmail.com,Dallas,Texas,United States,North America,Paid Search
39930,Sharon Evans,Female,34,2025-04-04,sharon.evans.39930@outlook.com,Miami,Florida,United States,North America,Paid Search
39938,Emily Alvarez,Female,18,2022-12-13,emily.alvarez.39938@protonmail.com,Houston,Texas,United States,North America,Organic Search
39957,Kabir Brooks,Male,48,2021-03-29,kabir.brooks.39957@gmail.com,Sydney,New South Wales,Australia,Asia-Pacific,Email
39968,Albert Campbell,Male,32,2025-10-02,albert.campbell.39968@outlook.com,Atlanta,Georgia,United States,North America,Affiliate
39974,Johnny Kim,Male,28,2022-12-10,johnny.kim.39974@yahoo.com,Los Angeles,California,United States,North America,Organic Search
39983,Gloria Jones,Female,34,2023-03-11,gloria.jones.39983@gmail.com,New York,New York,United States,North America,Paid Search
39989,Willie Ramos,Male,27,2025-09-25,willie.ramos.39989@outlook.com,Chicago,Illinois,United States,North America,Affiliate
39996,Addison Clark,Female,30,2025-05-24,addison.clark.39996@gmail.com,Bengaluru,Karnataka,India,Asia-Pacific,Organic Search
40007,Logan Perez,Male,24,2024-07-16,logan.perez.40007@gmail.com,Bengaluru,Karnataka,India,Asia-Pacific,Social Media
40028,Frank Gutierrez,Male,27,2021-06-02,frank.gutierrez.40028@gmail.com,Paris,Île-de-France,France,Europe,Paid Search
40040,Kathleen Murphy,Female,26,2022-05-12,kathleen.murphy.40040@gmail.com,Manchester,Greater Manchester,United Kingdom,Europe,Social Media
40050,Frances Morales,Female,29,2025-08-13,frances.morales.40050@outlook.com,Birmingham,West Midlands,United Kingdom,Europe,Social Media
40058,Willie Stewart,Male,25,2025-01-04,willie.stewart.40058@yahoo.com,Houston,Texas,United States,North America,Social Media
40061,Nicole Adams,Female,56,2025-06-15,nicole.adams.40061@gmail.com,New York,New York,United States,North America,Organic Search
40102,Christina Cruz,Female,40,2023-10-11,christina.cruz.40102@yahoo.com,Mexico City,CDMX,Mexico,Latin America,Paid Search
40107,Stephanie King,Female,37,2024-08-06,stephanie.king.40107@gmail.com,Melbourne,Victoria,Australia,Asia-Pacific,Organic Search
40114,Navya Anderson,Female,19,2023-07-18,navya.anderson.40114@gmail.com,London,Greater London,United Kingdom,Europe,Email
40123,Jean Moreau,Female,44,2025-09-10,jean.moreau.40123@outlook.com,Berlin,Berlin,Germany,Europe,Email
40130,Adam Lewis,Male,27,2025-03-12,adam.lewis.40130@gmail.com,Chicago,Illinois,United States,North America,Organic Search
40142,Vivaan Price,Male,38,2023-02-21,vivaan.price.40142@gmail.com,New York,New York,United States,North America,Direct
40155,John Davis,Male,32,2025-10-11,john.davis.40155@icloud.com,New York,New York,United States,North America,Social Media
40176,Anthony Chavez,Male,44,2024-11-27,anthony.chavez.40176@icloud.com,São Paulo,São Paulo,Brazil,Latin America,Direct
40199,Juan Hill,Male,54,2022-01-26,juan.hill.40199@gmail.com,Bengaluru,Karnataka,India,Asia-Pacific,Email
40202,David Reyes,Male,47,2023-06-11,david.reyes.40202@gmail.com,Phoenix,Arizona,United States,North America,Referral
40217,Albert Rogers,Non-Binary,35,2023-08-11,albert.rogers.40217@gmail.com,Seattle,Washington,United States,North America,Organic Search
40219,Isha Jackson,Female,42,2025-10-03,isha.jackson.40219@gmail.com,New York,New York,United States,North America,Social Media
40244,Anthony Sharma,Male,34,2021-11-26,anthony.sharma.40244@gmail.com,Munich,Bavaria,Germany,Europe,Social Media
40254,Isha Torres,Female,38,2024-05-28,isha.torres.40254@gmail.com,Chicago,Illinois,United States,North America,Organic Search
40276,Debra Jones,Female,24,2023-10-15,debra.jones.40276@yahoo.com,Bengaluru,Karnataka,India,Asia-Pacific,Email
40286,Teresa Hughes,Female,37,2024-02-13,teresa.hughes.40286@yahoo.com,London,Greater London,United Kingdom,Europe,Email
40293,Keith Kim,Male,42,2024-12-03,keith.kim.40293@outlook.com,Lyon,Auvergne-Rhône-Alpes,France,Europe,Paid Search
40328,Linda Cox,Female,40,2024-09-10,linda.cox.40328@icloud.com,Sydney,New South Wales,Australia,Asia-Pacific,Paid Search
40333,Margaret Moore,Female,33,2025-04-23,margaret.moore.40333@gmail.com,Vancouver,British Columbia,Canada,North America,Paid Search
40338,Margaret Davis,Female,22,2024-04-14,margaret.davis.40338@gmail.com,Houston,Texas,United States,North America,Referral
40340,Thomas Ortiz,Male,44,2023-12-07,thomas.ortiz.40340@yahoo.com,Philadelphia,Pennsylvania,United States,North America,Paid Search
40345,Dylan Rodriguez,Male,18,2024-06-16,dylan.rodriguez.40345@gmail.com,Bengaluru,Karnataka,India,Asia-Pacific,Organic Search
40415,Bradley Gonzalez,Male,25,2023-03-03,bradley.gonzalez.40415@gmail.com,Manchester,Greater Manchester,United Kingdom,Europe,Social Media
40417,Timothy Schneider,Male,26,2025-05-08,timothy.schneider.40417@gmail.com,New York,New York,United States,North America,Paid Search
40436,John Bailey,Non-Binary,42,2021-03-31,john.bailey.40436@protonmail.com,Seattle,Washington,United States,North America,Organic Search
40451,Ezra Kim,Male,39,2025-01-26,ezra.kim.40451@corporate.org,New York,New York,United States,North America,Paid Search
40504,Pari Hill,Female,30,2022-04-20,pari.hill.40504@yahoo.com,Houston,Texas,United States,North America,Organic Search
40506,Rebecca Brown,Female,26,2021-02-02,rebecca.brown.40506@gmail.com,Frankfurt,Hesse,Germany,Europe,Paid Search
40524,Shirley Murphy,Female,46,2023-02-01,shirley.murphy.40524@gmail.com,Mexico City,CDMX,Mexico,Latin America,Paid Search
40561,Debra Evans,Female,39,2025-03-07,debra.evans.40561@yahoo.com,São Paulo,São Paulo,Brazil,Latin America,Paid Search
40606,Arjun Davies,Male,32,2023-12-10,arjun.davies.40606@gmail.com,Frankfurt,Hesse,Germany,Europe,Referral
40618,Raymond Scott,Male,38,2025-08-19,raymond.scott.40618@yahoo.com,São Paulo,São Paulo,Brazil,Latin America,Organic Search
40619,Saanvi Moreau,Female,28,2024-02-23,saanvi.moreau.40619@icloud.com,London,Greater London,United Kingdom,Europe,Referral
40632,Gloria Thomas,Female,49,2022-08-09,gloria.thomas.40632@protonmail.com,New York,New York,United States,North America,Social Media
40645,Olivia Rivera,Female,34,2025-05-23,olivia.rivera.40645@gmail.com,Delhi,Delhi,India,Asia-Pacific,Paid Search
40646,Sandra Ramirez,Female,45,2022-06-26,sandra.ramirez.40646@gmail.com,Manchester,Greater Manchester,United Kingdom,Europe,Referral
40653,Helen Dubois,Female,60,2025-02-26,helen.dubois.40653@gmail.com,New York,New York,United States,North America,Direct
40659,Gloria Howard,Female,35,2025-06-28,gloria.howard.40659@outlook.com,Mexico City,CDMX,Mexico,Latin America,Paid Search
40668,Lisa Scott,Female,28,2025-10-15,lisa.scott.40668@yahoo.com,Sydney,New South Wales,Australia,Asia-Pacific,Paid Search
40680,Larry Taylor,Male,33,2024-04-17,larry.taylor.40680@gmail.com,Frankfurt,Hesse,Germany,Europe,Organic Search
40706,Chloe Edwards,Female,19,2025-09-27,chloe.edwards.40706@icloud.com,London,Greater London,United Kingdom,Europe,Email
40717,Laura Cruz,Female,47,2025-01-20,laura.cruz.40717@gmail.com,Mumbai,Maharashtra,India,Asia-Pacific,Social Media
40770,Alan Jackson,Male,36,2024-11-30,alan.jackson.40770@outlook.com,Manchester,Greater Manchester,United Kingdom,Europe,Organic Search
40775,Mateo Garcia,Male,36,2023-03-24,mateo.garcia.40775@gmail.com,Birmingham,West Midlands,United Kingdom,Europe,Social Media
40818,Madison Anderson,Female,39,2024-11-11,madison.anderson.40818@outlook.com,Los Angeles,California,United States,North America,Organic Search
40819,Judy Fischer,Female,27,2024-07-25,judy.fischer.40819@yahoo.com,New York,New York,United States,North America,Affiliate
40838,Brenda Thomas,Female,24,2021-12-14,brenda.thomas.40838@gmail.com,Los Angeles,California,United States,North America,Paid Search
40840,Aanya Wagner,Female,28,2022-04-16,aanya.wagner.40840@icloud.com,Chicago,Illinois,United States,North America,Social Media
40887,Carl Nelson,Non-Binary,22,2024-02-09,carl.nelson.40887@gmail.com,New York,New York,United States,North America,Organic Search
40909,Ezra Ramos,Male,22,2024-01-17,ezra.ramos.40909@gmail.com,Chicago,Illinois,United States,North America,Social Media
40921,Gabriel Murphy,Male,30,2025-10-09,gabriel.murphy.40921@yahoo.com,Delhi,Delhi,India,Asia-Pacific,Organic Search
40929,Isha Meyer,Female,18,2024-12-18,isha.meyer.40929@gmail.com,London,Greater London,United Kingdom,Europe,Paid Search
40935,Lisa Moore,Female,29,2023-09-20,lisa.moore.40935@gmail.com,Chicago,Illinois,United States,North America,Paid Search
40963,Amanda Bailey,Female,41,2024-10-07,amanda.bailey.40963@gmail.com,Philadelphia,Pennsylvania,United States,North America,Referral
40973,Vincent Cox,Male,31,2022-02-06,vincent.cox.40973@outlook.com,Berlin,Berlin,Germany,Europe,Social Media
41030,Nicholas Taylor,Male,40,2025-05-01,nicholas.taylor.41030@gmail.com,Houston,Texas,United States,North America,Organic Search
41031,Justin Wagner,Male,28,2022-10-08,justin.wagner.41031@gmail.com,New York,New York,United States,North America,Paid Search
41049,Rachel Roberts,Female,34,2023-05-10,rachel.roberts.41049@protonmail.com,Mumbai,Maharashtra,India,Asia-Pacific,Social Media
41085,Aubrey Patel,Female,39,2023-10-10,aubrey.patel.41085@gmail.com,Delhi,Delhi,India,Asia-Pacific,Affiliate
41100,Samantha Wood,Female,47,2022-12-05,samantha.wood.41100@outlook.com,Los Angeles,California,United States,North America,Organic Search
41128,Ananya Patel,Female,33,2025-10-10,ananya.patel.41128@yahoo.com,Lyon,Auvergne-Rhône-Alpes,France,Europe,Paid Search
41133,Rebecca Turner,Female,55,2023-10-02,rebecca.turner.41133@gmail.com,Delhi,Delhi,India,Asia-Pacific,Email
41141,Frances Wood,Female,25,2023-07-31,frances.wood.41141@gmail.com,New York,New York,United States,North America,Organic Search
41173,Sophia Reyes,Female,27,2022-09-21,sophia.reyes.41173@gmail.com,Los Angeles,California,United States,North America,Paid Search
41177,Philip Torres,Male,37,2021-06-24,philip.torres.41177@gmail.com,Manchester,Greater Manchester,United Kingdom,Europe,Paid Search
41180,Mateo Young,Male,37,2024-08-19,mateo.young.41180@gmail.com,Berlin,Berlin,Germany,Europe,Paid Search
41239,Carl Campbell,Male,52,2022-02-28,carl.campbell.41239@gmail.com,Toronto,Ontario,Canada,North America,Paid Search
41241,Bryan Phillips,Male,25,2022-09-16,bryan.phillips.41241@gmail.com,Los Angeles,California,United States,North America,Organic Search
41249,Maria Bailey,Female,18,2024-11-17,maria.bailey.41249@outlook.com,New York,New York,United States,North America,Organic Search
41255,Billy Johnson,Non-Binary,24,2024-11-11,billy.johnson.41255@outlook.com,Seattle,Washington,United States,North America,Referral
41287,Riley Taylor,Female,35,2024-05-07,riley.taylor.41287@yahoo.com,Chicago,Illinois,United States,North America,Organic Search
41288,Kabir Castillo,Male,33,2024-10-31,kabir.castillo.41288@yahoo.com,New York,New York,United States,North America,Organic Search
41295,Mark Alvarez,Male,45,2021-02-17,mark.alvarez.41295@gmail.com,Chicago,Illinois,United States,North America,Organic Search
41332,David Morales,Male,27,2024-06-26,david.morales.41332@outlook.com,New York,New York,United States,North America,Paid Search
41377,Kabir Miller,Male,51,2023-03-16,kabir.miller.41377@yahoo.com,London,Greater London,United Kingdom,Europe,Organic Search
41386,Stella Dubois,Female,43,2024-12-13,stella.dubois.41386@gmail.com,Sydney,New South Wales,Australia,Asia-Pacific,Paid Search
41409,Ellie Gonzalez,Female,53,2023-10-18,ellie.gonzalez.41409@gmail.com,Mumbai,Maharashtra,India,Asia-Pacific,Organic Search
41421,Christina Schneider,Female,18,2024-07-13,christina.schneider.41421@gmail.com,Bengaluru,Karnataka,India,Asia-Pacific,Organic Search
41426,Debra Price,Female,31,2022-11-25,debra.price.41426@outlook.com,Paris,Île-de-France,France,Europe,Organic Search
41454,Judy Schneider,Female,54,2022-10-04,judy.schneider.41454@icloud.com,London,Greater London,United Kingdom,Europe,Social Media
41491,Harold Johnson,Male,34,2023-10-03,harold.johnson.41491@protonmail.com,Delhi,Delhi,India,Asia-Pacific,Paid Search
41519,Matthew Moreau,Male,28,2024-07-12,matthew.moreau.41519@gmail.com,Chicago,Illinois,United States,North America,Direct
41522,Robert Davies,Non-Binary,48,2025-02-26,robert.davies.41522@outlook.com,Chicago,Illinois,United States,North America,Direct
41528,Elijah Phillips,Male,44,2024-02-09,elijah.phillips.41528@gmail.com,Phoenix,Arizona,United States,North America,Paid Search
41584,Aria Kelly,Female,45,2024-08-21,aria.kelly.41584@gmail.com,Melbourne,Victoria,Australia,Asia-Pacific,Direct
41629,Ananya Morris,Female,33,2024-04-05,ananya.morris.41629@gmail.com,Chicago,Illinois,United States,North America,Affiliate
41630,Joe James,Male,23,2023-11-18,joe.james.41630@gmail.com,Paris,Île-de-France,France,Europe,Organic Search
41641,Melissa Gomez,Female,39,2025-07-11,melissa.gomez.41641@gmail.com,Delhi,Delhi,India,Asia-Pacific,Organic Search
41643,Gary Perez,Male,36,2024-11-23,gary.perez.41643@protonmail.com,Phoenix,Arizona,United States,North America,Organic Search
41644,Patrick Jones,Male,34,2024-01-24,patrick.jones.41644@yahoo.com,Toronto,Ontario,Canada,North America,Direct
41655,Lauren Ramos,Female,18,2021-06-28,lauren.ramos.41655@gmail.com,Paris,Île-de-France,France,Europe,Paid Search
41708,Harold Thompson,Non-Binary,54,2025-03-10,harold.thompson.41708@yahoo.com,Birmingham,West Midlands,United Kingdom,Europe,Referral
41717,Johnny Meyer,Male,32,2024-01-14,johnny.meyer.41717@yahoo.com,Paris,Île-de-France,France,Europe,Organic Search
41718,Edward Price,Male,21,2023-02-27,edward.price.41718@gmail.com,São Paulo,São Paulo,Brazil,Latin America,Organic Search
41735,Steven Hughes,Male,24,2023-10-01,steven.hughes.41735@gmail.com,London,Greater London,United Kingdom,Europe,Direct
41746,Sara Green,Female,38,2022-10-05,sara.green.41746@gmail.com,Melbourne,Victoria,Australia,Asia-Pacific,Social Media
41755,Sandra Hughes,Female,23,2023-09-23,sandra.hughes.41755@gmail.com,Houston,Texas,United States,North America,Paid Search
41759,Kathleen Campbell,Female,33,2024-12-12,kathleen.campbell.41759@yahoo.com,Toronto,Ontario,Canada,North America,Paid Search
41792,Rebecca Bailey,Female,24,2023-10-21,rebecca.bailey.41792@gmail.com,Miami,Florida,United States,North America,Organic Search
41850,Christina Alvarez,Female,38,2021-03-15,christina.alvarez.41850@outlook.com,London,Greater London,United Kingdom,Europe,Social Media
41863,Joan Mendoza,Female,31,2025-08-19,joan.mendoza.41863@outlook.com,New York,New York,United States,North America,Social Media
41886,Kimberly Cox,Female,44,2024-04-20,kimberly.cox.41886@gmail.com,Paris,Île-de-France,France,Europe,Affiliate
41910,Jeffrey Becker,Male,32,2025-09-12,jeffrey.becker.41910@gmail.com,Manchester,Greater Manchester,United Kingdom,Europe,Paid Search
41912,Jose Morales,Male,43,2023-06-09,jose.morales.41912@gmail.com,Munich,Bavaria,Germany,Europe,Social Media
41916,Aarav Wright,Male,38,2024-09-03,aarav.wright.41916@gmail.com,Delhi,Delhi,India,Asia-Pacific,Paid Search
41943,Joyce Brown,Female,39,2024-12-25,joyce.brown.41943@yahoo.com,Seattle,Washington,United States,North America,Affiliate
41961,Heather Taylor,Female,18,2024-10-26,heather.taylor.41961@gmail.com,New York,New York,United States,North America,Organic Search
41965,Stella Patel,Female,37,2024-02-20,stella.patel.41965@gmail.com,New York,New York,United States,North America,Email
42002,Nicholas Howard,Male,37,2021-03-26,nicholas.howard.42002@gmail.com,Phoenix,Arizona,United States,North America,Organic Search
42015,Zoe Stewart,Non-Binary,44,2022-12-28,zoe.stewart.42015@yahoo.com,Houston,Texas,United States,North America,Affiliate
42028,Dennis Campbell,Male,43,2024-10-19,dennis.campbell.42028@gmail.com,Houston,Texas,United States,North America,Organic Search
42031,Willie Gonzalez,Male,40,2024-08-12,willie.gonzalez.42031@yahoo.com,Toronto,Ontario,Canada,North America,Organic Search
42032,Randy Rao,Male,33,2024-12-12,randy.rao.42032@gmail.com,Berlin,Berlin,Germany,Europe,Organic Search
42036,Carolyn Watson,Female,41,2024-02-04,carolyn.watson.42036@gmail.com,New York,New York,United States,North America,Paid Search
42045,Riley Singh,Female,36,2022-10-29,riley.singh.42045@gmail.com,Houston,Texas,United States,North America,Paid Search
42068,Brandon Peterson,Male,49,2025-06-11,brandon.peterson.42068@icloud.com,Los Angeles,California,United States,North America,Social Media
42086,Christina Roberts,Female,22,2025-05-25,christina.roberts.42086@yahoo.com,Miami,Florida,United States,North America,Referral
42092,Ezra Meyer,Male,42,2025-06-17,ezra.meyer.42092@gmail.com,Chicago,Illinois,United States,North America,Paid Search
42108,Virginia Brooks,Female,41,2025-03-31,virginia.brooks.42108@outlook.com,Bengaluru,Karnataka,India,Asia-Pacific,Organic Search
42152,Bobby Thompson,Male,30,2023-10-11,bobby.thompson.42152@outlook.com,New York,New York,United States,North America,Affiliate
42205,Camila Patel,Female,60,2022-11-19,camila.patel.42205@gmail.com,Chicago,Illinois,United States,North America,Organic Search
42290,Luca Sharma,Male,50,2025-04-03,luca.sharma.42290@corporate.org,New York,New York,United States,North America,Paid Search
42325,Roy Price,Male,27,2025-05-09,roy.price.42325@gmail.com,Sydney,New South Wales,Australia,Asia-Pacific,Organic Search
42370,Walter Nguyen,Male,41,2025-01-30,walter.nguyen.42370@outlook.com,Atlanta,Georgia,United States,North America,Organic Search
42386,Austin Miller,Male,40,2023-05-29,austin.miller.42386@gmail.com,Frankfurt,Hesse,Germany,Europe,Paid Search
42389,Diane Lopez,Female,26,2025-01-28,diane.lopez.42389@gmail.com,Philadelphia,Pennsylvania,United States,North America,Organic Search
42411,Nicole Price,Female,29,2021-11-22,nicole.price.42411@yahoo.com,Seattle,Washington,United States,North America,Organic Search
42432,Riley Mendoza,Female,49,2023-02-28,riley.mendoza.42432@outlook.com,Lyon,Auvergne-Rhône-Alpes,France,Europe,Email
42459,Megan Fischer,Female,27,2025-06-21,megan.fischer.42459@outlook.com,Vancouver,British Columbia,Canada,North America,Organic Search
42479,Nathan Nelson,Non-Binary,38,2021-02-07,nathan.nelson.42479@gmail.com,Los Angeles,California,United States,North America,Referral
42487,Margaret Kim,Female,31,2025-09-11,margaret.kim.42487@yahoo.com,Toronto,Ontario,Canada,North America,Social Media
42500,Samuel Watson,Male,25,2023-08-06,samuel.watson.42500@icloud.com,Mexico City,CDMX,Mexico,Latin America,Paid Search
42508,Lauren Garcia,Female,32,2024-06-05,lauren.garcia.42508@gmail.com,Delhi,Delhi,India,Asia-Pacific,Direct
42542,Chloe Torres,Female,18,2025-05-03,chloe.torres.42542@outlook.com,Los Angeles,California,United States,North America,Social Media
42543,Joyce Patel,Female,43,2025-05-15,joyce.patel.42543@gmail.com,New York,New York,United States,North America,Paid Search
42544,Justin Martin,Male,43,2022-01-22,justin.martin.42544@yahoo.com,New York,New York,United States,North America,Direct
42545,Cynthia Kelly,Female,33,2023-10-22,cynthia.kelly.42545@gmail.com,London,Greater London,United Kingdom,Europe,Email
42554,Virginia Fischer,Female,52,2023-08-07,virginia.fischer.42554@outlook.com,Dallas,Texas,United States,North America,Direct
42586,Vincent Nguyen,Non-Binary,34,2023-09-10,vincent.nguyen.42586@gmail.com,Philadelphia,Pennsylvania,United States,North America,Social Media
42641,Shirley Martinez,Female,44,2024-01-09,shirley.martinez.42641@yahoo.com,Chicago,Illinois,United States,North America,Email
42670,Camila Verma,Female,34,2025-09-21,camila.verma.42670@icloud.com,New York,New York,United States,North America,Referral
42688,Frances Morgan,Female,29,2024-01-16,frances.morgan.42688@corporate.org,Seattle,Washington,United States,North America,Email
42792,Julia Harris,Female,62,2021-10-12,julia.harris.42792@gmail.com,Frankfurt,Hesse,Germany,Europe,Organic Search
42796,Zoey Green,Female,35,2024-03-22,zoey.green.42796@icloud.com,Seattle,Washington,United States,North America,Direct
42817,Christine Ward,Female,25,2025-04-06,christine.ward.42817@gmail.com,Los Angeles,California,United States,North America,Email
42821,Daniel Gupta,Male,36,2022-01-05,daniel.gupta.42821@yahoo.com,Paris,Île-de-France,France,Europe,Social Media
42868,Penelope Chavez,Female,32,2025-08-12,penelope.chavez.42868@yahoo.com,Frankfurt,Hesse,Germany,Europe,Social Media
42893,Jonathan Johnson,Male,42,2024-02-04,jonathan.johnson.42893@yahoo.com,Vancouver,British Columbia,Canada,North America,Social Media
42895,Natalie Hall,Female,31,2024-10-19,natalie.hall.42895@gmail.com,Manchester,Greater Manchester,United Kingdom,Europe,Email
42922,Thomas Wood,Male,30,2022-07-05,thomas.wood.42922@gmail.com,Melbourne,Victoria,Australia,Asia-Pacific,Paid Search
42927,Kathleen Fischer,Non-Binary,28,2023-02-28,kathleen.fischer.42927@gmail.com,Mumbai,Maharashtra,India,Asia-Pacific,Email
42929,Jonathan Kumar,Male,33,2024-12-15,jonathan.kumar.42929@corporate.org,Los Angeles,California,United States,North America,Organic Search
42976,Betty Evans,Female,23,2025-04-08,betty.evans.42976@outlook.com,Berlin,Berlin,Germany,Europe,Social Media
42993,Chloe Richardson,Female,44,2023-12-12,chloe.richardson.42993@yahoo.com,Miami,Florida,United States,North America,Organic Search
42999,Sharon Kim,Female,32,2024-12-14,sharon.kim.42999@gmail.com,Delhi,Delhi,India,Asia-Pacific,Organic Search
43036,Teresa Phillips,Female,44,2025-04-23,teresa.phillips.43036@gmail.com,São Paulo,São Paulo,Brazil,Latin America,Social Media
43053,Kyle Mitchell,Male,72,2024-06-22,kyle.mitchell.43053@gmail.com,Los Angeles,California,United States,North America,Organic Search
43067,Donald Fischer,Male,26,2024-09-19,donald.fischer.43067@protonmail.com,Miami,Florida,United States,North America,Paid Search
43072,Vincent Lopez,Male,32,2022-03-06,vincent.lopez.43072@gmail.com,São Paulo,São Paulo,Brazil,Latin America,Email
43076,Teresa Harris,Female,59,2023-11-21,teresa.harris.43076@gmail.com,Seattle,Washington,United States,North America,Social Media
43093,Myra Gomez,Female,43,2025-09-19,myra.gomez.43093@gmail.com,Phoenix,Arizona,United States,North America,Social Media
43095,Maria Wright,Female,47,2025-03-27,maria.wright.43095@outlook.com,Dallas,Texas,United States,North America,Email
43097,Charles Davis,Male,27,2025-07-29,charles.davis.43097@gmail.com,Munich,Bavaria,Germany,Europe,Paid Search
43113,Bobby Anderson,Male,52,2023-01-23,bobby.anderson.43113@outlook.com,Seattle,Washington,United States,North America,Email
43127,Rohan Hughes,Male,39,2024-11-20,rohan.hughes.43127@gmail.com,Los Angeles,California,United States,North America,Paid Search
43160,Jack Kumar,Male,37,2025-01-03,jack.kumar.43160@gmail.com,Houston,Texas,United States,North America,Referral
43186,Cheryl Campbell,Female,35,2024-11-12,cheryl.campbell.43186@yahoo.com,London,Greater London,United Kingdom,Europe,Email
43187,Bradley Davies,Male,24,2025-05-07,bradley.davies.43187@outlook.com,Delhi,Delhi,India,Asia-Pacific,Paid Search
43206,Sharon Harris,Female,33,2024-08-08,sharon.harris.43206@gmail.com,New York,New York,United States,North America,Social Media
43211,Saanvi Sharma,Female,33,2025-05-12,saanvi.sharma.43211@outlook.com,Seattle,Washington,United States,North America,Direct
43213,Mary Edwards,Female,21,2023-06-04,mary.edwards.43213@gmail.com,New York,New York,United States,North America,Organic Search
43219,Deborah Wright,Female,44,2023-01-04,deborah.wright.43219@gmail.com,New York,New York,United States,North America,Paid Search
43230,Noah Stewart,Male,39,2023-01-13,noah.stewart.43230@gmail.com,New York,New York,United States,North America,Organic Search
43234,Leo Wood,Male,42,2022-07-11,leo.wood.43234@gmail.com,Paris,Île-de-France,France,Europe,Paid Search
43244,John Howard,Male,41,2025-10-18,john.howard.43244@outlook.com,Philadelphia,Pennsylvania,United States,North America,Social Media
43254,Riley Hill,Female,51,2023-01-10,riley.hill.43254@protonmail.com,Seattle,Washington,United States,North America,Affiliate
43256,Samantha Kelly,Female,32,2025-05-12,samantha.kelly.43256@yahoo.com,Toronto,Ontario,Canada,North America,Paid Search
43258,Arjun Evans,Male,18,2024-02-20,arjun.evans.43258@gmail.com,Vancouver,British Columbia,Canada,North America,Email
43271,Gregory Bailey,Male,44,2025-09-12,gregory.bailey.43271@yahoo.com,Atlanta,Georgia,United States,North America,Organic Search
43280,Sara Watson,Female,42,2021-09-03,sara.watson.43280@outlook.com,Lyon,Auvergne-Rhône-Alpes,France,Europe,Organic Search
43292,Jessica Sanchez,Female,37,2023-06-30,jessica.sanchez.43292@yahoo.com,Mexico City,CDMX,Mexico,Latin America,Organic Search
43343,Jacob Green,Non-Binary,30,2023-05-17,jacob.green.43343@yahoo.com,Phoenix,Arizona,United States,North America,Paid Search
43361,Zoey Taylor,Female,46,2022-10-30,zoey.taylor.43361@gmail.com,Melbourne,Victoria,Australia,Asia-Pacific,Organic Search
43386,Robert Garcia,Non-Binary,32,2022-10-04,robert.garcia.43386@gmail.com,Toronto,Ontario,Canada,North America,Email
43428,Myra Torres,Female,38,2023-03-01,myra.torres.43428@outlook.com,Sydney,New South Wales,Australia,Asia-Pacific,Affiliate
43473,Hudson Gonzalez,Male,42,2024-05-10,hudson.gonzalez.43473@outlook.com,Sydney,New South Wales,Australia,Asia-Pacific,Paid Search
43494,Lillian Ward,Female,34,2022-04-11,lillian.ward.43494@yahoo.com,Paris,Île-de-France,France,Europe,Paid Search
43495,Kyle Baker,Male,32,2024-05-12,kyle.baker.43495@yahoo.com,Atlanta,Georgia,United States,North America,Organic Search
43545,Virginia Ortiz,Female,40,2025-09-12,virginia.ortiz.43545@outlook.com,Chicago,Illinois,United States,North America,Email
43549,Joyce Mitchell,Female,25,2021-11-12,joyce.mitchell.43549@icloud.com,Los Angeles,California,United States,North America,Organic Search
43574,Joe Peterson,Male,35,2025-01-13,joe.peterson.43574@gmail.com,London,Greater London,United Kingdom,Europe,Social Media
43604,Donna Kim,Female,49,2024-08-01,donna.kim.43604@gmail.com,Sydney,New South Wales,Australia,Asia-Pacific,Organic Search
43616,Michael Castillo,Male,41,2023-12-04,michael.castillo.43616@outlook.com,Berlin,Berlin,Germany,Europe,Affiliate
43620,Vincent Nelson,Male,64,2025-03-31,vincent.nelson.43620@gmail.com,Mexico City,CDMX,Mexico,Latin America,Direct
43642,Joshua Kim,Male,37,2025-10-25,joshua.kim.43642@gmail.com,Vancouver,British Columbia,Canada,North America,Referral
43660,Reyansh Walker,Male,34,2025-04-28,reyansh.walker.43660@yahoo.com,New York,New York,United States,North America,Email
43713,Shirley Williams,Female,46,2025-08-29,shirley.williams.43713@gmail.com,Phoenix,Arizona,United States,North America,Paid Search
43715,Krishna Moreau,Male,41,2025-06-28,krishna.moreau.43715@outlook.com,Los Angeles,California,United States,North America,Social Media
43735,Katherine Cruz,Female,37,2024-05-14,katherine.cruz.43735@yahoo.com,Houston,Texas,United States,North America,Direct
43750,Thomas Phillips,Male,43,2023-04-07,thomas.phillips.43750@gmail.com,Los Angeles,California,United States,North America,Referral
43763,Evelyn Wagner,Female,55,2025-01-29,evelyn.wagner.43763@gmail.com,New York,New York,United States,North America,Social Media
43773,Carol Carter,Female,31,2021-10-27,carol.carter.43773@icloud.com,Paris,Île-de-France,France,Europe,Social Media
43784,Cynthia Hernandez,Female,55,2025-08-05,cynthia.hernandez.43784@icloud.com,Frankfurt,Hesse,Germany,Europe,Direct
43815,Keith James,Male,40,2023-04-17,keith.james.43815@outlook.com,Houston,Texas,United States,North America,Social Media
43817,Scott Murphy,Male,25,2023-11-04,scott.murphy.43817@yahoo.com,Toronto,Ontario,Canada,North America,Social Media
43820,Roger Price,Male,42,2023-01-10,roger.price.43820@gmail.com,Toronto,Ontario,Canada,North America,Paid Search
43849,Kyle Morris,Male,28,2023-11-12,kyle.morris.43849@protonmail.com,London,Greater London,United Kingdom,Europe,Social Media
43903,Penelope Jones,Female,42,2022-06-14,penelope.jones.43903@yahoo.com,Dallas,Texas,United States,North America,Referral
43945,Dorothy Bennett,Female,35,2025-10-10,dorothy.bennett.43945@yahoo.com,Dallas,Texas,United States,North America,Organic Search
43954,Patrick Davies,Male,39,2022-12-26,patrick.davies.43954@gmail.com,Los Angeles,California,United States,North America,Affiliate
43962,Cheryl Richardson,Female,18,2023-08-10,cheryl.richardson.43962@gmail.com,Mexico City,CDMX,Mexico,Latin America,Email
43972,Nathan Harris,Male,39,2025-02-07,nathan.harris.43972@gmail.com,New York,New York,United States,North America,Affiliate
43977,Carol Anderson,Female,41,2024-03-26,carol.anderson.43977@gmail.com,Philadelphia,Pennsylvania,United States,North America,Organic Search
43998,Matthew White,Male,56,2022-01-18,matthew.white.43998@outlook.com,Toronto,Ontario,Canada,North America,Social Media
44015,Harold Jones,Male,23,2022-10-29,harold.jones.44015@yahoo.com,New York,New York,United States,North America,Organic Search
44038,Deborah Phillips,Female,26,2025-01-04,deborah.phillips.44038@gmail.com,Delhi,Delhi,India,Asia-Pacific,Organic Search
44045,Janice Reyes,Female,42,2025-01-13,janice.reyes.44045@outlook.com,London,Greater London,United Kingdom,Europe,Direct
44063,Bryan Cruz,Male,37,2024-09-19,bryan.cruz.44063@yahoo.com,Los Angeles,California,United States,North America,Referral
44091,Deborah Lopez,Female,38,2025-05-06,deborah.lopez.44091@yahoo.com,Berlin,Berlin,Germany,Europe,Affiliate
44112,Susan Robinson,Female,47,2023-05-30,susan.robinson.44112@icloud.com,Paris,Île-de-France,France,Europe,Affiliate
44120,Ezra Reed,Male,25,2021-12-05,ezra.reed.44120@gmail.com,Los Angeles,California,United States,North America,Email
44123,Vivaan Weber,Male,37,2024-01-17,vivaan.weber.44123@outlook.com,Atlanta,Georgia,United States,North America,Paid Search
44148,Ronald Watson,Male,29,2022-05-05,ronald.watson.44148@gmail.com,Bengaluru,Karnataka,India,Asia-Pacific,Direct
44157,Penelope Martin,Female,33,2023-05-27,penelope.martin.44157@gmail.com,Berlin,Berlin,Germany,Europe,Paid Search
44185,Brian Kelly,Male,44,2024-05-15,brian.kelly.44185@gmail.com,Manchester,Greater Manchester,United Kingdom,Europe,Paid Search
44202,John Ramos,Male,43,2025-04-30,john.ramos.44202@gmail.com,Chicago,Illinois,United States,North America,Email
44230,Sandra Parker,Female,30,2023-04-14,sandra.parker.44230@icloud.com,Houston,Texas,United States,North America,Social Media
44245,Austin Wagner,Male,47,2023-07-19,austin.wagner.44245@gmail.com,Atlanta,Georgia,United States,North America,Paid Search
44252,Evelyn Young,Female,63,2022-01-11,evelyn.young.44252@outlook.com,Lyon,Auvergne-Rhône-Alpes,France,Europe,Organic Search
44267,Brian Smith,Male,36,2024-06-01,brian.smith.44267@gmail.com,Phoenix,Arizona,United States,North America,Social Media
44275,Navya Miller,Female,21,2023-03-13,navya.miller.44275@icloud.com,Paris,Île-de-France,France,Europe,Social Media
44282,Janet Nguyen,Female,23,2022-03-24,janet.nguyen.44282@gmail.com,São Paulo,São Paulo,Brazil,Latin America,Affiliate
44324,William Hernandez,Male,39,2021-08-09,william.hernandez.44324@gmail.com,Dallas,Texas,United States,North America,Paid Search
44360,Ann Gupta,Female,43,2022-08-23,ann.gupta.44360@outlook.com,Berlin,Berlin,Germany,Europe,Social Media
44381,Arjun Torres,Male,24,2024-12-20,arjun.torres.44381@outlook.com,Melbourne,Victoria,Australia,Asia-Pacific,Paid Search
44413,Nora Wood,Female,49,2022-09-11,nora.wood.44413@gmail.com,Bengaluru,Karnataka,India,Asia-Pacific,Paid Search
44419,Benjamin Brown,Male,55,2024-08-16,benjamin.brown.44419@gmail.com,Munich,Bavaria,Germany,Europe,Organic Search
44447,Kimberly Diaz,Female,22,2023-03-27,kimberly.diaz.44447@gmail.com,Seattle,Washington,United States,North America,Referral
44450,Sean Turner,Male,29,2025-04-05,sean.turner.44450@yahoo.com,Los Angeles,California,United States,North America,Social Media
44467,Arthur Cook,Male,48,2025-05-06,arthur.cook.44467@yahoo.com,Toronto,Ontario,Canada,North America,Organic Search
44474,Sophia Ward,Female,34,2024-01-16,sophia.ward.44474@yahoo.com,Los Angeles,California,United States,North America,Organic Search
44507,Samuel Gupta,Male,44,2022-11-19,samuel.gupta.44507@outlook.com,Toronto,Ontario,Canada,North America,Organic Search
44524,Stella Rao,Female,35,2025-06-13,stella.rao.44524@gmail.com,New York,New York,United States,North America,Social Media
44542,Ananya Weber,Female,38,2025-04-18,ananya.weber.44542@outlook.com,São Paulo,São Paulo,Brazil,Latin America,Paid Search
44565,Kathryn Flores,Female,24,2021-09-09,kathryn.flores.44565@yahoo.com,Paris,Île-de-France,France,Europe,Affiliate
44570,Gloria Gomez,Female,33,2021-07-23,gloria.gomez.44570@gmail.com,Berlin,Berlin,Germany,Europe,Email
44593,Christina Verma,Female,35,2023-05-28,christina.verma.44593@gmail.com,Delhi,Delhi,India,Asia-Pacific,Paid Search
44629,Jack Mitchell,Male,55,2024-07-28,jack.mitchell.44629@gmail.com,New York,New York,United States,North America,Social Media
44636,Walter Howard,Male,23,2024-03-03,walter.howard.44636@gmail.com,Mumbai,Maharashtra,India,Asia-Pacific,Paid Search
44673,Kathleen Morgan,Female,21,2023-03-16,kathleen.morgan.44673@icloud.com,Birmingham,West Midlands,United Kingdom,Europe,Social Media
44693,Peter Nguyen,Male,32,2022-03-20,peter.nguyen.44693@icloud.com,São Paulo,São Paulo,Brazil,Latin America,Paid Search
44712,Isha Howard,Female,32,2024-09-28,isha.howard.44712@gmail.com,London,Greater London,United Kingdom,Europe,Paid Search
44756,Madison Jackson,Female,49,2024-10-21,madison.jackson.44756@gmail.com,Sydney,New South Wales,Australia,Asia-Pacific,Social Media
44762,Hannah Robinson,Female,29,2022-04-29,hannah.robinson.44762@gmail.com,Chicago,Illinois,United States,North America,Direct
44787,Michelle Young,Female,45,2021-11-22,michelle.young.44787@gmail.com,Houston,Texas,United States,North America,Organic Search
44807,Larry Alvarez,Male,47,2025-04-18,larry.alvarez.44807@outlook.com,Vancouver,British Columbia,Canada,North America,Referral
44810,Matthew Peterson,Male,29,2022-04-18,matthew.peterson.44810@icloud.com,Seattle,Washington,United States,North America,Social Media
44863,Adam Diaz,Male,51,2024-10-18,adam.diaz.44863@gmail.com,Frankfurt,Hesse,Germany,Europe,Affiliate
44866,Bobby Jackson,Male,41,2024-10-19,bobby.jackson.44866@gmail.com,Berlin,Berlin,Germany,Europe,Social Media
44879,Eric Parker,Male,31,2022-01-01,eric.parker.44879@gmail.com,New York,New York,United States,North America,Affiliate
44913,Avani Martinez,Female,34,2022-03-14,avani.martinez.44913@gmail.com,Manchester,Greater Manchester,United Kingdom,Europe,Paid Search
44922,Larry Howard,Male,33,2023-06-06,larry.howard.44922@outlook.com,Mexico City,CDMX,Mexico,Latin America,Organic Search
44927,Isha Lewis,Female,35,2022-10-19,isha.lewis.44927@gmail.com,Los Angeles,California,United States,North America,Referral
44942,Gary Reed,Male,40,2022-08-18,gary.reed.44942@icloud.com,Delhi,Delhi,India,Asia-Pacific,Email
44960,Stella Gonzalez,Female,41,2023-02-25,stella.gonzalez.44960@yahoo.com,Philadelphia,Pennsylvania,United States,North America,Organic Search
44995,Sarah Wilson,Female,38,2025-02-03,sarah.wilson.44995@gmail.com,Delhi,Delhi,India,Asia-Pacific,Referral
45014,Ananya Robinson,Female,34,2021-02-27,ananya.robinson.45014@gmail.com,Philadelphia,Pennsylvania,United States,North America,Direct
45037,Myra Meyer,Female,35,2025-09-03,myra.meyer.45037@outlook.com,Sydney,New South Wales,Australia,Asia-Pacific,Organic Search
45048,Aarav Patel,Male,22,2022-08-01,aarav.patel.45048@gmail.com,New York,New York,United States,North America,Organic Search
45059,Natalie Collins,Female,41,2021-07-16,natalie.collins.45059@gmail.com,Los Angeles,California,United States,North America,Social Media
45073,Alan King,Male,48,2025-09-29,alan.king.45073@yahoo.com,Houston,Texas,United States,North America,Email
45088,Deborah Ramos,Female,18,2025-02-15,deborah.ramos.45088@protonmail.com,New York,New York,United States,North America,Organic Search
45113,Charles Gupta,Male,20,2024-09-22,charles.gupta.45113@gmail.com,Houston,Texas,United States,North America,Referral
45138,Elijah Parker,Male,43,2025-10-15,elijah.parker.45138@gmail.com,London,Greater London,United Kingdom,Europe,Paid Search
45159,Alan Brooks,Male,40,2024-07-21,alan.brooks.45159@corporate.org,New York,New York,United States,North America,Organic Search
45167,Matthew Cruz,Male,49,2025-07-17,matthew.cruz.45167@gmail.com,Mumbai,Maharashtra,India,Asia-Pacific,Organic Search
45234,Matthew Watson,Male,25,2024-02-08,matthew.watson.45234@icloud.com,New York,New York,United States,North America,Social Media
45243,Aubrey Davis,Female,31,2024-09-26,aubrey.davis.45243@gmail.com,Chicago,Illinois,United States,North America,Social Media
45274,Eric Robinson,Male,18,2023-09-08,eric.robinson.45274@gmail.com,Toronto,Ontario,Canada,North America,Organic Search
45292,Raymond Martinez,Male,44,2024-07-29,raymond.martinez.45292@yahoo.com,Munich,Bavaria,Germany,Europe,Social Media
45318,Lily Castillo,Female,36,2024-06-05,lily.castillo.45318@yahoo.com,New York,New York,United States,North America,Organic Search
45323,Gabriel Wagner,Male,22,2023-06-04,gabriel.wagner.45323@yahoo.com,Seattle,Washington,United States,North America,Social Media
45335,Deborah Gomez,Female,36,2023-08-08,deborah.gomez.45335@yahoo.com,Munich,Bavaria,Germany,Europe,Referral
45362,Martha Castillo,Female,39,2021-12-15,martha.castillo.45362@yahoo.com,Mexico City,CDMX,Mexico,Latin America,Organic Search
45367,Peter Rodriguez,Male,41,2022-11-09,peter.rodriguez.45367@outlook.com,Berlin,Berlin,Germany,Europe,Organic Search
45388,Lawrence Robinson,Male,34,2023-02-23,lawrence.robinson.45388@icloud.com,Vancouver,British Columbia,Canada,North America,Social Media
45396,Linda Martin,Female,48,2021-04-11,linda.martin.45396@protonmail.com,Lyon,Auvergne-Rhône-Alpes,France,Europe,Paid Search
45400,Alan Allen,Male,42,2021-11-03,alan.allen.45400@gmail.com,Mumbai,Maharashtra,India,Asia-Pacific,Social Media
45408,Jennifer Perez,Female,43,2024-04-10,jennifer.perez.45408@yahoo.com,Mexico City,CDMX,Mexico,Latin America,Paid Search
45449,Patrick Gutierrez,Male,42,2021-12-27,patrick.gutierrez.45449@gmail.com,London,Greater London,United Kingdom,Europe,Affiliate
45464,Ezra Rao,Non-Binary,29,2023-04-26,ezra.rao.45464@outlook.com,Lyon,Auvergne-Rhône-Alpes,France,Europe,Organic Search
45467,Gerald Morgan,Non-Binary,34,2022-11-08,gerald.morgan.45467@icloud.com,Toronto,Ontario,Canada,North America,Social Media
45492,Jessica Ortiz,Female,33,2023-08-26,jessica.ortiz.45492@gmail.com,London,Greater London,United Kingdom,Europe,Email
45499,Navya Clark,Female,33,2021-12-12,navya.clark.45499@gmail.com,Seattle,Washington,United States,North America,Email
45527,Randy Jones,Male,52,2021-11-01,randy.jones.45527@gmail.com,Bengaluru,Karnataka,India,Asia-Pacific,Direct
45561,Natalie Turner,Female,42,2023-04-15,natalie.turner.45561@gmail.com,Philadelphia,Pennsylvania,United States,North America,Organic Search
45573,Elizabeth Martin,Female,38,2022-08-30,elizabeth.martin.45573@gmail.com,London,Greater London,United Kingdom,Europe,Paid Search
45578,Patrick Rogers,Male,32,2024-10-06,patrick.rogers.45578@outlook.com,New York,New York,United States,North America,Direct
45582,Anthony Sharma,Male,32,2024-12-12,anthony.sharma.45582@outlook.com,Mexico City,CDMX,Mexico,Latin America,Paid Search
45612,Angela Taylor,Female,31,2025-04-22,angela.taylor.45612@yahoo.com,Vancouver,British Columbia,Canada,North America,Organic Search
45629,Jason Lee,Male,33,2021-02-01,jason.lee.45629@protonmail.com,Los Angeles,California,United States,North America,Email
45649,John Hill,Male,40,2024-02-26,john.hill.45649@gmail.com,Delhi,Delhi,India,Asia-Pacific,Direct
45661,Dennis Miller,Male,18,2025-03-14,dennis.miller.45661@gmail.com,London,Greater London,United Kingdom,Europe,Paid Search
45693,Megan Morales,Female,36,2024-10-19,megan.morales.45693@corporate.org,New York,New York,United States,North America,Paid Search
45698,Robert Rivera,Male,58,2025-09-20,robert.rivera.45698@gmail.com,Toronto,Ontario,Canada,North America,Organic Search
45712,Grace Meyer,Female,38,2024-03-27,grace.meyer.45712@yahoo.com,Houston,Texas,United States,North America,Direct
45713,Leah Gonzalez,Female,26,2025-10-04,leah.gonzalez.45713@gmail.com,Sydney,New South Wales,Australia,Asia-Pacific,Paid Search
45716,Natalie Smith,Female,43,2022-09-14,natalie.smith.45716@gmail.com,Houston,Texas,United States,North America,Organic Search
45742,Jennifer Ramirez,Female,39,2023-07-04,jennifer.ramirez.45742@icloud.com,Los Angeles,California,United States,North America,Organic Search
45756,Lucas James,Male,63,2025-02-15,lucas.james.45756@gmail.com,London,Greater London,United Kingdom,Europe,Affiliate
45766,Sara Hill,Female,38,2025-08-24,sara.hill.45766@outlook.com,Bengaluru,Karnataka,India,Asia-Pacific,Paid Search
45769,Riley Rodriguez,Female,35,2025-06-18,riley.rodriguez.45769@yahoo.com,Birmingham,West Midlands,United Kingdom,Europe,Paid Search
45833,Donald Hernandez,Male,38,2024-08-02,donald.hernandez.45833@gmail.com,Vancouver,British Columbia,Canada,North America,Social Media
45837,Alan Meyer,Male,18,2024-10-17,alan.meyer.45837@gmail.com,Lyon,Auvergne-Rhône-Alpes,France,Europe,Organic Search
45856,Mary Richardson,Female,33,2024-07-07,mary.richardson.45856@icloud.com,Los Angeles,California,United States,North America,Organic Search
45897,Judith Alvarez,Female,45,2025-09-28,judith.alvarez.45897@yahoo.com,London,Greater London,United Kingdom,Europe,Social Media
45927,Asher Torres,Male,36,2024-09-06,asher.torres.45927@yahoo.com,Los Angeles,California,United States,North America,Organic Search
45949,Jacob Gonzalez,Male,39,2025-05-28,jacob.gonzalez.45949@outlook.com,Vancouver,British Columbia,Canada,North America,Email
45978,Joseph Rivera,Male,27,2023-05-07,joseph.rivera.45978@gmail.com,Toronto,Ontario,Canada,North America,Social Media
45996,Eugene Flores,Male,45,2023-04-20,eugene.flores.45996@yahoo.com,Los Angeles,California,United States,North America,Social Media
46042,Saanvi Brooks,Female,30,2022-08-01,saanvi.brooks.46042@outlook.com,Dallas,Texas,United States,North America,Social Media
46045,Eleanor Gomez,Female,45,2025-01-06,eleanor.gomez.46045@icloud.com,Phoenix,Arizona,United States,North America,Organic Search
46053,Madison Anderson,Female,29,2024-01-03,madison.anderson.46053@outlook.com,Toronto,Ontario,Canada,North America,Paid Search
46055,Donald Schneider,Male,39,2025-08-31,donald.schneider.46055@gmail.com,Berlin,Berlin,Germany,Europe,Email
46057,Ethan Morales,Male,33,2024-09-10,ethan.morales.46057@yahoo.com,Berlin,Berlin,Germany,Europe,Affiliate
46084,Kenneth Castillo,Male,24,2024-02-17,kenneth.castillo.46084@gmail.com,Manchester,Greater Manchester,United Kingdom,Europe,Social Media
46107,Emma Torres,Female,34,2023-02-04,emma.torres.46107@yahoo.com,Philadelphia,Pennsylvania,United States,North America,Social Media
46122,Lisa Evans,Female,54,2021-04-18,lisa.evans.46122@corporate.org,Philadelphia,Pennsylvania,United States,North America,Email
46143,Aditya Hall,Male,34,2024-11-24,aditya.hall.46143@gmail.com,Atlanta,Georgia,United States,North America,Organic Search
46157,Louis Mitchell,Male,48,2025-08-28,louis.mitchell.46157@gmail.com,Houston,Texas,United States,North America,Affiliate
46181,Amy Walker,Female,51,2024-08-01,amy.walker.46181@outlook.com,Atlanta,Georgia,United States,North America,Organic Search
46182,Gabriel Rogers,Male,39,2024-02-22,gabriel.rogers.46182@gmail.com,New York,New York,United States,North America,Organic Search
46193,Ashley Meyer,Female,33,2025-04-12,ashley.meyer.46193@gmail.com,Philadelphia,Pennsylvania,United States,North America,Social Media
46209,Leo Bennett,Male,23,2022-11-17,leo.bennett.46209@gmail.com,Atlanta,Georgia,United States,North America,Social Media
46232,Logan Turner,Male,39,2025-05-31,logan.turner.46232@gmail.com,Lyon,Auvergne-Rhône-Alpes,France,Europe,Organic Search
46233,Vincent Thompson,Male,55,2022-11-16,vincent.thompson.46233@gmail.com,Philadelphia,Pennsylvania,United States,North America,Referral
46248,Zoey Lee,Female,33,2025-01-21,zoey.lee.46248@gmail.com,Sydney,New South Wales,Australia,Asia-Pacific,Social Media
46260,Katherine Castillo,Female,29,2024-08-13,katherine.castillo.46260@yahoo.com,Berlin,Berlin,Germany,Europe,Social Media
46262,Dylan Collins,Male,28,2025-04-29,dylan.collins.46262@yahoo.com,Los Angeles,California,United States,North America,Social Media
46271,Jacqueline Reed,Female,44,2022-04-25,jacqueline.reed.46271@gmail.com,Paris,Île-de-France,France,Europe,Social Media
46278,Theo Hughes,Male,36,2025-01-31,theo.hughes.46278@outlook.com,Los Angeles,California,United States,North America,Direct
46345,Addison Campbell,Female,40,2024-03-03,addison.campbell.46345@outlook.com,Sydney,New South Wales,Australia,Asia-Pacific,Organic Search
46354,Peter Dubois,Male,35,2023-05-13,peter.dubois.46354@icloud.com,Philadelphia,Pennsylvania,United States,North America,Organic Search
46380,Eugene Cook,Male,37,2025-05-29,eugene.cook.46380@outlook.com,Phoenix,Arizona,United States,North America,Paid Search
46401,Karen Kelly,Female,44,2024-07-24,karen.kelly.46401@gmail.com,New York,New York,United States,North America,Paid Search
46425,Richard Miller,Male,49,2023-09-22,richard.miller.46425@outlook.com,Chicago,Illinois,United States,North America,Organic Search
46487,Mateo Chavez,Male,56,2022-12-19,mateo.chavez.46487@yahoo.com,Sydney,New South Wales,Australia,Asia-Pacific,Social Media
46527,Andrew Sanders,Male,50,2021-09-07,andrew.sanders.46527@yahoo.com,Phoenix,Arizona,United States,North America,Organic Search
46536,Frances Lopez,Female,40,2024-03-31,frances.lopez.46536@yahoo.com,Phoenix,Arizona,United States,North America,Paid Search
46566,Scott Weber,Male,29,2023-06-08,scott.weber.46566@yahoo.com,Manchester,Greater Manchester,United Kingdom,Europe,Email
46577,Kevin Castillo,Male,31,2024-11-02,kevin.castillo.46577@protonmail.com,Atlanta,Georgia,United States,North America,Organic Search
46580,Walter Edwards,Male,18,2021-10-08,walter.edwards.46580@gmail.com,Toronto,Ontario,Canada,North America,Organic Search
46603,Eleanor Weber,Female,37,2025-06-27,eleanor.weber.46603@protonmail.com,Miami,Florida,United States,North America,Social Media
46605,Gary Phillips,Male,39,2024-12-31,gary.phillips.46605@icloud.com,Berlin,Berlin,Germany,Europe,Social Media
46618,Christine Hernandez,Female,38,2025-08-19,christine.hernandez.46618@icloud.com,Munich,Bavaria,Germany,Europe,Organic Search
46627,Natalie Miller,Female,47,2024-08-11,natalie.miller.46627@outlook.com,New York,New York,United States,North America,Paid Search
46631,Martha Ortiz,Female,40,2021-05-09,martha.ortiz.46631@gmail.com,Los Angeles,California,United States,North America,Social Media
46645,Virginia Kumar,Female,31,2024-08-21,virginia.kumar.46645@gmail.com,Vancouver,British Columbia,Canada,North America,Organic Search
46693,Grace Nelson,Female,33,2022-09-07,grace.nelson.46693@gmail.com,New York,New York,United States,North America,Direct
46736,Cheryl Lopez,Female,44,2022-03-29,cheryl.lopez.46736@gmail.com,Sydney,New South Wales,Australia,Asia-Pacific,Social Media
46751,Randy Jackson,Male,39,2025-07-08,randy.jackson.46751@icloud.com,New York,New York,United States,North America,Organic Search
46762,Lily Lee,Non-Binary,50,2024-10-19,lily.lee.46762@yahoo.com,New York,New York,United States,North America,Referral
46770,Dorothy Watson,Female,29,2024-03-19,dorothy.watson.46770@yahoo.com,London,Greater London,United Kingdom,Europe,Paid Search
46771,Harold Davis,Non-Binary,46,2025-10-07,harold.davis.46771@protonmail.com,Frankfurt,Hesse,Germany,Europe,Direct
46807,Jessica Scott,Female,31,2025-07-26,jessica.scott.46807@yahoo.com,New York,New York,United States,North America,Referral
46821,Mateo Kim,Male,38,2025-07-13,mateo.kim.46821@yahoo.com,Los Angeles,California,United States,North America,Affiliate
46827,Ann Baker,Female,31,2023-01-22,ann.baker.46827@gmail.com,Delhi,Delhi,India,Asia-Pacific,Affiliate
46847,Larry Baker,Male,26,2024-12-03,larry.baker.46847@gmail.com,Houston,Texas,United States,North America,Organic Search
46851,Dylan Martin,Male,35,2025-10-11,dylan.martin.46851@yahoo.com,Vancouver,British Columbia,Canada,North America,Organic Search
46856,Keith Jackson,Male,22,2023-11-26,keith.jackson.46856@yahoo.com,Chicago,Illinois,United States,North America,Organic Search
46868,Justin Bennett,Male,45,2025-10-29,justin.bennett.46868@outlook.com,Phoenix,Arizona,United States,North America,Paid Search
46873,Frances Castillo,Female,31,2022-05-04,frances.castillo.46873@gmail.com,London,Greater London,United Kingdom,Europe,Direct
46881,Anna Schneider,Female,29,2022-06-21,anna.schneider.46881@yahoo.com,Berlin,Berlin,Germany,Europe,Social Media
46886,Joshua Castillo,Male,32,2023-01-03,joshua.castillo.46886@yahoo.com,Toronto,Ontario,Canada,North America,Social Media
46901,Addison Campbell,Female,31,2025-05-08,addison.campbell.46901@yahoo.com,Paris,Île-de-France,France,Europe,Paid Search
46905,Adam Nguyen,Male,29,2024-01-08,adam.nguyen.46905@gmail.com,Frankfurt,Hesse,Germany,Europe,Paid Search
46907,Penelope Flores,Female,40,2023-11-10,penelope.flores.46907@gmail.com,São Paulo,São Paulo,Brazil,Latin America,Organic Search
46928,Arthur Brown,Male,36,2022-01-31,arthur.brown.46928@icloud.com,Miami,Florida,United States,North America,Paid Search
46932,Wayne Reed,Male,33,2024-08-02,wayne.reed.46932@gmail.com,Berlin,Berlin,Germany,Europe,Organic Search
46964,Nicole Hernandez,Female,44,2023-12-27,nicole.hernandez.46964@icloud.com,Munich,Bavaria,Germany,Europe,Organic Search
46973,Timothy Adams,Male,44,2023-10-04,timothy.adams.46973@gmail.com,Houston,Texas,United States,North America,Email
46974,Edward White,Male,47,2022-07-01,edward.white.46974@gmail.com,Dallas,Texas,United States,North America,Social Media
46985,Douglas Roberts,Male,39,2025-02-03,douglas.roberts.46985@gmail.com,Paris,Île-de-France,France,Europe,Paid Search
46998,Melissa Castillo,Female,36,2023-02-05,melissa.castillo.46998@gmail.com,Phoenix,Arizona,United States,North America,Social Media
47007,Kabir Reyes,Male,35,2024-12-29,kabir.reyes.47007@icloud.com,London,Greater London,United Kingdom,Europe,Paid Search
47013,Jean Nelson,Female,28,2025-09-22,jean.nelson.47013@protonmail.com,Philadelphia,Pennsylvania,United States,North America,Paid Search
47022,Hannah Kim,Female,38,2025-06-13,hannah.kim.47022@outlook.com,London,Greater London,United Kingdom,Europe,Organic Search
47116,Scott Moreau,Male,53,2023-03-28,scott.moreau.47116@yahoo.com,Berlin,Berlin,Germany,Europe,Email
47127,Richard Perez,Male,62,2025-07-24,richard.perez.47127@outlook.com,Chicago,Illinois,United States,North America,Direct
47133,Barbara Brooks,Female,26,2023-10-24,barbara.brooks.47133@gmail.com,Munich,Bavaria,Germany,Europe,Organic Search
47137,Maria Walker,Female,44,2024-11-14,maria.walker.47137@gmail.com,Lyon,Auvergne-Rhône-Alpes,France,Europe,Affiliate
47166,Stella Nguyen,Female,37,2024-09-29,stella.nguyen.47166@gmail.com,Los Angeles,California,United States,North America,Paid Search
47171,Jacqueline Mendoza,Female,41,2025-08-31,jacqueline.mendoza.47171@gmail.com,Chicago,Illinois,United States,North America,Paid Search
47182,Heather Walker,Female,27,2025-06-25,heather.walker.47182@gmail.com,London,Greater London,United Kingdom,Europe,Direct
47208,Edward Robinson,Male,36,2025-03-18,edward.robinson.47208@outlook.com,Chicago,Illinois,United States,North America,Organic Search
47231,Barbara Howard,Female,29,2021-03-04,barbara.howard.47231@gmail.com,Mumbai,Maharashtra,India,Asia-Pacific,Social Media
47243,Patrick Morales,Male,24,2024-01-31,patrick.morales.47243@gmail.com,Houston,Texas,United States,North America,Direct
47248,Ashley Rao,Female,32,2023-05-03,ashley.rao.47248@yahoo.com,Paris,Île-de-France,France,Europe,Organic Search
47257,Zachary Turner,Male,41,2023-08-28,zachary.turner.47257@gmail.com,São Paulo,São Paulo,Brazil,Latin America,Referral
47303,Janice Gutierrez,Female,33,2024-05-12,janice.gutierrez.47303@gmail.com,Toronto,Ontario,Canada,North America,Paid Search
47309,Andrew Nguyen,Male,32,2024-04-27,andrew.nguyen.47309@outlook.com,New York,New York,United States,North America,Organic Search
47360,Stephanie Cruz,Female,37,2021-10-02,stephanie.cruz.47360@gmail.com,Chicago,Illinois,United States,North America,Organic Search
47368,Sara Edwards,Female,33,2021-09-13,sara.edwards.47368@outlook.com,New York,New York,United States,North America,Paid Search
47441,Dennis Wagner,Male,30,2023-05-04,dennis.wagner.47441@yahoo.com,New York,New York,United States,North America,Organic Search
47446,Aditya Campbell,Male,27,2022-06-21,aditya.campbell.47446@yahoo.com,Dallas,Texas,United States,North America,Organic Search
47478,Logan Roberts,Male,48,2021-02-23,logan.roberts.47478@yahoo.com,Chicago,Illinois,United States,North America,Social Media
47518,Christian Morgan,Male,35,2021-03-05,christian.morgan.47518@gmail.com,Toronto,Ontario,Canada,North America,Social Media
47538,Amanda Sanchez,Female,41,2024-12-17,amanda.sanchez.47538@yahoo.com,Paris,Île-de-France,France,Europe,Organic Search
47540,Asher Becker,Male,32,2024-11-07,asher.becker.47540@gmail.com,Frankfurt,Hesse,Germany,Europe,Social Media
47554,Thomas Young,Male,36,2022-11-30,thomas.young.47554@gmail.com,Houston,Texas,United States,North America,Social Media
47596,Laura Patel,Female,23,2025-04-05,laura.patel.47596@gmail.com,Berlin,Berlin,Germany,Europe,Paid Search
47675,Paul Patel,Male,23,2024-08-01,paul.patel.47675@gmail.com,Chicago,Illinois,United States,North America,Social Media
47702,Henry Castillo,Male,28,2025-06-20,henry.castillo.47702@gmail.com,New York,New York,United States,North America,Paid Search
47717,Zoey Reyes,Female,26,2025-06-03,zoey.reyes.47717@outlook.com,Seattle,Washington,United States,North America,Referral
47731,Timothy Young,Male,40,2025-08-08,timothy.young.47731@gmail.com,Philadelphia,Pennsylvania,United States,North America,Paid Search
47745,Roy Diaz,Male,36,2024-04-18,roy.diaz.47745@gmail.com,Mexico City,CDMX,Mexico,Latin America,Social Media
47746,Dennis Campbell,Male,42,2023-02-10,dennis.campbell.47746@gmail.com,Seattle,Washington,United States,North America,Email
47814,Myra Harris,Female,33,2023-09-12,myra.harris.47814@icloud.com,Frankfurt,Hesse,Germany,Europe,Organic Search
47895,Carol James,Female,37,2023-07-19,carol.james.47895@outlook.com,Delhi,Delhi,India,Asia-Pacific,Social Media
47951,Stella Collins,Female,36,2024-07-30,stella.collins.47951@yahoo.com,Atlanta,Georgia,United States,North America,Email
47992,Vihaan Davis,Male,39,2025-06-01,vihaan.davis.47992@gmail.com,London,Greater London,United Kingdom,Europe,Email
47997,Joan King,Female,41,2025-02-22,joan.king.47997@outlook.com,Philadelphia,Pennsylvania,United States,North America,Email
48008,Noah Martin,Male,62,2023-04-30,noah.martin.48008@gmail.com,Berlin,Berlin,Germany,Europe,Social Media
48113,Kathryn Martin,Female,59,2024-12-23,kathryn.martin.48113@outlook.com,Los Angeles,California,United States,North America,Organic Search
48114,Sharon Gomez,Female,33,2025-08-10,sharon.gomez.48114@protonmail.com,Vancouver,British Columbia,Canada,North America,Email
48115,Linda Reed,Female,31,2021-11-27,linda.reed.48115@gmail.com,Los Angeles,California,United States,North America,Organic Search
48159,Dorothy Bennett,Female,47,2023-08-31,dorothy.bennett.48159@gmail.com,Paris,Île-de-France,France,Europe,Referral
48163,Alice Scott,Female,22,2021-07-02,alice.scott.48163@yahoo.com,New York,New York,United States,North America,Social Media
48191,Jeremy Perez,Male,39,2022-04-21,jeremy.perez.48191@yahoo.com,Paris,Île-de-France,France,Europe,Email
48206,Adam Hughes,Male,38,2023-12-14,adam.hughes.48206@gmail.com,Vancouver,British Columbia,Canada,North America,Paid Search
48260,Avani Gupta,Female,37,2022-01-25,avani.gupta.48260@yahoo.com,Chicago,Illinois,United States,North America,Paid Search
48262,Karen James,Female,31,2023-05-05,karen.james.48262@gmail.com,Melbourne,Victoria,Australia,Asia-Pacific,Social Media
48324,Joe Rivera,Male,54,2024-11-22,joe.rivera.48324@gmail.com,Houston,Texas,United States,North America,Email
48334,Judith Cook,Female,43,2022-04-19,judith.cook.48334@gmail.com,Manchester,Greater Manchester,United Kingdom,Europe,Affiliate
48350,Carolyn Williams,Female,44,2024-06-30,carolyn.williams.48350@gmail.com,Vancouver,British Columbia,Canada,North America,Social Media
48384,Zachary Evans,Male,18,2024-03-29,zachary.evans.48384@gmail.com,London,Greater London,United Kingdom,Europe,Organic Search
48391,Debra Peterson,Female,43,2021-03-17,debra.peterson.48391@icloud.com,Berlin,Berlin,Germany,Europe,Organic Search
48395,Jose Flores,Male,41,2023-09-16,jose.flores.48395@gmail.com,London,Greater London,United Kingdom,Europe,Email
48402,Ronald Parker,Non-Binary,51,2022-02-02,ronald.parker.48402@icloud.com,New York,New York,United States,North America,Organic Search
48432,Christine Morales,Female,27,2023-11-01,christine.morales.48432@yahoo.com,Delhi,Delhi,India,Asia-Pacific,Paid Search
48463,Jesse Ramos,Male,35,2024-05-10,jesse.ramos.48463@gmail.com,Sydney,New South Wales,Australia,Asia-Pacific,Direct
48488,Randy Moreau,Male,28,2024-12-26,randy.moreau.48488@outlook.com,Paris,Île-de-France,France,Europe,Paid Search
48491,Jeremy Castillo,Male,34,2021-05-24,jeremy.castillo.48491@outlook.com,Sydney,New South Wales,Australia,Asia-Pacific,Paid Search
48509,Kevin Peterson,Male,30,2023-06-01,kevin.peterson.48509@gmail.com,Paris,Île-de-France,France,Europe,Paid Search
48521,Vihaan Cook,Male,39,2025-08-22,vihaan.cook.48521@outlook.com,Phoenix,Arizona,United States,North America,Referral
48549,Isha Peterson,Female,32,2025-07-24,isha.peterson.48549@gmail.com,Melbourne,Victoria,Australia,Asia-Pacific,Paid Search
48560,Alexander Mendoza,Male,23,2024-05-12,alexander.mendoza.48560@protonmail.com,Philadelphia,Pennsylvania,United States,North America,Organic Search
48561,George Flores,Male,30,2022-11-14,george.flores.48561@icloud.com,Chicago,Illinois,United States,North America,Organic Search
48586,Stephen Hernandez,Male,39,2025-09-01,stephen.hernandez.48586@gmail.com,Houston,Texas,United States,North America,Paid Search
48628,Theo Ramirez,Male,50,2023-12-22,theo.ramirez.48628@gmail.com,Paris,Île-de-France,France,Europe,Organic Search
48674,Kelly Chavez,Female,29,2025-03-13,kelly.chavez.48674@gmail.com,New York,New York,United States,North America,Email
48710,Samuel Torres,Male,32,2025-07-22,samuel.torres.48710@yahoo.com,Mexico City,CDMX,Mexico,Latin America,Direct
48735,Patricia Roberts,Female,22,2025-01-19,patricia.roberts.48735@protonmail.com,Toronto,Ontario,Canada,North America,Paid Search
48736,Jeremy Campbell,Male,42,2024-12-18,jeremy.campbell.48736@gmail.com,Philadelphia,Pennsylvania,United States,North America,Organic Search
48738,Zoe Gomez,Female,46,2022-03-19,zoe.gomez.48738@gmail.com,Toronto,Ontario,Canada,North America,Organic Search
48747,Lucas Green,Male,26,2024-08-10,lucas.green.48747@protonmail.com,Bengaluru,Karnataka,India,Asia-Pacific,Email
48820,Laura Moore,Female,46,2025-01-19,laura.moore.48820@yahoo.com,New York,New York,United States,North America,Organic Search
48839,Michael Kim,Male,34,2025-10-23,michael.kim.48839@outlook.com,Vancouver,British Columbia,Canada,North America,Direct
48869,Lillian Dubois,Female,22,2023-06-10,lillian.dubois.48869@outlook.com,New York,New York,United States,North America,Organic Search
48935,Bobby Edwards,Male,19,2024-01-25,bobby.edwards.48935@icloud.com,Miami,Florida,United States,North America,Paid Search
48941,Shirley Parker,Female,46,2021-10-04,shirley.parker.48941@icloud.com,Manchester,Greater Manchester,United Kingdom,Europe,Social Media
48943,Vincent Castillo,Male,30,2025-10-19,vincent.castillo.48943@icloud.com,Houston,Texas,United States,North America,Paid Search
48944,Janet Richardson,Female,18,2023-01-31,janet.richardson.48944@gmail.com,Bengaluru,Karnataka,India,Asia-Pacific,Organic Search
48997,Daniel Lewis,Male,20,2025-01-27,daniel.lewis.48997@gmail.com,New York,New York,United States,North America,Organic Search
49000,Zachary Jackson,Male,40,2024-03-06,zachary.jackson.49000@yahoo.com,New York,New York,United States,North America,Organic Search
49020,Myra Castillo,Female,35,2024-01-09,myra.castillo.49020@yahoo.com,Vancouver,British Columbia,Canada,North America,Direct
49065,Samantha Weber,Non-Binary,25,2023-10-15,samantha.weber.49065@gmail.com,Berlin,Berlin,Germany,Europe,Paid Search
49077,Sara Bailey,Female,53,2022-02-06,sara.bailey.49077@gmail.com,Sydney,New South Wales,Australia,Asia-Pacific,Paid Search
49078,Jack Hall,Male,37,2025-10-14,jack.hall.49078@gmail.com,São Paulo,São Paulo,Brazil,Latin America,Social Media
49130,Carol Allen,Female,32,2024-09-27,carol.allen.49130@gmail.com,Los Angeles,California,United States,North America,Social Media
49183,Emma Alvarez,Female,42,2023-07-19,emma.alvarez.49183@yahoo.com,Chicago,Illinois,United States,North America,Affiliate
49188,Sarah Patel,Female,29,2023-04-27,sarah.patel.49188@gmail.com,New York,New York,United States,North America,Direct
49193,Jordan Hernandez,Male,47,2022-09-25,jordan.hernandez.49193@gmail.com,Vancouver,British Columbia,Canada,North America,Paid Search
49218,Jason James,Male,21,2025-10-19,jason.james.49218@gmail.com,Seattle,Washington,United States,North America,Social Media
49236,Nathan Rao,Male,38,2024-07-18,nathan.rao.49236@yahoo.com,Paris,Île-de-France,France,Europe,Organic Search
49264,Patrick Rivera,Male,23,2022-03-16,patrick.rivera.49264@gmail.com,Chicago,Illinois,United States,North America,Social Media
49295,Frank Harris,Male,45,2025-06-04,frank.harris.49295@yahoo.com,Mumbai,Maharashtra,India,Asia-Pacific,Paid Search
49296,Teresa King,Female,50,2024-01-31,teresa.king.49296@protonmail.com,Los Angeles,California,United States,North America,Organic Search
49299,Donald James,Male,36,2025-01-16,donald.james.49299@gmail.com,Melbourne,Victoria,Australia,Asia-Pacific,Affiliate
49301,Christian Harris,Male,42,2023-10-28,christian.harris.49301@gmail.com,Toronto,Ontario,Canada,North America,Social Media
49325,Ann Roberts,Female,29,2023-06-07,ann.roberts.49325@gmail.com,Delhi,Delhi,India,Asia-Pacific,Organic Search
49340,Bobby Allen,Male,27,2023-11-16,bobby.allen.49340@gmail.com,Munich,Bavaria,Germany,Europe,Social Media
49346,Mary Rivera,Female,18,2024-01-06,mary.rivera.49346@gmail.com,Dallas,Texas,United States,North America,Paid Search
49352,Aditya Thomas,Male,52,2024-08-31,aditya.thomas.49352@gmail.com,Philadelphia,Pennsylvania,United States,North America,Paid Search
49354,Gary Cook,Male,30,2023-08-07,gary.cook.49354@gmail.com,London,Greater London,United Kingdom,Europe,Paid Search
49361,Debra Sanders,Female,22,2024-12-20,debra.sanders.49361@icloud.com,Chicago,Illinois,United States,North America,Direct
49378,Debra Walker,Female,30,2024-10-22,debra.walker.49378@gmail.com,London,Greater London,United Kingdom,Europe,Paid Search
49382,Carol Brooks,Female,35,2025-04-18,carol.brooks.49382@icloud.com,Los Angeles,California,United States,North America,Organic Search
49437,John Davies,Male,26,2022-10-30,john.davies.49437@gmail.com,London,Greater London,United Kingdom,Europe,Email
49440,Krishna Morales,Male,18,2022-11-27,krishna.morales.49440@gmail.com,Dallas,Texas,United States,North America,Organic Search
49441,Elijah Verma,Male,41,2024-07-04,elijah.verma.49441@gmail.com,Phoenix,Arizona,United States,North America,Social Media
49469,Megan Davis,Female,31,2024-04-12,megan.davis.49469@gmail.com,Munich,Bavaria,Germany,Europe,Social Media
49482,David Rogers,Male,30,2025-06-14,david.rogers.49482@outlook.com,Houston,Texas,United States,North America,Direct
49493,Scott Moore,Male,46,2025-08-07,scott.moore.49493@gmail.com,Berlin,Berlin,Germany,Europe,Email
49495,Jacqueline Torres,Female,22,2025-08-28,jacqueline.torres.49495@gmail.com,New York,New York,United States,North America,Social Media
49524,Katherine Jones,Female,23,2025-06-24,katherine.jones.49524@gmail.com,Mumbai,Maharashtra,India,Asia-Pacific,Social Media
49530,Roy Dubois,Male,64,2025-01-11,roy.dubois.49530@gmail.com,Seattle,Washington,United States,North America,Referral
49654,Janice Miller,Female,19,2023-05-24,janice.miller.49654@gmail.com,Vancouver,British Columbia,Canada,North America,Paid Search
49680,Steven Clark,Male,32,2025-07-12,steven.clark.49680@gmail.com,Munich,Bavaria,Germany,Europe,Organic Search
49703,Dorothy Adams,Female,40,2025-04-30,dorothy.adams.49703@gmail.com,London,Greater London,United Kingdom,Europe,Organic Search
49718,Evelyn Morales,Female,31,2023-09-08,evelyn.morales.49718@gmail.com,Houston,Texas,United States,North America,Direct
49807,Ananya Morales,Female,29,2025-05-17,ananya.morales.49807@gmail.com,Berlin,Berlin,Germany,Europe,Social Media
49810,Ronald Nelson,Male,23,2021-02-26,ronald.nelson.49810@corporate.org,Philadelphia,Pennsylvania,United States,North America,Direct
49820,Angela Mendoza,Female,18,2024-02-19,angela.mendoza.49820@gmail.com,Chicago,Illinois,United States,North America,Organic Search
49866,Aaron Wagner,Male,18,2023-12-05,aaron.wagner.49866@gmail.com,Los Angeles,California,United States,North America,Paid Search
49868,Elijah Miller,Non-Binary,51,2024-04-12,elijah.miller.49868@yahoo.com,Mexico City,CDMX,Mexico,Latin America,Paid Search
49929,Oliver Becker,Male,29,2024-09-30,oliver.becker.49929@gmail.com,Dallas,Texas,United States,North America,Direct
49951,Kabir Johnson,Male,20,2024-09-03,kabir.johnson.49951@gmail.com,Mexico City,CDMX,Mexico,Latin America,Organic Search
49963,Pamela Wright,Female,34,2022-08-14,pamela.wright.49963@gmail.com,London,Greater London,United Kingdom,Europe,Affiliate
49965,Vivaan Scott,Male,42,2022-05-16,vivaan.scott.49965@gmail.com,Los Angeles,California,United States,North America,Email
49971,Jeremy Clark,Male,30,2022-11-07,jeremy.clark.49971@gmail.com,Los Angeles,California,United States,North America,Social Media
49984,Donna Jackson,Female,25,2022-01-26,donna.jackson.49984@gmail.com,Dallas,Texas,United States,North America,Organic Search
50017,Pamela Rivera,Female,24,2025-01-11,pamela.rivera.50017@yahoo.com,New York,New York,United States,North America,Direct
50034,Jennifer Gonzalez,Female,19,2022-09-23,jennifer.gonzalez.50034@gmail.com,Seattle,Washington,United States,North America,Direct
50038,Jennifer Kelly,Female,39,2024-05-12,jennifer.kelly.50038@gmail.com,Houston,Texas,United States,North America,Email
50054,Eleanor Sanders,Female,27,2024-10-08,eleanor.sanders.50054@gmail.com,Lyon,Auvergne-Rhône-Alpes,France,Europe,Paid Search
50055,Alice Weber,Female,41,2025-04-22,alice.weber.50055@yahoo.com,Berlin,Berlin,Germany,Europe,Organic Search
50057,Eleanor Anderson,Female,44,2025-04-09,eleanor.anderson.50057@icloud.com,Seattle,Washington,United States,North America,Organic Search
50105,Jeremy Ramirez,Male,42,2025-07-14,jeremy.ramirez.50105@yahoo.com,Lyon,Auvergne-Rhône-Alpes,France,Europe,Paid Search
50120,Billy Gutierrez,Male,41,2025-03-30,billy.gutierrez.50120@gmail.com,Lyon,Auvergne-Rhône-Alpes,France,Europe,Affiliate
50149,Randy Gonzalez,Male,43,2021-07-04,randy.gonzalez.50149@outlook.com,Philadelphia,Pennsylvania,United States,North America,Organic Search
50168,Nathan Reed,Male,32,2024-12-18,nathan.reed.50168@gmail.com,Paris,Île-de-France,France,Europe,Social Media
50184,James Williams,Male,35,2025-06-18,james.williams.50184@outlook.com,Berlin,Berlin,Germany,Europe,Social Media
50187,Gary Cooper,Male,45,2024-12-12,gary.cooper.50187@gmail.com,Toronto,Ontario,Canada,North America,Paid Search
50188,Arjun Edwards,Male,23,2022-10-20,arjun.edwards.50188@gmail.com,Dallas,Texas,United States,North America,Paid Search
50216,Madison Hall,Female,51,2025-06-20,madison.hall.50216@gmail.com,Houston,Texas,United States,North America,Social Media
50218,Teresa King,Female,61,2022-03-20,teresa.king.50218@gmail.com,London,Greater London,United Kingdom,Europe,Paid Search
50219,Lisa Fischer,Female,39,2024-06-14,lisa.fischer.50219@icloud.com,Los Angeles,California,United States,North America,Paid Search
50271,Ezra Moore,Male,39,2024-09-25,ezra.moore.50271@outlook.com,Munich,Bavaria,Germany,Europe,Organic Search
50289,Vivaan Meyer,Male,36,2025-05-26,vivaan.meyer.50289@gmail.com,Mexico City,CDMX,Mexico,Latin America,Social Media
50311,Amy Cruz,Non-Binary,32,2023-12-15,amy.cruz.50311@corporate.org,Mumbai,Maharashtra,India,Asia-Pacific,Organic Search
50322,Betty Fischer,Female,33,2023-06-12,betty.fischer.50322@outlook.com,Munich,Bavaria,Germany,Europe,Social Media
50350,Keith Verma,Male,42,2024-07-12,keith.verma.50350@gmail.com,Atlanta,Georgia,United States,North America,Organic Search
50410,Leah Carter,Female,29,2024-09-15,leah.carter.50410@gmail.com,Phoenix,Arizona,United States,North America,Direct
50424,Brian Lopez,Male,24,2024-08-28,brian.lopez.50424@gmail.com,São Paulo,São Paulo,Brazil,Latin America,Paid Search
50506,Elijah Turner,Male,35,2025-01-11,elijah.turner.50506@gmail.com,Paris,Île-de-France,France,Europe,Social Media
50546,Pari Lopez,Female,46,2024-01-08,pari.lopez.50546@gmail.com,Chicago,Illinois,United States,North America,Social Media
50615,Henry Kim,Male,51,2022-09-02,henry.kim.50615@gmail.com,Frankfurt,Hesse,Germany,Europe,Direct
50636,Benjamin Flores,Male,19,2024-06-14,benjamin.flores.50636@gmail.com,Atlanta,Georgia,United States,North America,Social Media
50664,Andrea Gutierrez,Female,38,2025-05-31,andrea.gutierrez.50664@gmail.com,Berlin,Berlin,Germany,Europe,Email
50677,Ryan Williams,Male,22,2025-10-04,ryan.williams.50677@protonmail.com,New York,New York,United States,North America,Organic Search
50680,Elizabeth Johnson,Female,48,2024-10-14,elizabeth.johnson.50680@outlook.com,Los Angeles,California,United States,North America,Paid Search
50697,Lily Davis,Female,30,2023-09-02,lily.davis.50697@outlook.com,Toronto,Ontario,Canada,North America,Organic Search
50702,Jose Kim,Male,33,2025-03-15,jose.kim.50702@gmail.com,Toronto,Ontario,Canada,North America,Referral
50708,Lisa Carter,Female,31,2021-06-28,lisa.carter.50708@yahoo.com,Houston,Texas,United States,North America,Social Media
50726,Dennis Thompson,Male,34,2022-08-13,dennis.thompson.50726@gmail.com,Los Angeles,California,United States,North America,Organic Search
50763,Liam Taylor,Male,26,2024-06-21,liam.taylor.50763@outlook.com,London,Greater London,United Kingdom,Europe,Social Media
50777,Kabir Moreau,Male,48,2023-06-24,kabir.moreau.50777@gmail.com,London,Greater London,United Kingdom,Europe,Referral
50793,Aria Lee,Female,19,2024-08-30,aria.lee.50793@yahoo.com,Phoenix,Arizona,United States,North America,Organic Search
50840,Jessica Morgan,Female,42,2025-08-06,jessica.morgan.50840@yahoo.com,Sydney,New South Wales,Australia,Asia-Pacific,Direct
50879,Frances Meyer,Female,57,2025-04-09,frances.meyer.50879@gmail.com,London,Greater London,United Kingdom,Europe,Social Media
50894,Lillian Martin,Female,29,2022-12-13,lillian.martin.50894@outlook.com,New York,New York,United States,North America,Organic Search
50900,Lauren Cooper,Female,39,2024-10-07,lauren.cooper.50900@gmail.com,Toronto,Ontario,Canada,North America,Paid Search
50922,Martha Patel,Female,50,2025-10-03,martha.patel.50922@gmail.com,Munich,Bavaria,Germany,Europe,Email
50961,Timothy Gupta,Non-Binary,54,2022-07-12,timothy.gupta.50961@gmail.com,Chicago,Illinois,United States,North America,Organic Search
50963,Nancy Martinez,Female,25,2023-10-29,nancy.martinez.50963@gmail.com,Mumbai,Maharashtra,India,Asia-Pacific,Social Media
50974,Cynthia Collins,Female,29,2024-07-07,cynthia.collins.50974@gmail.com,Chicago,Illinois,United States,North America,Social Media
51028,Melissa Castillo,Female,20,2025-01-02,melissa.castillo.51028@yahoo.com,Phoenix,Arizona,United States,North America,Social Media
51040,Mary Morales,Female,44,2021-06-10,mary.morales.51040@gmail.com,Mumbai,Maharashtra,India,Asia-Pacific,Paid Search
51155,Wayne Reed,Male,46,2021-04-21,wayne.reed.51155@icloud.com,New York,New York,United States,North America,Social Media
51182,Lillian Cruz,Female,41,2024-12-14,lillian.cruz.51182@gmail.com,Mexico City,CDMX,Mexico,Latin America,Affiliate
51193,Raymond Thompson,Non-Binary,22,2025-10-08,raymond.thompson.51193@gmail.com,Manchester,Greater Manchester,United Kingdom,Europe,Email
51204,Harold Diaz,Male,24,2025-02-10,harold.diaz.51204@gmail.com,Mexico City,CDMX,Mexico,Latin America,Social Media
51210,Raymond Sanders,Male,40,2022-08-28,raymond.sanders.51210@gmail.com,Los Angeles,California,United States,North America,Paid Search
51251,Louis Collins,Male,40,2023-11-10,louis.collins.51251@yahoo.com,London,Greater London,United Kingdom,Europe,Organic Search
51328,Alice Rao,Female,50,2024-08-08,alice.rao.51328@gmail.com,Miami,Florida,United States,North America,Paid Search
51349,Frank Meyer,Male,23,2023-07-25,frank.meyer.51349@gmail.com,London,Greater London,United Kingdom,Europe,Organic Search
51364,Amy Stewart,Female,40,2025-09-08,amy.stewart.51364@outlook.com,London,Greater London,United Kingdom,Europe,Email
51377,Jacob Watson,Male,23,2021-12-10,jacob.watson.51377@gmail.com,Delhi,Delhi,India,Asia-Pacific,Social Media
51383,Edward Turner,Male,32,2025-06-01,edward.turner.51383@icloud.com,Toronto,Ontario,Canada,North America,Affiliate
51388,Jesse White,Male,36,2022-01-28,jesse.white.51388@gmail.com,Manchester,Greater Manchester,United Kingdom,Europe,Organic Search
51420,Roy Moore,Male,36,2022-05-27,roy.moore.51420@gmail.com,Munich,Bavaria,Germany,Europe,Referral
51442,Heather Morgan,Female,40,2024-01-21,heather.morgan.51442@gmail.com,Seattle,Washington,United States,North America,Direct
51465,Steven Kim,Male,42,2024-06-23,steven.kim.51465@outlook.com,Lyon,Auvergne-Rhône-Alpes,France,Europe,Paid Search
51471,Diane Moore,Female,18,2022-05-09,diane.moore.51471@gmail.com,Birmingham,West Midlands,United Kingdom,Europe,Referral
51511,Aaron Wood,Male,42,2024-10-23,aaron.wood.51511@gmail.com,Los Angeles,California,United States,North America,Social Media
51527,Frances Bennett,Female,38,2022-03-16,frances.bennett.51527@outlook.com,Houston,Texas,United States,North America,Paid Search
51570,Riley Verma,Female,42,2023-04-28,riley.verma.51570@yahoo.com,Frankfurt,Hesse,Germany,Europe,Organic Search
51578,Richard Taylor,Male,32,2023-12-02,richard.taylor.51578@gmail.com,Munich,Bavaria,Germany,Europe,Paid Search
51592,Katherine Taylor,Female,21,2025-10-16,katherine.taylor.51592@yahoo.com,Chicago,Illinois,United States,North America,Social Media
51619,Joseph Baker,Male,24,2024-10-25,joseph.baker.51619@protonmail.com,Miami,Florida,United States,North America,Social Media
51625,Nancy Castillo,Female,38,2024-03-28,nancy.castillo.51625@gmail.com,Phoenix,Arizona,United States,North America,Social Media
51627,Rebecca Smith,Female,34,2025-05-25,rebecca.smith.51627@yahoo.com,Mumbai,Maharashtra,India,Asia-Pacific,Direct
51689,Vincent Nelson,Male,34,2022-01-09,vincent.nelson.51689@gmail.com,Phoenix,Arizona,United States,North America,Organic Search
51701,Kathleen Dubois,Female,43,2023-08-22,kathleen.dubois.51701@yahoo.com,Bengaluru,Karnataka,India,Asia-Pacific,Organic Search
51727,Joe Evans,Male,19,2023-07-15,joe.evans.51727@gmail.com,Los Angeles,California,United States,North America,Paid Search
51738,Donald Peterson,Male,58,2024-08-02,donald.peterson.51738@gmail.com,New York,New York,United States,North America,Referral
51752,Jordan Phillips,Male,30,2022-06-22,jordan.phillips.51752@gmail.com,Seattle,Washington,United States,North America,Paid Search
51771,Nora Chavez,Non-Binary,53,2022-10-06,nora.chavez.51771@gmail.com,Toronto,Ontario,Canada,North America,Organic Search
51789,Angela Moreau,Female,28,2023-11-26,angela.moreau.51789@gmail.com,Mumbai,Maharashtra,India,Asia-Pacific,Referral
51811,Nicole Sharma,Female,48,2025-03-01,nicole.sharma.51811@protonmail.com,Dallas,Texas,United States,North America,Referral
51891,Jean Mendoza,Female,39,2024-10-25,jean.mendoza.51891@gmail.com,Manchester,Greater Manchester,United Kingdom,Europe,Organic Search
51906,Bradley Rogers,Male,39,2023-11-06,bradley.rogers.51906@yahoo.com,Los Angeles,California,United States,North America,Referral
51939,Bruce Smith,Male,42,2025-10-03,bruce.smith.51939@gmail.com,Manchester,Greater Manchester,United Kingdom,Europe,Paid Search
51967,Cheryl Ward,Female,21,2024-05-04,cheryl.ward.51967@gmail.com,Birmingham,West Midlands,United Kingdom,Europe,Affiliate
51969,Gloria Castillo,Female,36,2024-04-05,gloria.castillo.51969@outlook.com,London,Greater London,United Kingdom,Europe,Organic Search
52013,Adam Alvarez,Male,34,2022-10-14,adam.alvarez.52013@gmail.com,Birmingham,West Midlands,United Kingdom,Europe,Social Media
52017,Scott Garcia,Male,56,2024-01-22,scott.garcia.52017@gmail.com,Houston,Texas,United States,North America,Social Media
52019,Scott King,Male,22,2021-08-03,scott.king.52019@outlook.com,New York,New York,United States,North America,Email
52036,Julie Williams,Female,34,2024-10-13,julie.williams.52036@icloud.com,Chicago,Illinois,United States,North America,Social Media
52071,Camila Wagner,Female,27,2023-01-06,camila.wagner.52071@yahoo.com,Miami,Florida,United States,North America,Paid Search
52077,Rebecca Watson,Female,51,2025-04-27,rebecca.watson.52077@gmail.com,Houston,Texas,United States,North America,Organic Search
52149,Laura Evans,Female,19,2023-11-05,laura.evans.52149@outlook.com,Toronto,Ontario,Canada,North America,Social Media
52204,Cheryl Johnson,Female,36,2023-09-20,cheryl.johnson.52204@gmail.com,Los Angeles,California,United States,North America,Affiliate
52225,Roger Wright,Male,27,2024-12-10,roger.wright.52225@gmail.com,Frankfurt,Hesse,Germany,Europe,Direct
52265,Sara Jones,Female,38,2025-05-18,sara.jones.52265@gmail.com,Houston,Texas,United States,North America,Direct
52275,Lauren Gomez,Female,24,2024-12-14,lauren.gomez.52275@icloud.com,Seattle,Washington,United States,North America,Email
52289,Olivia Cruz,Female,20,2024-10-16,olivia.cruz.52289@outlook.com,São Paulo,São Paulo,Brazil,Latin America,Social Media
52291,Arjun Sanchez,Male,37,2023-06-30,arjun.sanchez.52291@outlook.com,Phoenix,Arizona,United States,North America,Paid Search
52292,Stephen Campbell,Male,40,2024-04-04,stephen.campbell.52292@yahoo.com,Phoenix,Arizona,United States,North America,Affiliate
52310,Russell Hernandez,Male,24,2022-05-23,russell.hernandez.52310@gmail.com,Chicago,Illinois,United States,North America,Paid Search
52314,Noah Patel,Male,34,2025-08-24,noah.patel.52314@gmail.com,Berlin,Berlin,Germany,Europe,Organic Search
52322,Camila Campbell,Female,55,2023-08-06,camila.campbell.52322@gmail.com,New York,New York,United States,North America,Organic Search
52348,Sharon Becker,Female,41,2024-07-01,sharon.becker.52348@gmail.com,Los Angeles,California,United States,North America,Social Media
52368,Jeremy Weber,Male,26,2022-03-28,jeremy.weber.52368@outlook.com,New York,New York,United States,North America,Social Media
52373,Ann Cooper,Female,48,2023-01-22,ann.cooper.52373@outlook.com,Los Angeles,California,United States,North America,Social Media
52376,Aaron Chavez,Male,35,2025-05-08,aaron.chavez.52376@icloud.com,Sydney,New South Wales,Australia,Asia-Pacific,Paid Search
52486,Zachary Martin,Male,36,2025-10-25,zachary.martin.52486@gmail.com,Houston,Texas,United States,North America,Email
52505,Rebecca Brown,Non-Binary,44,2022-09-07,rebecca.brown.52505@gmail.com,Houston,Texas,United States,North America,Referral
52513,James Hernandez,Male,43,2023-11-16,james.hernandez.52513@gmail.com,Miami,Florida,United States,North America,Social Media
52525,Melissa Stewart,Female,32,2023-01-01,melissa.stewart.52525@corporate.org,Manchester,Greater Manchester,United Kingdom,Europe,Affiliate
52554,Rachel Verma,Female,31,2021-05-25,rachel.verma.52554@gmail.com,New York,New York,United States,North America,Email
52576,Pamela Gupta,Female,19,2024-07-22,pamela.gupta.52576@outlook.com,Delhi,Delhi,India,Asia-Pacific,Paid Search
52585,Matthew Cook,Male,22,2023-10-11,matthew.cook.52585@outlook.com,Los Angeles,California,United States,North America,Email
52591,Frank Taylor,Male,19,2023-07-22,frank.taylor.52591@icloud.com,Chicago,Illinois,United States,North America,Email
52599,Sharon Torres,Female,34,2025-10-09,sharon.torres.52599@yahoo.com,Chicago,Illinois,United States,North America,Paid Search
52613,Jose Weber,Male,38,2023-11-03,jose.weber.52613@outlook.com,Frankfurt,Hesse,Germany,Europe,Email
52644,Rohan Young,Male,46,2024-11-27,rohan.young.52644@protonmail.com,New York,New York,United States,North America,Organic Search
52689,Samuel Alvarez,Male,21,2025-10-27,samuel.alvarez.52689@yahoo.com,London,Greater London,United Kingdom,Europe,Referral
52748,Samantha Diaz,Female,32,2021-06-13,samantha.diaz.52748@icloud.com,Los Angeles,California,United States,North America,Organic Search
52809,Zachary Lewis,Male,34,2021-12-04,zachary.lewis.52809@gmail.com,Philadelphia,Pennsylvania,United States,North America,Paid Search
52812,Justin Hughes,Male,52,2023-05-07,justin.hughes.52812@yahoo.com,Sydney,New South Wales,Australia,Asia-Pacific,Organic Search
52819,Martha Torres,Female,37,2025-01-11,martha.torres.52819@outlook.com,London,Greater London,United Kingdom,Europe,Organic Search
52848,Samantha Richardson,Female,46,2024-03-25,samantha.richardson.52848@outlook.com,New York,New York,United States,North America,Paid Search
52866,Rohan Gupta,Male,21,2024-10-14,rohan.gupta.52866@yahoo.com,New York,New York,United States,North America,Referral
52868,Rohan Smith,Male,38,2022-10-13,rohan.smith.52868@yahoo.com,Mexico City,CDMX,Mexico,Latin America,Social Media
52926,Linda Cruz,Female,18,2023-12-14,linda.cruz.52926@corporate.org,Los Angeles,California,United States,North America,Email
52932,Roy Edwards,Male,49,2025-08-20,roy.edwards.52932@gmail.com,Birmingham,West Midlands,United Kingdom,Europe,Paid Search
52970,Mark Fischer,Male,37,2024-12-27,mark.fischer.52970@outlook.com,Phoenix,Arizona,United States,North America,Social Media
53058,Zachary Sharma,Male,38,2025-06-24,zachary.sharma.53058@gmail.com,New York,New York,United States,North America,Direct
53060,Stephanie Johnson,Female,30,2024-03-03,stephanie.johnson.53060@gmail.com,Houston,Texas,United States,North America,Paid Search
53067,Aarav Moore,Male,38,2025-09-06,aarav.moore.53067@outlook.com,Chicago,Illinois,United States,North America,Paid Search
53090,Larry Rodriguez,Male,36,2023-05-26,larry.rodriguez.53090@outlook.com,Paris,Île-de-France,France,Europe,Referral
53120,Dorothy Turner,Female,44,2023-02-22,dorothy.turner.53120@protonmail.com,Delhi,Delhi,India,Asia-Pacific,Organic Search
53127,Johnny Reed,Male,43,2025-08-15,johnny.reed.53127@gmail.com,Houston,Texas,United States,North America,Direct
53149,Penelope Rogers,Female,28,2023-12-12,penelope.rogers.53149@yahoo.com,Melbourne,Victoria,Australia,Asia-Pacific,Email
53173,Adam Ward,Male,40,2022-05-25,adam.ward.53173@gmail.com,Chicago,Illinois,United States,North America,Social Media
53185,Riya Walker,Female,42,2025-09-08,riya.walker.53185@corporate.org,Los Angeles,California,United States,North America,Organic Search
53206,Jesse Robinson,Male,59,2022-06-15,jesse.robinson.53206@gmail.com,Berlin,Berlin,Germany,Europe,Organic Search
53256,Ralph Moreau,Male,57,2025-04-12,ralph.moreau.53256@gmail.com,Los Angeles,California,United States,North America,Organic Search
53300,Noah Williams,Male,21,2024-05-04,noah.williams.53300@gmail.com,Mumbai,Maharashtra,India,Asia-Pacific,Affiliate
53325,Andrea Alvarez,Female,38,2021-11-01,andrea.alvarez.53325@gmail.com,London,Greater London,United Kingdom,Europe,Affiliate
53339,Victoria Jackson,Female,43,2023-10-01,victoria.jackson.53339@yahoo.com,Atlanta,Georgia,United States,North America,Direct
53349,Thomas Taylor,Male,31,2022-11-03,thomas.taylor.53349@gmail.com,Los Angeles,California,United States,North America,Referral
53358,Luca Baker,Male,23,2025-08-19,luca.baker.53358@gmail.com,Delhi,Delhi,India,Asia-Pacific,Social Media
53361,Grace Davis,Female,40,2024-11-27,grace.davis.53361@protonmail.com,New York,New York,United States,North America,Organic Search
53365,Avani Wagner,Female,31,2023-06-08,avani.wagner.53365@gmail.com,Berlin,Berlin,Germany,Europe,Paid Search
53383,Carol Meyer,Female,30,2021-11-26,carol.meyer.53383@corporate.org,São Paulo,São Paulo,Brazil,Latin America,Social Media
53405,Aarav Rivera,Male,35,2023-05-19,aarav.rivera.53405@gmail.com,Bengaluru,Karnataka,India,Asia-Pacific,Social Media
53422,Penelope Dubois,Female,38,2024-04-23,penelope.dubois.53422@gmail.com,New York,New York,United States,North America,Organic Search
53450,Gerald Cook,Male,20,2024-06-03,gerald.cook.53450@outlook.com,Seattle,Washington,United States,North America,Organic Search
53452,Samantha Davies,Female,22,2024-07-08,samantha.davies.53452@icloud.com,Los Angeles,California,United States,North America,Direct
53465,Donald Cook,Male,21,2025-08-02,donald.cook.53465@gmail.com,Mumbai,Maharashtra,India,Asia-Pacific,Social Media
53472,Joan Scott,Female,55,2025-09-25,joan.scott.53472@gmail.com,Birmingham,West Midlands,United Kingdom,Europe,Referral
53507,Richard Diaz,Male,39,2023-01-19,richard.diaz.53507@gmail.com,New York,New York,United States,North America,Email
53520,Justin Sanders,Male,32,2023-08-16,justin.sanders.53520@outlook.com,Lyon,Auvergne-Rhône-Alpes,France,Europe,Paid Search
53555,Laura Garcia,Female,32,2025-01-22,laura.garcia.53555@yahoo.com,Houston,Texas,United States,North America,Organic Search
53589,Michelle Ward,Female,40,2021-09-10,michelle.ward.53589@gmail.com,Mumbai,Maharashtra,India,Asia-Pacific,Organic Search
53591,Betty White,Female,36,2025-02-04,betty.white.53591@icloud.com,Seattle,Washington,United States,North America,Social Media
53598,Thomas Parker,Male,40,2023-08-13,thomas.parker.53598@outlook.com,Mumbai,Maharashtra,India,Asia-Pacific,Paid Search
53643,Julie Singh,Female,31,2025-10-02,julie.singh.53643@gmail.com,Miami,Florida,United States,North America,Organic Search
53644,Johnny Garcia,Male,60,2022-02-02,johnny.garcia.53644@icloud.com,Munich,Bavaria,Germany,Europe,Social Media
53659,Bobby Roberts,Male,36,2025-04-21,bobby.roberts.53659@gmail.com,Chicago,Illinois,United States,North America,Organic Search
53704,Riley Evans,Female,49,2021-10-01,riley.evans.53704@outlook.com,New York,New York,United States,North America,Social Media
53739,Benjamin Wood,Non-Binary,20,2023-06-23,benjamin.wood.53739@yahoo.com,Houston,Texas,United States,North America,Social Media
53769,Jonathan Ramirez,Male,46,2024-03-29,jonathan.ramirez.53769@gmail.com,Vancouver,British Columbia,Canada,North America,Social Media
53774,Brian Edwards,Male,49,2022-11-09,brian.edwards.53774@gmail.com,Mumbai,Maharashtra,India,Asia-Pacific,Direct
53777,Robert Miller,Male,37,2025-05-31,robert.miller.53777@outlook.com,Munich,Bavaria,Germany,Europe,Referral
53818,Lillian Watson,Female,45,2025-02-23,lillian.watson.53818@gmail.com,Los Angeles,California,United States,North America,Direct
53846,Deborah White,Female,29,2024-07-16,deborah.white.53846@gmail.com,Mumbai,Maharashtra,India,Asia-Pacific,Paid Search
53856,Douglas Watson,Male,56,2024-05-10,douglas.watson.53856@yahoo.com,Chicago,Illinois,United States,North America,Email
53857,Andrew Torres,Male,32,2025-09-14,andrew.torres.53857@outlook.com,Paris,Île-de-France,France,Europe,Social Media
53913,Janice Anderson,Female,39,2023-11-03,janice.anderson.53913@outlook.com,Dallas,Texas,United States,North America,Referral
53919,Robert Harris,Male,45,2022-01-01,robert.harris.53919@gmail.com,Chicago,Illinois,United States,North America,Email
53985,Melissa Becker,Female,31,2024-10-25,melissa.becker.53985@corporate.org,Phoenix,Arizona,United States,North America,Referral
53997,Chloe Harris,Female,43,2021-04-19,chloe.harris.53997@gmail.com,São Paulo,São Paulo,Brazil,Latin America,Email
54006,Lauren Wood,Female,33,2023-12-24,lauren.wood.54006@gmail.com,Munich,Bavaria,Germany,Europe,Organic Search
54011,Charles Parker,Male,23,2023-10-24,charles.parker.54011@gmail.com,London,Greater London,United Kingdom,Europe,Social Media
54017,Jeffrey Baker,Male,39,2024-08-20,jeffrey.baker.54017@gmail.com,Sydney,New South Wales,Australia,Asia-Pacific,Email
54018,Helen Hernandez,Female,31,2022-10-11,helen.hernandez.54018@outlook.com,London,Greater London,United Kingdom,Europe,Organic Search
54049,Aaron Wood,Male,42,2024-09-12,aaron.wood.54049@gmail.com,Phoenix,Arizona,United States,North America,Direct
54060,James Verma,Male,24,2023-03-15,james.verma.54060@icloud.com,Houston,Texas,United States,North America,Email
54069,Peter Parker,Male,32,2025-06-01,peter.parker.54069@yahoo.com,Delhi,Delhi,India,Asia-Pacific,Paid Search
54073,Mateo Patel,Male,33,2023-11-05,mateo.patel.54073@yahoo.com,Mumbai,Maharashtra,India,Asia-Pacific,Organic Search
54075,Deborah Sanchez,Female,19,2021-09-06,deborah.sanchez.54075@gmail.com,New York,New York,United States,North America,Organic Search
54116,Samuel Wagner,Male,48,2024-01-01,samuel.wagner.54116@icloud.com,Munich,Bavaria,Germany,Europe,Organic Search
54158,Donna Evans,Female,38,2022-10-10,donna.evans.54158@protonmail.com,Frankfurt,Hesse,Germany,Europe,Direct
54168,Victoria Scott,Female,40,2024-03-28,victoria.scott.54168@gmail.com,Delhi,Delhi,India,Asia-Pacific,Email
54226,Janice Roberts,Female,37,2025-03-28,janice.roberts.54226@gmail.com,Houston,Texas,United States,North America,Direct
54260,Bryan Adams,Male,27,2024-03-05,bryan.adams.54260@outlook.com,Atlanta,Georgia,United States,North America,Affiliate
54277,Laura Sanchez,Female,46,2022-12-17,laura.sanchez.54277@outlook.com,Seattle,Washington,United States,North America,Organic Search
54292,Kathleen Lee,Female,41,2025-08-13,kathleen.lee.54292@gmail.com,Paris,Île-de-France,France,Europe,Social Media
54328,Barbara Harris,Female,54,2022-05-16,barbara.harris.54328@protonmail.com,Phoenix,Arizona,United States,North America,Social Media
54387,Judith Sanchez,Female,38,2024-03-04,judith.sanchez.54387@gmail.com,London,Greater London,United Kingdom,Europe,Organic Search
54401,Carl Rogers,Male,31,2021-11-27,carl.rogers.54401@gmail.com,Mexico City,CDMX,Mexico,Latin America,Social Media
54410,Sarah Schneider,Female,37,2023-12-07,sarah.schneider.54410@gmail.com,Chicago,Illinois,United States,North America,Social Media
54443,Sai Kim,Male,44,2022-07-31,sai.kim.54443@outlook.com,Berlin,Berlin,Germany,Europe,Direct
54470,Mary Brooks,Female,43,2025-03-27,mary.brooks.54470@yahoo.com,New York,New York,United States,North America,Direct
54480,Aria Martinez,Female,51,2023-10-12,aria.martinez.54480@gmail.com,Mumbai,Maharashtra,India,Asia-Pacific,Organic Search
54543,Stella Rao,Female,30,2025-06-02,stella.rao.54543@outlook.com,Toronto,Ontario,Canada,North America,Paid Search
54566,Jeremy Davis,Non-Binary,32,2025-05-20,jeremy.davis.54566@outlook.com,Philadelphia,Pennsylvania,United States,North America,Social Media
54607,Dennis Ortiz,Male,21,2024-07-22,dennis.ortiz.54607@gmail.com,Sydney,New South Wales,Australia,Asia-Pacific,Paid Search
54610,Sophia Cook,Female,41,2024-10-13,sophia.cook.54610@gmail.com,Houston,Texas,United States,North America,Organic Search
54646,Virginia White,Female,36,2025-05-22,virginia.white.54646@gmail.com,Chicago,Illinois,United States,North America,Email
54657,Diya Miller,Female,20,2025-05-27,diya.miller.54657@outlook.com,New York,New York,United States,North America,Social Media
54664,Larry Anderson,Male,33,2023-06-25,larry.anderson.54664@yahoo.com,Seattle,Washington,United States,North America,Email
54666,Sara Lopez,Female,42,2021-09-30,sara.lopez.54666@gmail.com,London,Greater London,United Kingdom,Europe,Paid Search
54676,Christina Robinson,Female,27,2023-10-27,christina.robinson.54676@gmail.com,Toronto,Ontario,Canada,North America,Direct
54679,Julia Taylor,Female,50,2024-01-01,julia.taylor.54679@gmail.com,Dallas,Texas,United States,North America,Paid Search
54701,Deborah Scott,Female,40,2023-04-01,deborah.scott.54701@gmail.com,São Paulo,São Paulo,Brazil,Latin America,Organic Search
54744,Juan Rodriguez,Male,35,2023-06-11,juan.rodriguez.54744@gmail.com,Mexico City,CDMX,Mexico,Latin America,Social Media
54758,Carl Garcia,Male,33,2023-04-10,carl.garcia.54758@gmail.com,London,Greater London,United Kingdom,Europe,Organic Search
54772,Carl Wright,Male,18,2024-02-09,carl.wright.54772@gmail.com,London,Greater London,United Kingdom,Europe,Email
54797,Dennis Rao,Male,51,2025-03-10,dennis.rao.54797@yahoo.com,New York,New York,United States,North America,Social Media
54802,Jerry Becker,Male,52,2025-03-11,jerry.becker.54802@gmail.com,Dallas,Texas,United States,North America,Organic Search
54828,Shirley Robinson,Female,40,2025-01-11,shirley.robinson.54828@gmail.com,Paris,Île-de-France,France,Europe,Referral
54837,Penelope Stewart,Female,25,2022-07-21,penelope.stewart.54837@gmail.com,Miami,Florida,United States,North America,Social Media
54841,Emma Reyes,Female,24,2025-08-13,emma.reyes.54841@gmail.com,Atlanta,Georgia,United States,North America,Social Media
54870,Wayne Allen,Male,27,2023-03-18,wayne.allen.54870@gmail.com,New York,New York,United States,North America,Organic Search
54871,Laura Nelson,Female,35,2024-10-03,laura.nelson.54871@outlook.com,New York,New York,United States,North America,Social Media
54948,Raymond Ramirez,Male,37,2022-01-24,raymond.ramirez.54948@gmail.com,New York,New York,United States,North America,Organic Search
54972,George Cook,Male,51,2022-11-01,george.cook.54972@gmail.com,London,Greater London,United Kingdom,Europe,Email
54984,Patrick Evans,Male,52,2023-12-06,patrick.evans.54984@gmail.com,Bengaluru,Karnataka,India,Asia-Pacific,Email
55004,Olivia Singh,Female,35,2023-06-23,olivia.singh.55004@gmail.com,Munich,Bavaria,Germany,Europe,Direct
55005,Ann Robinson,Female,32,2025-08-05,ann.robinson.55005@gmail.com,Chicago,Illinois,United States,North America,Affiliate
55007,Dorothy Reed,Female,44,2024-09-30,dorothy.reed.55007@gmail.com,Berlin,Berlin,Germany,Europe,Organic Search
55054,Samantha Bennett,Female,18,2024-09-07,samantha.bennett.55054@gmail.com,Philadelphia,Pennsylvania,United States,North America,Organic Search
55071,Lily Brooks,Female,29,2025-06-19,lily.brooks.55071@gmail.com,Los Angeles,California,United States,North America,Organic Search
55094,Justin Verma,Male,35,2022-04-18,justin.verma.55094@gmail.com,Los Angeles,California,United States,North America,Social Media
55135,Grace Castillo,Female,18,2024-01-10,grace.castillo.55135@gmail.com,Paris,Île-de-France,France,Europe,Social Media
55136,Karen Mitchell,Female,38,2025-08-14,karen.mitchell.55136@gmail.com,Bengaluru,Karnataka,India,Asia-Pacific,Social Media
55156,Nicole Moore,Female,36,2023-09-17,nicole.moore.55156@gmail.com,Phoenix,Arizona,United States,North America,Referral
55167,Jerry Phillips,Male,35,2023-06-25,jerry.phillips.55167@yahoo.com,Birmingham,West Midlands,United Kingdom,Europe,Affiliate
55194,Jordan Sanders,Male,50,2025-07-15,jordan.sanders.55194@icloud.com,Mumbai,Maharashtra,India,Asia-Pacific,Paid Search
55199,Kathryn Gutierrez,Female,31,2023-12-23,kathryn.gutierrez.55199@icloud.com,Seattle,Washington,United States,North America,Social Media
55211,Douglas Rivera,Male,53,2025-05-16,douglas.rivera.55211@gmail.com,Bengaluru,Karnataka,India,Asia-Pacific,Organic Search
55237,Arjun Hall,Non-Binary,37,2022-04-19,arjun.hall.55237@outlook.com,Seattle,Washington,United States,North America,Direct
55262,Olivia Hill,Non-Binary,44,2022-10-03,olivia.hill.55262@gmail.com,Los Angeles,California,United States,North America,Paid Search
55265,Janet Alvarez,Female,43,2023-07-06,janet.alvarez.55265@gmail.com,Berlin,Berlin,Germany,Europe,Paid Search
55276,Alice Anderson,Female,44,2025-07-16,alice.anderson.55276@icloud.com,Bengaluru,Karnataka,India,Asia-Pacific,Paid Search
55308,Kevin Lopez,Male,24,2024-10-31,kevin.lopez.55308@gmail.com,Miami,Florida,United States,North America,Social Media
55354,Alan Cox,Male,52,2024-03-29,alan.cox.55354@yahoo.com,Philadelphia,Pennsylvania,United States,North America,Social Media
55425,Samantha Bailey,Female,39,2024-11-20,samantha.bailey.55425@outlook.com,New York,New York,United States,North America,Affiliate
55432,Joyce Rivera,Female,51,2024-06-13,joyce.rivera.55432@gmail.com,Manchester,Greater Manchester,United Kingdom,Europe,Social Media
55495,Dylan Sanders,Male,72,2025-09-11,dylan.sanders.55495@gmail.com,Sydney,New South Wales,Australia,Asia-Pacific,Organic Search
55531,Katherine Wood,Female,37,2025-05-15,katherine.wood.55531@outlook.com,Chicago,Illinois,United States,North America,Email
55554,Anna Alvarez,Female,23,2023-11-05,anna.alvarez.55554@gmail.com,Mexico City,CDMX,Mexico,Latin America,Social Media
55572,Navya Edwards,Female,40,2024-03-31,navya.edwards.55572@gmail.com,Los Angeles,California,United States,North America,Referral
55580,Amy Cruz,Female,46,2023-11-04,amy.cruz.55580@gmail.com,Vancouver,British Columbia,Canada,North America,Email
55584,Bruce Thomas,Male,34,2021-11-18,bruce.thomas.55584@gmail.com,Mumbai,Maharashtra,India,Asia-Pacific,Direct
55595,Eugene Lee,Male,33,2021-07-11,eugene.lee.55595@icloud.com,Toronto,Ontario,Canada,North America,Organic Search
55604,Liam Gutierrez,Male,45,2025-04-27,liam.gutierrez.55604@gmail.com,Manchester,Greater Manchester,United Kingdom,Europe,Social Media
55608,Kelly Cox,Female,22,2023-01-21,kelly.cox.55608@protonmail.com,Paris,Île-de-France,France,Europe,Email
55625,Betty Hill,Female,29,2022-10-17,betty.hill.55625@gmail.com,New York,New York,United States,North America,Social Media
55669,Anthony Young,Male,27,2025-06-25,anthony.young.55669@yahoo.com,Los Angeles,California,United States,North America,Organic Search
55684,Patricia Reed,Female,39,2025-10-25,patricia.reed.55684@outlook.com,New York,New York,United States,North America,Social Media
55690,Riya Weber,Female,32,2023-07-02,riya.weber.55690@outlook.com,Mexico City,CDMX,Mexico,Latin America,Paid Search
55700,Keith Robinson,Male,18,2025-02-21,keith.robinson.55700@corporate.org,Chicago,Illinois,United States,North America,Social Media
55707,Alan Gonzalez,Male,43,2024-07-25,alan.gonzalez.55707@outlook.com,Vancouver,British Columbia,Canada,North America,Social Media
55731,Victoria Nguyen,Female,34,2024-12-28,victoria.nguyen.55731@gmail.com,Paris,Île-de-France,France,Europe,Referral
55750,Vivaan Fischer,Male,55,2024-12-30,vivaan.fischer.55750@gmail.com,Philadelphia,Pennsylvania,United States,North America,Affiliate
55751,Richard Schneider,Male,27,2022-11-15,richard.schneider.55751@gmail.com,New York,New York,United States,North America,Affiliate
55771,William Evans,Male,48,2022-05-12,william.evans.55771@gmail.com,Seattle,Washington,United States,North America,Social Media
55805,Joe Williams,Male,25,2021-06-21,joe.williams.55805@gmail.com,Toronto,Ontario,Canada,North America,Paid Search
55806,Benjamin Kim,Male,30,2025-10-21,benjamin.kim.55806@icloud.com,Chicago,Illinois,United States,North America,Organic Search
55814,Aarav Cruz,Male,49,2025-01-28,aarav.cruz.55814@outlook.com,Bengaluru,Karnataka,India,Asia-Pacific,Email
55860,Addison Cox,Female,45,2022-04-21,addison.cox.55860@gmail.com,Seattle,Washington,United States,North America,Paid Search
55861,Saanvi Gonzalez,Female,41,2023-08-18,saanvi.gonzalez.55861@gmail.com,Houston,Texas,United States,North America,Email
55872,Barbara Green,Female,31,2025-01-01,barbara.green.55872@gmail.com,Paris,Île-de-France,France,Europe,Organic Search
55936,Cheryl Brown,Female,30,2024-07-03,cheryl.brown.55936@outlook.com,Chicago,Illinois,United States,North America,Organic Search
55962,Steven Phillips,Male,18,2024-10-16,steven.phillips.55962@gmail.com,Houston,Texas,United States,North America,Organic Search
55993,Diya Richardson,Non-Binary,25,2022-12-27,diya.richardson.55993@gmail.com,Mumbai,Maharashtra,India,Asia-Pacific,Paid Search
56030,Aditya James,Male,28,2025-07-24,aditya.james.56030@gmail.com,Paris,Île-de-France,France,Europe,Paid Search
56091,Krishna Chavez,Male,40,2025-04-25,krishna.chavez.56091@gmail.com,New York,New York,United States,North America,Social Media
56102,James Cox,Male,22,2023-05-16,james.cox.56102@yahoo.com,Paris,Île-de-France,France,Europe,Organic Search
56176,Billy Taylor,Male,47,2024-09-21,billy.taylor.56176@outlook.com,São Paulo,São Paulo,Brazil,Latin America,Referral
56198,Julie Alvarez,Female,32,2024-04-14,julie.alvarez.56198@gmail.com,Seattle,Washington,United States,North America,Affiliate
56207,Jeffrey Richardson,Male,18,2025-06-16,jeffrey.richardson.56207@corporate.org,São Paulo,São Paulo,Brazil,Latin America,Organic Search
56223,Christian Verma,Male,45,2022-11-24,christian.verma.56223@yahoo.com,Houston,Texas,United States,North America,Paid Search
56233,Cheryl Stewart,Female,37,2025-03-23,cheryl.stewart.56233@icloud.com,Chicago,Illinois,United States,North America,Organic Search
56257,Elijah Thomas,Male,26,2022-07-27,elijah.thomas.56257@gmail.com,Philadelphia,Pennsylvania,United States,North America,Social Media
56265,Emma Wilson,Female,24,2025-01-23,emma.wilson.56265@gmail.com,Philadelphia,Pennsylvania,United States,North America,Social Media
56311,Austin Harris,Male,25,2023-01-07,austin.harris.56311@gmail.com,Seattle,Washington,United States,North America,Social Media
56324,Charles Walker,Male,37,2025-02-17,charles.walker.56324@yahoo.com,Miami,Florida,United States,North America,Referral
56390,Andrew Thompson,Male,41,2025-08-04,andrew.thompson.56390@gmail.com,Los Angeles,California,United States,North America,Referral
56443,Anna Nelson,Female,56,2025-04-17,anna.nelson.56443@icloud.com,Los Angeles,California,United States,North America,Referral
56475,Gregory Singh,Male,32,2025-08-22,gregory.singh.56475@yahoo.com,London,Greater London,United Kingdom,Europe,Organic Search
56478,Oliver Mendoza,Male,45,2025-08-04,oliver.mendoza.56478@gmail.com,Chicago,Illinois,United States,North America,Email
56486,Austin Mendoza,Non-Binary,41,2025-05-08,austin.mendoza.56486@outlook.com,London,Greater London,United Kingdom,Europe,Email
56487,Frank Rivera,Male,36,2022-05-16,frank.rivera.56487@outlook.com,Houston,Texas,United States,North America,Paid Search
56496,Kathleen Harris,Female,41,2023-08-31,kathleen.harris.56496@yahoo.com,New York,New York,United States,North America,Direct
56567,Luca Nelson,Male,47,2024-09-10,luca.nelson.56567@yahoo.com,Toronto,Ontario,Canada,North America,Social Media
56568,Amanda Wagner,Female,27,2023-11-28,amanda.wagner.56568@gmail.com,Berlin,Berlin,Germany,Europe,Social Media
56582,Sean Nelson,Non-Binary,55,2025-01-29,sean.nelson.56582@outlook.com,Bengaluru,Karnataka,India,Asia-Pacific,Social Media
56584,Randy Reed,Male,31,2025-05-30,randy.reed.56584@gmail.com,Los Angeles,California,United States,North America,Organic Search
56629,Julia Cooper,Female,26,2023-09-12,julia.cooper.56629@outlook.com,Houston,Texas,United States,North America,Organic Search
56705,Gerald Lopez,Male,31,2025-08-19,gerald.lopez.56705@protonmail.com,Mumbai,Maharashtra,India,Asia-Pacific,Social Media
56713,Elizabeth Price,Female,50,2024-05-04,elizabeth.price.56713@outlook.com,Berlin,Berlin,Germany,Europe,Email
56731,Andrea Carter,Female,23,2023-10-14,andrea.carter.56731@outlook.com,Manchester,Greater Manchester,United Kingdom,Europe,Direct
56739,Roy Wagner,Male,23,2023-06-13,roy.wagner.56739@outlook.com,Paris,Île-de-France,France,Europe,Email
56744,Arjun Becker,Male,35,2021-11-03,arjun.becker.56744@gmail.com,São Paulo,São Paulo,Brazil,Latin America,Email
56804,Donna Stewart,Female,48,2024-12-02,donna.stewart.56804@yahoo.com,London,Greater London,United Kingdom,Europe,Social Media
56815,Sandra Lopez,Female,35,2025-08-14,sandra.lopez.56815@outlook.com,Dallas,Texas,United States,North America,Referral
56849,Scott Rogers,Male,26,2025-09-14,scott.rogers.56849@gmail.com,Berlin,Berlin,Germany,Europe,Organic Search
56862,Helen White,Female,37,2024-08-27,helen.white.56862@yahoo.com,Seattle,Washington,United States,North America,Paid Search
56871,Ashley White,Female,47,2025-01-15,ashley.white.56871@yahoo.com,New York,New York,United States,North America,Organic Search
56920,Jerry Wright,Male,27,2025-09-11,jerry.wright.56920@gmail.com,Paris,Île-de-France,France,Europe,Email
56944,Rachel Garcia,Female,42,2022-08-07,rachel.garcia.56944@yahoo.com,Chicago,Illinois,United States,North America,Social Media
56958,Benjamin Edwards,Male,28,2025-03-17,benjamin.edwards.56958@gmail.com,Dallas,Texas,United States,North America,Paid Search
56973,Terry Lopez,Male,52,2022-04-12,terry.lopez.56973@gmail.com,Bengaluru,Karnataka,India,Asia-Pacific,Social Media
56985,Reyansh Evans,Male,20,2021-07-11,reyansh.evans.56985@gmail.com,Philadelphia,Pennsylvania,United States,North America,Social Media
57017,Henry Smith,Male,26,2023-11-15,henry.smith.57017@yahoo.com,Frankfurt,Hesse,Germany,Europe,Social Media
57038,Jeffrey Jackson,Male,20,2025-07-17,jeffrey.jackson.57038@outlook.com,Paris,Île-de-France,France,Europe,Paid Search
57085,Kabir Mendoza,Male,29,2023-07-30,kabir.mendoza.57085@corporate.org,Mumbai,Maharashtra,India,Asia-Pacific,Email
57101,Isha Flores,Female,22,2022-12-24,isha.flores.57101@gmail.com,São Paulo,São Paulo,Brazil,Latin America,Paid Search
57132,Carl Ortiz,Male,39,2024-10-31,carl.ortiz.57132@outlook.com,Delhi,Delhi,India,Asia-Pacific,Organic Search
57169,Jeffrey Gomez,Male,27,2024-08-12,jeffrey.gomez.57169@gmail.com,Berlin,Berlin,Germany,Europe,Direct
57179,Nancy Mendoza,Female,33,2023-08-21,nancy.mendoza.57179@gmail.com,Phoenix,Arizona,United States,North America,Email
57197,Nora Lopez,Female,24,2024-02-28,nora.lopez.57197@outlook.com,Delhi,Delhi,India,Asia-Pacific,Social Media
57217,Sara Ortiz,Female,50,2023-11-07,sara.ortiz.57217@gmail.com,Chicago,Illinois,United States,North America,Direct
57271,Daniel Campbell,Male,28,2023-03-24,daniel.campbell.57271@gmail.com,Mumbai,Maharashtra,India,Asia-Pacific,Social Media
57334,Andrea Howard,Female,18,2022-02-22,andrea.howard.57334@outlook.com,Vancouver,British Columbia,Canada,North America,Direct
57366,Lillian Taylor,Female,58,2022-11-10,lillian.taylor.57366@yahoo.com,Chicago,Illinois,United States,North America,Affiliate
57454,Lisa Castillo,Female,32,2024-09-06,lisa.castillo.57454@gmail.com,Los Angeles,California,United States,North America,Email
57458,Linda Sharma,Female,39,2023-10-11,linda.sharma.57458@gmail.com,Frankfurt,Hesse,Germany,Europe,Organic Search
57472,Peter Young,Male,44,2024-04-28,peter.young.57472@outlook.com,Phoenix,Arizona,United States,North America,Organic Search
57499,Joe Johnson,Male,33,2022-12-25,joe.johnson.57499@yahoo.com,Chicago,Illinois,United States,North America,Email
57549,Joan Reyes,Female,47,2021-08-17,joan.reyes.57549@gmail.com,Bengaluru,Karnataka,India,Asia-Pacific,Organic Search
57556,Pamela Castillo,Female,25,2024-03-27,pamela.castillo.57556@gmail.com,Los Angeles,California,United States,North America,Paid Search
57609,Philip Wilson,Male,59,2025-06-03,philip.wilson.57609@yahoo.com,Seattle,Washington,United States,North America,Direct
57613,Kyle Roberts,Male,37,2024-07-23,kyle.roberts.57613@outlook.com,Bengaluru,Karnataka,India,Asia-Pacific,Social Media
57623,Vihaan Diaz,Male,27,2024-09-12,vihaan.diaz.57623@outlook.com,Sydney,New South Wales,Australia,Asia-Pacific,Organic Search
57645,Vivaan Becker,Male,40,2023-12-12,vivaan.becker.57645@outlook.com,New York,New York,United States,North America,Paid Search
57646,Hannah Murphy,Female,43,2021-09-27,hannah.murphy.57646@yahoo.com,Los Angeles,California,United States,North America,Social Media
57654,Diya Becker,Female,40,2024-03-10,diya.becker.57654@protonmail.com,Dallas,Texas,United States,North America,Social Media
57661,Olivia Wright,Female,56,2022-09-18,olivia.wright.57661@corporate.org,Bengaluru,Karnataka,India,Asia-Pacific,Social Media
57671,Eleanor Campbell,Female,38,2025-02-24,eleanor.campbell.57671@gmail.com,London,Greater London,United Kingdom,Europe,Paid Search
57681,Aubrey Price,Female,42,2022-12-20,aubrey.price.57681@gmail.com,São Paulo,São Paulo,Brazil,Latin America,Paid Search
57789,Albert Ward,Male,47,2021-04-26,albert.ward.57789@gmail.com,Houston,Texas,United States,North America,Referral
57792,Kelly Wagner,Female,32,2025-07-29,kelly.wagner.57792@gmail.com,Sydney,New South Wales,Australia,Asia-Pacific,Social Media
57818,Dylan Jones,Male,32,2024-04-07,dylan.jones.57818@gmail.com,Los Angeles,California,United States,North America,Paid Search
57843,Linda Bennett,Female,46,2025-06-24,linda.bennett.57843@gmail.com,Dallas,Texas,United States,North America,Referral
57853,Edward Flores,Male,59,2025-05-06,edward.flores.57853@yahoo.com,Chicago,Illinois,United States,North America,Organic Search
57891,Susan Thomas,Female,44,2025-04-30,susan.thomas.57891@gmail.com,Los Angeles,California,United States,North America,Email
57894,Nathan Bennett,Male,23,2024-09-28,nathan.bennett.57894@gmail.com,Phoenix,Arizona,United States,North America,Email
57938,James Wood,Male,47,2022-05-13,james.wood.57938@gmail.com,Melbourne,Victoria,Australia,Asia-Pacific,Affiliate
58000,Jeffrey Perez,Male,42,2023-12-22,jeffrey.perez.58000@outlook.com,New York,New York,United States,North America,Organic Search
58006,Donna Lopez,Female,58,2025-10-19,donna.lopez.58006@gmail.com,Los Angeles,California,United States,North America,Organic Search
58032,Margaret Bennett,Female,34,2023-09-13,margaret.bennett.58032@protonmail.com,Dallas,Texas,United States,North America,Paid Search
58069,Katherine Morales,Female,40,2022-04-08,katherine.morales.58069@gmail.com,Los Angeles,California,United States,North America,Paid Search
58095,Gary Ramirez,Male,22,2025-03-03,gary.ramirez.58095@yahoo.com,Los Angeles,California,United States,North America,Email
58109,Brandon Lopez,Male,26,2025-03-21,brandon.lopez.58109@outlook.com,Phoenix,Arizona,United States,North America,Email
58116,Nicholas Clark,Male,38,2025-08-31,nicholas.clark.58116@gmail.com,Mumbai,Maharashtra,India,Asia-Pacific,Paid Search
58117,Judith Ramos,Female,46,2024-01-20,judith.ramos.58117@gmail.com,New York,New York,United States,North America,Referral
58130,Nathan Verma,Male,25,2021-09-08,nathan.verma.58130@outlook.com,New York,New York,United States,North America,Social Media
58132,Arthur Davis,Male,40,2024-01-19,arthur.davis.58132@yahoo.com,Toronto,Ontario,Canada,North America,Affiliate
58148,Grace Taylor,Female,41,2022-02-10,grace.taylor.58148@outlook.com,Chicago,Illinois,United States,North America,Email
58162,Richard Torres,Male,47,2024-03-14,richard.torres.58162@outlook.com,Frankfurt,Hesse,Germany,Europe,Email
58194,Sara Scott,Female,55,2022-06-04,sara.scott.58194@gmail.com,New York,New York,United States,North America,Paid Search
58198,Tyler Ramirez,Male,38,2021-09-28,tyler.ramirez.58198@yahoo.com,Phoenix,Arizona,United States,North America,Email
58209,Anna Roberts,Female,35,2024-01-09,anna.roberts.58209@gmail.com,Chicago,Illinois,United States,North America,Paid Search
58227,Jesse Clark,Male,55,2021-12-11,jesse.clark.58227@yahoo.com,Sydney,New South Wales,Australia,Asia-Pacific,Direct
58229,Adam Parker,Male,51,2025-01-20,adam.parker.58229@gmail.com,London,Greater London,United Kingdom,Europe,Paid Search
58232,Terry Gutierrez,Male,40,2025-05-23,terry.gutierrez.58232@outlook.com,Mumbai,Maharashtra,India,Asia-Pacific,Referral
58287,Elizabeth Singh,Female,39,2022-01-24,elizabeth.singh.58287@gmail.com,São Paulo,São Paulo,Brazil,Latin America,Social Media
58292,Lillian Phillips,Female,23,2024-03-04,lillian.phillips.58292@yahoo.com,Toronto,Ontario,Canada,North America,Paid Search
58322,Anna Davies,Female,44,2023-12-08,anna.davies.58322@protonmail.com,Bengaluru,Karnataka,India,Asia-Pacific,Referral
58386,David Cox,Male,28,2025-04-28,david.cox.58386@protonmail.com,Phoenix,Arizona,United States,North America,Email
58399,Aaron Scott,Male,32,2025-08-11,aaron.scott.58399@icloud.com,Manchester,Greater Manchester,United Kingdom,Europe,Paid Search
58419,Nathan Hernandez,Male,36,2022-01-09,nathan.hernandez.58419@yahoo.com,Manchester,Greater Manchester,United Kingdom,Europe,Social Media
58420,Douglas Parker,Male,27,2025-02-28,douglas.parker.58420@gmail.com,Manchester,Greater Manchester,United Kingdom,Europe,Referral
58426,Mark Evans,Non-Binary,22,2025-03-22,mark.evans.58426@gmail.com,Sydney,New South Wales,Australia,Asia-Pacific,Social Media
58438,Aria Brown,Female,53,2025-08-13,aria.brown.58438@gmail.com,London,Greater London,United Kingdom,Europe,Social Media
58460,Mary Ramos,Female,49,2022-09-02,mary.ramos.58460@gmail.com,Philadelphia,Pennsylvania,United States,North America,Organic Search
58475,Brian Evans,Male,41,2025-07-10,brian.evans.58475@gmail.com,São Paulo,São Paulo,Brazil,Latin America,Paid Search
58486,Willie Williams,Male,54,2023-07-08,willie.williams.58486@gmail.com,Toronto,Ontario,Canada,North America,Direct
58492,Eleanor Walker,Female,55,2022-05-30,eleanor.walker.58492@outlook.com,New York,New York,United States,North America,Affiliate
58515,Zoe Mitchell,Female,56,2024-07-28,zoe.mitchell.58515@gmail.com,Paris,Île-de-France,France,Europe,Organic Search
58541,George Richardson,Male,31,2024-02-21,george.richardson.58541@yahoo.com,Manchester,Greater Manchester,United Kingdom,Europe,Social Media
58550,Frank Roberts,Male,28,2023-11-02,frank.roberts.58550@gmail.com,Manchester,Greater Manchester,United Kingdom,Europe,Organic Search
58601,Edward Castillo,Male,18,2023-09-14,edward.castillo.58601@gmail.com,Paris,Île-de-France,France,Europe,Paid Search
58602,Henry Martinez,Male,40,2023-03-13,henry.martinez.58602@yahoo.com,Dallas,Texas,United States,North America,Organic Search
58609,Joyce Ramos,Female,18,2024-08-31,joyce.ramos.58609@yahoo.com,Philadelphia,Pennsylvania,United States,North America,Paid Search
58613,Virginia Dubois,Female,35,2025-09-14,virginia.dubois.58613@gmail.com,Los Angeles,California,United States,North America,Direct
58650,Ronald Diaz,Male,36,2024-06-29,ronald.diaz.58650@gmail.com,Sydney,New South Wales,Australia,Asia-Pacific,Social Media
58664,Jordan Weber,Male,26,2025-07-17,jordan.weber.58664@protonmail.com,Atlanta,Georgia,United States,North America,Direct
58675,Michelle Kumar,Female,47,2022-08-08,michelle.kumar.58675@gmail.com,Miami,Florida,United States,North America,Referral
58680,Aaron Bennett,Male,36,2025-09-25,aaron.bennett.58680@gmail.com,New York,New York,United States,North America,Organic Search
58750,John Sanchez,Male,25,2023-06-25,john.sanchez.58750@outlook.com,Miami,Florida,United States,North America,Affiliate
58753,Thomas Mendoza,Male,47,2022-05-06,thomas.mendoza.58753@gmail.com,New York,New York,United States,North America,Email
58807,Deborah Hall,Female,40,2023-11-05,deborah.hall.58807@gmail.com,Los Angeles,California,United States,North America,Paid Search
58817,Teresa Martin,Female,18,2022-09-03,teresa.martin.58817@outlook.com,Seattle,Washington,United States,North America,Email
58837,Saanvi Brooks,Female,43,2025-06-29,saanvi.brooks.58837@gmail.com,Manchester,Greater Manchester,United Kingdom,Europe,Social Media
58880,Sai Wood,Male,46,2023-11-05,sai.wood.58880@corporate.org,New York,New York,United States,North America,Paid Search
58903,Luca Cooper,Male,35,2024-09-02,luca.cooper.58903@gmail.com,Houston,Texas,United States,North America,Social Media
58926,Jacqueline Singh,Female,27,2022-04-02,jacqueline.singh.58926@gmail.com,Vancouver,British Columbia,Canada,North America,Paid Search
58948,Ann Cruz,Female,47,2024-04-16,ann.cruz.58948@gmail.com,Bengaluru,Karnataka,India,Asia-Pacific,Direct
59010,Jacqueline Harris,Female,18,2025-03-04,jacqueline.harris.59010@gmail.com,Birmingham,West Midlands,United Kingdom,Europe,Referral
59043,Gregory Sanchez,Male,38,2023-08-18,gregory.sanchez.59043@yahoo.com,Delhi,Delhi,India,Asia-Pacific,Email
59047,Kathryn Bennett,Female,50,2025-01-31,kathryn.bennett.59047@icloud.com,New York,New York,United States,North America,Paid Search
59048,Sophia King,Female,55,2025-07-18,sophia.king.59048@gmail.com,London,Greater London,United Kingdom,Europe,Organic Search
59059,Heather Nelson,Female,37,2022-07-08,heather.nelson.59059@outlook.com,Paris,Île-de-France,France,Europe,Organic Search
59062,Megan Campbell,Female,29,2022-12-02,megan.campbell.59062@yahoo.com,Philadelphia,Pennsylvania,United States,North America,Referral
59085,Kevin Ramirez,Male,45,2024-12-10,kevin.ramirez.59085@gmail.com,Paris,Île-de-France,France,Europe,Email
59096,Luca Howard,Male,42,2025-09-28,luca.howard.59096@outlook.com,Manchester,Greater Manchester,United Kingdom,Europe,Affiliate
59138,Scott Jackson,Male,46,2025-08-28,scott.jackson.59138@outlook.com,Atlanta,Georgia,United States,North America,Organic Search
59161,Nicole Evans,Female,59,2023-05-15,nicole.evans.59161@gmail.com,Los Angeles,California,United States,North America,Referral
59170,Steven Wagner,Male,48,2025-06-29,steven.wagner.59170@icloud.com,Los Angeles,California,United States,North America,Social Media
59183,Theo Wright,Male,53,2025-09-29,theo.wright.59183@gmail.com,Phoenix,Arizona,United States,North America,Email
59219,Sara Miller,Female,35,2025-09-08,sara.miller.59219@yahoo.com,Bengaluru,Karnataka,India,Asia-Pacific,Direct
59258,Bradley Young,Male,28,2023-12-02,bradley.young.59258@protonmail.com,Melbourne,Victoria,Australia,Asia-Pacific,Social Media
59269,Alice Evans,Female,39,2023-06-28,alice.evans.59269@gmail.com,Philadelphia,Pennsylvania,United States,North America,Social Media
59283,Noah Verma,Male,20,2024-01-13,noah.verma.59283@gmail.com,New York,New York,United States,North America,Social Media
59298,Lucas Alvarez,Male,49,2025-08-11,lucas.alvarez.59298@gmail.com,Munich,Bavaria,Germany,Europe,Paid Search
59306,Lauren Davis,Female,33,2024-02-28,lauren.davis.59306@gmail.com,Paris,Île-de-France,France,Europe,Organic Search
59309,Elijah Castillo,Male,32,2024-04-20,elijah.castillo.59309@gmail.com,Houston,Texas,United States,North America,Direct
59339,Billy Wilson,Male,23,2023-01-29,billy.wilson.59339@gmail.com,New York,New York,United States,North America,Social Media
59352,Nancy Diaz,Female,46,2025-02-19,nancy.diaz.59352@yahoo.com,Paris,Île-de-France,France,Europe,Organic Search
59358,Martha Williams,Female,36,2022-12-19,martha.williams.59358@outlook.com,Vancouver,British Columbia,Canada,North America,Affiliate
59366,Walter Gonzalez,Male,40,2024-12-13,walter.gonzalez.59366@gmail.com,Sydney,New South Wales,Australia,Asia-Pacific,Direct
59386,Johnny Bailey,Male,30,2025-01-30,johnny.bailey.59386@gmail.com,Los Angeles,California,United States,North America,Paid Search
59396,Kimberly Perez,Non-Binary,18,2025-02-24,kimberly.perez.59396@gmail.com,Chicago,Illinois,United States,North America,Affiliate
59456,Sophia Sanchez,Female,70,2023-09-20,sophia.sanchez.59456@gmail.com,Paris,Île-de-France,France,Europe,Email
59458,Ralph Clark,Male,31,2024-01-17,ralph.clark.59458@gmail.com,Houston,Texas,United States,North America,Paid Search
59469,Kathryn Nelson,Female,25,2024-10-10,kathryn.nelson.59469@gmail.com,São Paulo,São Paulo,Brazil,Latin America,Social Media
59489,Brandon Cruz,Male,37,2024-05-24,brandon.cruz.59489@yahoo.com,Los Angeles,California,United States,North America,Paid Search
59492,Hannah Hall,Female,40,2024-10-14,hannah.hall.59492@corporate.org,Philadelphia,Pennsylvania,United States,North America,Organic Search
59508,Cynthia Gomez,Female,37,2024-07-30,cynthia.gomez.59508@gmail.com,Mumbai,Maharashtra,India,Asia-Pacific,Paid Search
59530,Janice Gutierrez,Non-Binary,31,2024-07-20,janice.gutierrez.59530@gmail.com,Mexico City,CDMX,Mexico,Latin America,Organic Search
59566,Cynthia Lewis,Female,18,2022-09-25,cynthia.lewis.59566@yahoo.com,New York,New York,United States,North America,Social Media
59602,Philip Price,Male,40,2025-02-15,philip.price.59602@icloud.com,Chicago,Illinois,United States,North America,Organic Search
59628,Camila Wood,Female,46,2023-12-30,camila.wood.59628@yahoo.com,Atlanta,Georgia,United States,North America,Social Media
59630,Michelle Young,Non-Binary,41,2025-02-28,michelle.young.59630@yahoo.com,London,Greater London,United Kingdom,Europe,Email
59661,Mark Price,Male,30,2025-05-22,mark.price.59661@outlook.com,Birmingham,West Midlands,United Kingdom,Europe,Direct
59662,Betty Becker,Female,61,2025-03-25,betty.becker.59662@gmail.com,Los Angeles,California,United States,North America,Affiliate
59673,Saanvi Wilson,Female,40,2025-05-23,saanvi.wilson.59673@outlook.com,Toronto,Ontario,Canada,North America,Paid Search
59712,Deborah Nguyen,Female,18,2025-04-11,deborah.nguyen.59712@protonmail.com,Delhi,Delhi,India,Asia-Pacific,Social Media
59759,Rohan Davies,Male,21,2024-07-03,rohan.davies.59759@gmail.com,Mumbai,Maharashtra,India,Asia-Pacific,Referral
59761,Krishna Garcia,Male,38,2023-12-04,krishna.garcia.59761@gmail.com,Dallas,Texas,United States,North America,Organic Search
59821,Vihaan Allen,Male,33,2024-02-17,vihaan.allen.59821@outlook.com,Mexico City,CDMX,Mexico,Latin America,Email
59845,Avani Torres,Female,49,2023-01-08,avani.torres.59845@outlook.com,New York,New York,United States,North America,Organic Search
59862,Addison Bailey,Female,46,2025-03-22,addison.bailey.59862@gmail.com,Los Angeles,California,United States,North America,Email
59885,Leo Wilson,Male,33,2025-10-18,leo.wilson.59885@gmail.com,Paris,Île-de-France,France,Europe,Social Media
59887,Saanvi Jones,Female,67,2025-03-06,saanvi.jones.59887@yahoo.com,Chicago,Illinois,United States,North America,Direct
59919,Albert Clark,Male,42,2024-11-25,albert.clark.59919@yahoo.com,Phoenix,Arizona,United States,North America,Email
59938,Jason Taylor,Male,32,2023-02-17,jason.taylor.59938@gmail.com,Melbourne,Victoria,Australia,Asia-Pacific,Social Media
59943,Timothy Cruz,Male,18,2022-10-22,timothy.cruz.59943@gmail.com,Los Angeles,California,United States,North America,Social Media
59948,Alan Brown,Male,38,2024-05-13,alan.brown.59948@outlook.com,Los Angeles,California,United States,North America,Paid Search
59951,Jean Rodriguez,Female,45,2023-12-06,jean.rodriguez.59951@outlook.com,Manchester,Greater Manchester,United Kingdom,Europe,Direct
59964,Teresa Morales,Female,18,2023-03-05,teresa.morales.59964@icloud.com,Los Angeles,California,United States,North America,Social Media
59983,Jennifer Rao,Female,44,2023-10-29,jennifer.rao.59983@gmail.com,New York,New York,United States,North America,Direct
59988,Amy Kim,Female,42,2024-11-01,amy.kim.59988@gmail.com,New York,New York,United States,North America,Organic Search
59991,Douglas Taylor,Male,19,2025-04-19,douglas.taylor.59991@protonmail.com,Seattle,Washington,United States,North America,Social Media
60009,Lillian Johnson,Female,38,2023-12-12,lillian.johnson.60009@yahoo.com,Houston,Texas,United States,North America,Social Media
60037,Roger Baker,Male,32,2021-09-20,roger.baker.60037@gmail.com,Los Angeles,California,United States,North America,Organic Search
60075,Patrick Lewis,Non-Binary,44,2023-07-09,patrick.lewis.60075@gmail.com,Chicago,Illinois,United States,North America,Social Media
60077,Sarah Cook,Female,42,2024-09-03,sarah.cook.60077@outlook.com,Houston,Texas,United States,North America,Affiliate
60079,Keith Clark,Male,36,2025-08-26,keith.clark.60079@icloud.com,Chicago,Illinois,United States,North America,Social Media
60086,Russell Taylor,Male,20,2024-11-26,russell.taylor.60086@outlook.com,Delhi,Delhi,India,Asia-Pacific,Referral
60089,Katherine Collins,Female,42,2024-09-26,katherine.collins.60089@outlook.com,Paris,Île-de-France,France,Europe,Social Media
60112,Jacqueline Ward,Female,35,2025-01-12,jacqueline.ward.60112@gmail.com,New York,New York,United States,North America,Organic Search
60156,Charles Sanchez,Male,53,2021-08-04,charles.sanchez.60156@gmail.com,Chicago,Illinois,United States,North America,Direct
60187,Elijah Becker,Male,36,2023-11-18,elijah.becker.60187@yahoo.com,Los Angeles,California,United States,North America,Organic Search
60188,Cynthia Green,Female,53,2025-07-27,cynthia.green.60188@gmail.com,Chicago,Illinois,United States,North America,Referral
60192,Joe Evans,Male,18,2024-04-19,joe.evans.60192@yahoo.com,London,Greater London,United Kingdom,Europe,Email
60194,Debra Morales,Female,41,2025-07-15,debra.morales.60194@gmail.com,São Paulo,São Paulo,Brazil,Latin America,Organic Search
60208,Zoey Alvarez,Female,47,2021-04-12,zoey.alvarez.60208@gmail.com,Mumbai,Maharashtra,India,Asia-Pacific,Organic Search
60211,Julia Phillips,Female,29,2025-05-24,julia.phillips.60211@gmail.com,Mumbai,Maharashtra,India,Asia-Pacific,Organic Search
60212,Samantha Dubois,Female,37,2021-11-08,samantha.dubois.60212@yahoo.com,Chicago,Illinois,United States,North America,Organic Search
60214,Patrick Mendoza,Male,29,2022-06-19,patrick.mendoza.60214@gmail.com,Phoenix,Arizona,United States,North America,Organic Search
60223,Elijah Reed,Male,45,2023-05-11,elijah.reed.60223@gmail.com,New York,New York,United States,North America,Organic Search
60271,Joshua Mendoza,Male,51,2023-03-16,joshua.mendoza.60271@gmail.com,Chicago,Illinois,United States,North America,Paid Search
60273,Jonathan Brown,Male,32,2021-03-30,jonathan.brown.60273@outlook.com,Frankfurt,Hesse,Germany,Europe,Social Media
60283,David Gupta,Male,26,2022-10-02,david.gupta.60283@gmail.com,Phoenix,Arizona,United States,North America,Paid Search
60343,Alice Morales,Female,71,2023-09-17,alice.morales.60343@gmail.com,Philadelphia,Pennsylvania,United States,North America,Social Media
60373,Margaret Patel,Female,25,2025-04-27,margaret.patel.60373@protonmail.com,Toronto,Ontario,Canada,North America,Email
60414,Harold Clark,Male,55,2024-12-09,harold.clark.60414@yahoo.com,Chicago,Illinois,United States,North America,Email
60456,Brian Peterson,Male,30,2023-01-22,brian.peterson.60456@protonmail.com,Birmingham,West Midlands,United Kingdom,Europe,Organic Search
60511,Teresa Dubois,Female,45,2022-01-25,teresa.dubois.60511@gmail.com,Dallas,Texas,United States,North America,Organic Search
60532,Rohan Young,Male,28,2022-07-05,rohan.young.60532@yahoo.com,Atlanta,Georgia,United States,North America,Email
60540,Avani Williams,Female,36,2025-10-18,avani.williams.60540@outlook.com,Seattle,Washington,United States,North America,Paid Search
60547,Deborah Nelson,Female,51,2024-09-26,deborah.nelson.60547@gmail.com,Seattle,Washington,United States,North America,Organic Search
60551,Christine Green,Female,51,2021-10-04,christine.green.60551@yahoo.com,Atlanta,Georgia,United States,North America,Paid Search
60613,Jordan Rivera,Male,34,2023-12-23,jordan.rivera.60613@gmail.com,Philadelphia,Pennsylvania,United States,North America,Social Media
60628,Penelope Moore,Female,49,2022-07-21,penelope.moore.60628@gmail.com,Bengaluru,Karnataka,India,Asia-Pacific,Affiliate
60633,Ashley Verma,Female,54,2024-02-17,ashley.verma.60633@yahoo.com,Chicago,Illinois,United States,North America,Email
60683,Karen Sharma,Female,50,2025-09-20,karen.sharma.60683@protonmail.com,Frankfurt,Hesse,Germany,Europe,Paid Search
60713,Jessica Becker,Female,21,2025-05-06,jessica.becker.60713@outlook.com,São Paulo,São Paulo,Brazil,Latin America,Email
60751,Joyce Singh,Female,43,2025-03-09,joyce.singh.60751@gmail.com,Atlanta,Georgia,United States,North America,Email
60759,Bruce Cook,Male,32,2022-11-23,bruce.cook.60759@yahoo.com,London,Greater London,United Kingdom,Europe,Direct
60799,Betty Fischer,Female,22,2024-09-14,betty.fischer.60799@gmail.com,London,Greater London,United Kingdom,Europe,Organic Search
60826,Ronald Evans,Male,31,2022-11-24,ronald.evans.60826@protonmail.com,Manchester,Greater Manchester,United Kingdom,Europe,Referral
60834,Amanda Patel,Female,44,2023-08-22,amanda.patel.60834@yahoo.com,Bengaluru,Karnataka,India,Asia-Pacific,Referral
60841,Roy Wilson,Male,18,2022-09-01,roy.wilson.60841@protonmail.com,Toronto,Ontario,Canada,North America,Direct
60845,Gerald Gutierrez,Male,34,2022-12-06,gerald.gutierrez.60845@yahoo.com,Lyon,Auvergne-Rhône-Alpes,France,Europe,Organic Search
60847,Zachary Wilson,Male,37,2025-09-22,zachary.wilson.60847@outlook.com,Dallas,Texas,United States,North America,Organic Search
60894,Matthew Rao,Male,18,2021-05-20,matthew.rao.60894@yahoo.com,São Paulo,São Paulo,Brazil,Latin America,Organic Search
60911,Kenneth Patel,Male,30,2022-02-25,kenneth.patel.60911@icloud.com,Vancouver,British Columbia,Canada,North America,Paid Search
60966,Johnny Bailey,Male,30,2023-05-14,johnny.bailey.60966@gmail.com,Houston,Texas,United States,North America,Affiliate
60968,Bruce Johnson,Male,42,2025-10-27,bruce.johnson.60968@gmail.com,Chicago,Illinois,United States,North America,Referral
60981,Lawrence Parker,Male,37,2022-09-24,lawrence.parker.60981@gmail.com,New York,New York,United States,North America,Organic Search
61041,Steven Rivera,Male,41,2025-03-09,steven.rivera.61041@outlook.com,Berlin,Berlin,Germany,Europe,Organic Search
61042,Mark Roberts,Male,33,2023-05-07,mark.roberts.61042@gmail.com,Mexico City,CDMX,Mexico,Latin America,Organic Search
61057,Heather Nelson,Female,24,2024-07-22,heather.nelson.61057@yahoo.com,Bengaluru,Karnataka,India,Asia-Pacific,Paid Search
61060,Kathryn Anderson,Female,28,2024-09-07,kathryn.anderson.61060@gmail.com,New York,New York,United States,North America,Paid Search
61098,Jose Murphy,Male,46,2025-07-20,jose.murphy.61098@gmail.com,London,Greater London,United Kingdom,Europe,Direct
61129,Eleanor Carter,Female,43,2024-12-08,eleanor.carter.61129@gmail.com,Dallas,Texas,United States,North America,Paid Search
61133,Jerry Peterson,Male,37,2022-09-09,jerry.peterson.61133@gmail.com,Melbourne,Victoria,Australia,Asia-Pacific,Social Media
61136,Alan Reyes,Male,61,2024-12-19,alan.reyes.61136@outlook.com,Berlin,Berlin,Germany,Europe,Email
61168,Luca Miller,Male,26,2025-05-30,luca.miller.61168@outlook.com,New York,New York,United States,North America,Paid Search
61190,Anthony Phillips,Male,26,2024-10-10,anthony.phillips.61190@gmail.com,Toronto,Ontario,Canada,North America,Affiliate
61212,Elizabeth Murphy,Female,26,2022-12-15,elizabeth.murphy.61212@icloud.com,New York,New York,United States,North America,Paid Search
61217,Krishna Hill,Male,37,2025-04-16,krishna.hill.61217@gmail.com,London,Greater London,United Kingdom,Europe,Organic Search
61242,Mark Nelson,Male,22,2024-12-30,mark.nelson.61242@yahoo.com,Chicago,Illinois,United States,North America,Paid Search
61254,Abigail Becker,Female,23,2025-03-21,abigail.becker.61254@outlook.com,Seattle,Washington,United States,North America,Organic Search
61265,Nathan Lee,Male,39,2024-01-13,nathan.lee.61265@outlook.com,Toronto,Ontario,Canada,North America,Direct
61327,Krishna Allen,Male,35,2024-05-25,krishna.allen.61327@gmail.com,Dallas,Texas,United States,North America,Organic Search
61358,Peter Moreau,Male,30,2023-09-29,peter.moreau.61358@gmail.com,Mumbai,Maharashtra,India,Asia-Pacific,Email
61398,Pamela Schneider,Female,36,2024-10-23,pamela.schneider.61398@gmail.com,Houston,Texas,United States,North America,Referral
61401,Janet Harris,Female,18,2025-04-28,janet.harris.61401@gmail.com,Toronto,Ontario,Canada,North America,Social Media
61415,Diya Gupta,Female,50,2024-03-19,diya.gupta.61415@outlook.com,Manchester,Greater Manchester,United Kingdom,Europe,Paid Search
61450,Douglas Stewart,Male,38,2021-05-16,douglas.stewart.61450@gmail.com,New York,New York,United States,North America,Organic Search
61454,Jack Schneider,Male,31,2021-08-21,jack.schneider.61454@gmail.com,Chicago,Illinois,United States,North America,Social Media
61473,Aubrey Ward,Female,47,2022-09-12,aubrey.ward.61473@gmail.com,New York,New York,United States,North America,Direct
61531,Lisa Moore,Female,43,2025-09-18,lisa.moore.61531@protonmail.com,Philadelphia,Pennsylvania,United States,North America,Paid Search
61540,Edward Evans,Male,54,2023-08-26,edward.evans.61540@gmail.com,Philadelphia,Pennsylvania,United States,North America,Social Media
61554,Rohan Evans,Male,28,2023-10-31,rohan.evans.61554@icloud.com,Los Angeles,California,United States,North America,Social Media
61562,Sharon Howard,Female,38,2024-02-26,sharon.howard.61562@gmail.com,Paris,Île-de-France,France,Europe,Direct
61588,Wayne Cox,Male,44,2022-08-27,wayne.cox.61588@yahoo.com,Atlanta,Georgia,United States,North America,Paid Search
61603,Patrick Brooks,Male,32,2022-06-11,patrick.brooks.61603@gmail.com,Toronto,Ontario,Canada,North America,Direct
61609,Zachary White,Male,43,2021-08-25,zachary.white.61609@outlook.com,Paris,Île-de-France,France,Europe,Email
61631,Timothy Hernandez,Male,34,2025-09-28,timothy.hernandez.61631@gmail.com,Melbourne,Victoria,Australia,Asia-Pacific,Organic Search
61644,Brandon Harris,Male,43,2024-06-08,brandon.harris.61644@icloud.com,Chicago,Illinois,United States,North America,Organic Search
61803,Brian Ortiz,Male,27,2022-08-18,brian.ortiz.61803@outlook.com,New York,New York,United States,North America,Organic Search
61881,Donna Reyes,Female,56,2023-02-10,donna.reyes.61881@outlook.com,New York,New York,United States,North America,Organic Search
61893,Jack Stewart,Male,39,2022-03-31,jack.stewart.61893@yahoo.com,Houston,Texas,United States,North America,Direct
61964,Arjun Gonzalez,Male,29,2025-02-23,arjun.gonzalez.61964@outlook.com,Sydney,New South Wales,Australia,Asia-Pacific,Organic Search
61997,Jordan Allen,Male,35,2021-10-25,jordan.allen.61997@gmail.com,Dallas,Texas,United States,North America,Organic Search
61999,Julia Reed,Female,36,2024-12-23,julia.reed.61999@outlook.com,Mumbai,Maharashtra,India,Asia-Pacific,Social Media
62008,Philip Stewart,Male,29,2024-08-16,philip.stewart.62008@icloud.com,Atlanta,Georgia,United States,North America,Social Media
62014,Sharon Nelson,Female,33,2024-10-01,sharon.nelson.62014@gmail.com,Vancouver,British Columbia,Canada,North America,Social Media
62017,Zoey Phillips,Female,59,2025-10-14,zoey.phillips.62017@gmail.com,New York,New York,United States,North America,Referral
62025,Debra Smith,Female,18,2023-12-17,debra.smith.62025@icloud.com,Lyon,Auvergne-Rhône-Alpes,France,Europe,Referral
62028,Samuel Campbell,Male,49,2023-03-12,samuel.campbell.62028@gmail.com,Seattle,Washington,United States,North America,Organic Search
62032,Avani Flores,Female,22,2025-06-24,avani.flores.62032@gmail.com,Chicago,Illinois,United States,North America,Direct
62072,Pari Nelson,Female,50,2021-11-24,pari.nelson.62072@gmail.com,Birmingham,West Midlands,United Kingdom,Europe,Referral
62093,Kevin Kim,Male,18,2025-06-06,kevin.kim.62093@yahoo.com,Los Angeles,California,United States,North America,Social Media
62094,Susan Carter,Female,37,2022-08-06,susan.carter.62094@gmail.com,Vancouver,British Columbia,Canada,North America,Organic Search
62172,Roger Reyes,Male,45,2022-04-19,roger.reyes.62172@icloud.com,Dallas,Texas,United States,North America,Social Media
62189,Emily Martin,Female,39,2021-07-16,emily.martin.62189@gmail.com,Phoenix,Arizona,United States,North America,Direct
62203,James Hughes,Male,33,2023-07-02,james.hughes.62203@gmail.com,Vancouver,British Columbia,Canada,North America,Social Media
62210,Edward Taylor,Male,39,2021-12-24,edward.taylor.62210@outlook.com,Munich,Bavaria,Germany,Europe,Email
62214,Lillian Ramirez,Female,41,2024-03-14,lillian.ramirez.62214@gmail.com,New York,New York,United States,North America,Paid Search
62218,Roy Castillo,Male,38,2024-06-04,roy.castillo.62218@icloud.com,Vancouver,British Columbia,Canada,North America,Referral
62255,Aditya Nelson,Male,31,2024-05-30,aditya.nelson.62255@outlook.com,Seattle,Washington,United States,North America,Email
62299,Frank Carter,Male,27,2023-06-07,frank.carter.62299@gmail.com,Houston,Texas,United States,North America,Referral
62301,Ethan Williams,Male,33,2024-10-08,ethan.williams.62301@gmail.com,Atlanta,Georgia,United States,North America,Referral
62316,Avani Sanders,Female,38,2023-03-27,avani.sanders.62316@outlook.com,Miami,Florida,United States,North America,Direct
62324,Penelope Wood,Female,38,2023-06-04,penelope.wood.62324@protonmail.com,Phoenix,Arizona,United States,North America,Referral
62334,Shirley Rivera,Female,23,2023-09-17,shirley.rivera.62334@outlook.com,New York,New York,United States,North America,Social Media
62352,Barbara Wagner,Female,38,2023-09-22,barbara.wagner.62352@gmail.com,Paris,Île-de-France,France,Europe,Organic Search
62359,Reyansh Verma,Male,38,2023-11-17,reyansh.verma.62359@icloud.com,Los Angeles,California,United States,North America,Social Media
62372,Stephen Verma,Male,56,2024-08-04,stephen.verma.62372@gmail.com,Munich,Bavaria,Germany,Europe,Organic Search
62389,Russell Howard,Male,54,2021-07-21,russell.howard.62389@gmail.com,Birmingham,West Midlands,United Kingdom,Europe,Social Media
62406,Michael Gonzalez,Male,23,2023-03-01,michael.gonzalez.62406@outlook.com,Philadelphia,Pennsylvania,United States,North America,Referral
62429,Carolyn Collins,Female,32,2022-05-09,carolyn.collins.62429@outlook.com,Los Angeles,California,United States,North America,Paid Search
62458,Andrea Schneider,Female,30,2025-03-23,andrea.schneider.62458@icloud.com,Vancouver,British Columbia,Canada,North America,Paid Search
62475,Lisa Campbell,Female,41,2022-09-26,lisa.campbell.62475@outlook.com,Manchester,Greater Manchester,United Kingdom,Europe,Organic Search
62490,Isha Gupta,Female,37,2024-06-02,isha.gupta.62490@gmail.com,New York,New York,United States,North America,Direct
62502,Teresa Schneider,Female,32,2023-06-03,teresa.schneider.62502@gmail.com,Philadelphia,Pennsylvania,United States,North America,Paid Search
62503,Anthony Carter,Male,28,2022-01-11,anthony.carter.62503@gmail.com,Seattle,Washington,United States,North America,Organic Search
62522,Aditya Gutierrez,Male,20,2023-10-25,aditya.gutierrez.62522@protonmail.com,New York,New York,United States,North America,Paid Search
62523,Chloe Schneider,Female,28,2022-10-17,chloe.schneider.62523@yahoo.com,Delhi,Delhi,India,Asia-Pacific,Organic Search
62561,Zoe Williams,Female,37,2023-06-15,zoe.williams.62561@gmail.com,New York,New York,United States,North America,Organic Search
62564,Ethan Diaz,Male,31,2021-08-14,ethan.diaz.62564@gmail.com,Paris,Île-de-France,France,Europe,Paid Search
62585,Myra Edwards,Female,24,2023-06-05,myra.edwards.62585@gmail.com,Los Angeles,California,United States,North America,Paid Search
62590,Emily Mendoza,Female,34,2023-03-24,emily.mendoza.62590@gmail.com,Dallas,Texas,United States,North America,Organic Search
62613,Gary Garcia,Male,35,2024-07-04,gary.garcia.62613@icloud.com,Los Angeles,California,United States,North America,Organic Search
62635,Zachary Price,Male,50,2023-02-15,zachary.price.62635@outlook.com,Delhi,Delhi,India,Asia-Pacific,Email
62667,Camila Davis,Non-Binary,40,2023-06-01,camila.davis.62667@gmail.com,Mexico City,CDMX,Mexico,Latin America,Social Media
62677,Lawrence Singh,Male,25,2025-06-01,lawrence.singh.62677@yahoo.com,Philadelphia,Pennsylvania,United States,North America,Affiliate
62685,Zoey Bennett,Female,23,2023-05-25,zoey.bennett.62685@outlook.com,Manchester,Greater Manchester,United Kingdom,Europe,Social Media
62702,Joseph Rivera,Male,41,2024-05-24,joseph.rivera.62702@gmail.com,Chicago,Illinois,United States,North America,Email
62737,Dorothy Morales,Female,40,2023-07-18,dorothy.morales.62737@gmail.com,London,Greater London,United Kingdom,Europe,Direct
62743,Rebecca Jackson,Female,56,2025-04-02,rebecca.jackson.62743@gmail.com,New York,New York,United States,North America,Email
62766,Julia Hall,Female,37,2022-03-06,julia.hall.62766@yahoo.com,Miami,Florida,United States,North America,Social Media
62811,Reyansh Williams,Male,42,2024-01-21,reyansh.williams.62811@gmail.com,Sydney,New South Wales,Australia,Asia-Pacific,Paid Search
62816,Sai Wilson,Male,38,2023-07-17,sai.wilson.62816@protonmail.com,Melbourne,Victoria,Australia,Asia-Pacific,Social Media
62848,Sophia Jackson,Female,37,2024-06-23,sophia.jackson.62848@gmail.com,Los Angeles,California,United States,North America,Organic Search
62861,Julie Cook,Female,40,2021-09-30,julie.cook.62861@outlook.com,Seattle,Washington,United States,North America,Paid Search
62913,Addison Campbell,Female,28,2022-06-17,addison.campbell.62913@protonmail.com,Houston,Texas,United States,North America,Organic Search
62934,Diya Williams,Female,56,2021-10-12,diya.williams.62934@yahoo.com,New York,New York,United States,North America,Affiliate
62975,Harold Hughes,Male,32,2022-11-15,harold.hughes.62975@yahoo.com,New York,New York,United States,North America,Paid Search
62978,Carolyn Walker,Female,35,2022-08-09,carolyn.walker.62978@gmail.com,Munich,Bavaria,Germany,Europe,Organic Search
62979,Navya Taylor,Female,28,2024-12-03,navya.taylor.62979@gmail.com,Seattle,Washington,United States,North America,Email
63005,Jean Sanders,Female,41,2024-10-17,jean.sanders.63005@yahoo.com,Toronto,Ontario,Canada,North America,Social Media
63007,Martha Castillo,Female,39,2025-01-10,martha.castillo.63007@gmail.com,Atlanta,Georgia,United States,North America,Paid Search
63011,Rohan Parker,Male,24,2021-10-16,rohan.parker.63011@icloud.com,London,Greater London,United Kingdom,Europe,Social Media
63017,Paul Parker,Male,18,2024-06-01,paul.parker.63017@gmail.com,London,Greater London,United Kingdom,Europe,Organic Search
63054,Eugene Weber,Male,36,2024-03-08,eugene.weber.63054@yahoo.com,Vancouver,British Columbia,Canada,North America,Email
63119,Susan Ortiz,Female,18,2021-05-27,susan.ortiz.63119@gmail.com,Lyon,Auvergne-Rhône-Alpes,France,Europe,Referral
63124,Donna Robinson,Female,32,2025-05-08,donna.robinson.63124@protonmail.com,Phoenix,Arizona,United States,North America,Social Media
63157,Vivaan Brooks,Male,40,2022-09-09,vivaan.brooks.63157@yahoo.com,Seattle,Washington,United States,North America,Organic Search
63199,Debra Castillo,Female,21,2025-10-10,debra.castillo.63199@yahoo.com,Dallas,Texas,United States,North America,Email
63239,Ronald Nguyen,Male,29,2023-09-17,ronald.nguyen.63239@gmail.com,Lyon,Auvergne-Rhône-Alpes,France,Europe,Social Media
63242,Isha Edwards,Female,34,2021-07-20,isha.edwards.63242@gmail.com,Delhi,Delhi,India,Asia-Pacific,Organic Search
63256,Gloria Carter,Female,38,2025-09-16,gloria.carter.63256@gmail.com,Lyon,Auvergne-Rhône-Alpes,France,Europe,Paid Search
63257,Debra Wood,Female,21,2025-05-16,debra.wood.63257@gmail.com,Frankfurt,Hesse,Germany,Europe,Paid Search
63271,Ann Baker,Non-Binary,36,2023-01-18,ann.baker.63271@outlook.com,London,Greater London,United Kingdom,Europe,Organic Search
63298,Karen Evans,Female,45,2023-10-06,karen.evans.63298@yahoo.com,Melbourne,Victoria,Australia,Asia-Pacific,Organic Search
63316,Jerry Howard,Male,35,2024-01-30,jerry.howard.63316@outlook.com,Atlanta,Georgia,United States,North America,Organic Search
63327,Vihaan Mendoza,Male,41,2023-09-16,vihaan.mendoza.63327@gmail.com,New York,New York,United States,North America,Paid Search
63370,Hannah Verma,Female,46,2022-04-15,hannah.verma.63370@yahoo.com,Mumbai,Maharashtra,India,Asia-Pacific,Organic Search
63387,Peter Lee,Male,23,2025-10-10,peter.lee.63387@yahoo.com,Berlin,Berlin,Germany,Europe,Social Media
63396,Hannah Lopez,Female,34,2023-06-01,hannah.lopez.63396@yahoo.com,Delhi,Delhi,India,Asia-Pacific,Paid Search
63417,Betty Sanders,Female,48,2024-02-07,betty.sanders.63417@gmail.com,Los Angeles,California,United States,North America,Organic Search
63436,Aditya Gutierrez,Male,28,2023-09-04,aditya.gutierrez.63436@gmail.com,Chicago,Illinois,United States,North America,Organic Search
63594,Kelly Morales,Female,37,2025-06-03,kelly.morales.63594@corporate.org,Seattle,Washington,United States,North America,Email
63600,Ethan Wright,Male,31,2024-03-07,ethan.wright.63600@outlook.com,Dallas,Texas,United States,North America,Referral
63647,Luca Morales,Male,18,2024-01-13,luca.morales.63647@outlook.com,Lyon,Auvergne-Rhône-Alpes,France,Europe,Direct
63650,Samantha Price,Female,29,2024-04-18,samantha.price.63650@icloud.com,Paris,Île-de-France,France,Europe,Organic Search
63710,Gerald Alvarez,Male,31,2024-01-07,gerald.alvarez.63710@gmail.com,Houston,Texas,United States,North America,Social Media
63719,Dennis Weber,Male,37,2025-08-28,dennis.weber.63719@gmail.com,Frankfurt,Hesse,Germany,Europe,Paid Search
63753,Juan James,Male,53,2023-09-09,juan.james.63753@outlook.com,Toronto,Ontario,Canada,North America,Affiliate
63758,Ronald Evans,Male,18,2022-02-22,ronald.evans.63758@protonmail.com,Philadelphia,Pennsylvania,United States,North America,Paid Search
63780,Ethan Mitchell,Male,72,2024-08-02,ethan.mitchell.63780@outlook.com,Chicago,Illinois,United States,North America,Paid Search
63788,Robert Perez,Male,26,2024-01-01,robert.perez.63788@gmail.com,New York,New York,United States,North America,Affiliate
63805,Frances Turner,Female,30,2025-01-25,frances.turner.63805@gmail.com,Munich,Bavaria,Germany,Europe,Paid Search
63823,Christine Lee,Female,23,2025-04-09,christine.lee.63823@gmail.com,Birmingham,West Midlands,United Kingdom,Europe,Email
63838,Hannah Evans,Female,34,2023-05-01,hannah.evans.63838@yahoo.com,Bengaluru,Karnataka,India,Asia-Pacific,Direct
63864,Eric Cox,Male,30,2024-03-31,eric.cox.63864@gmail.com,Frankfurt,Hesse,Germany,Europe,Organic Search
63878,George Fischer,Male,41,2025-06-02,george.fischer.63878@outlook.com,Houston,Texas,United States,North America,Organic Search
63897,Timothy Singh,Male,47,2024-04-30,timothy.singh.63897@gmail.com,Phoenix,Arizona,United States,North America,Social Media
63951,Roger Moore,Male,60,2022-12-05,roger.moore.63951@gmail.com,Houston,Texas,United States,North America,Organic Search
63973,Janet James,Female,49,2024-07-16,janet.james.63973@icloud.com,Phoenix,Arizona,United States,North America,Paid Search
63980,Linda Hill,Female,28,2022-10-22,linda.hill.63980@gmail.com,Chicago,Illinois,United States,North America,Social Media
64059,Aaron Watson,Male,28,2023-11-21,aaron.watson.64059@outlook.com,New York,New York,United States,North America,Organic Search
64065,Nora Fischer,Female,46,2022-10-09,nora.fischer.64065@outlook.com,Los Angeles,California,United States,North America,Social Media
64070,Hudson Lewis,Male,43,2023-03-21,hudson.lewis.64070@outlook.com,Sydney,New South Wales,Australia,Asia-Pacific,Paid Search
64085,Larry Singh,Male,40,2025-06-29,larry.singh.64085@gmail.com,Vancouver,British Columbia,Canada,North America,Social Media
64091,Kathleen Thomas,Female,24,2023-07-22,kathleen.thomas.64091@gmail.com,Paris,Île-de-France,France,Europe,Social Media
64102,Frances Morgan,Female,49,2025-01-29,frances.morgan.64102@gmail.com,London,Greater London,United Kingdom,Europe,Paid Search
64122,Oliver Peterson,Male,40,2022-12-03,oliver.peterson.64122@gmail.com,Mumbai,Maharashtra,India,Asia-Pacific,Organic Search
64147,Jesse Alvarez,Male,63,2025-06-01,jesse.alvarez.64147@icloud.com,Delhi,Delhi,India,Asia-Pacific,Referral
64209,Kathryn Gomez,Female,32,2021-12-31,kathryn.gomez.64209@gmail.com,Delhi,Delhi,India,Asia-Pacific,Paid Search
64242,Emma Martinez,Female,29,2023-09-11,emma.martinez.64242@outlook.com,Berlin,Berlin,Germany,Europe,Organic Search
64271,George Alvarez,Male,18,2022-01-05,george.alvarez.64271@gmail.com,Delhi,Delhi,India,Asia-Pacific,Organic Search
64274,Pamela Lewis,Female,53,2025-07-24,pamela.lewis.64274@gmail.com,New York,New York,United States,North America,Social Media
64320,Dylan Sanders,Male,27,2023-02-09,dylan.sanders.64320@gmail.com,Vancouver,British Columbia,Canada,North America,Organic Search
64331,Emma Ramos,Female,42,2023-07-26,emma.ramos.64331@gmail.com,Paris,Île-de-France,France,Europe,Email
64356,Joshua Patel,Male,40,2025-09-01,joshua.patel.64356@gmail.com,Berlin,Berlin,Germany,Europe,Email
64357,Hannah Price,Female,58,2023-10-24,hannah.price.64357@icloud.com,Melbourne,Victoria,Australia,Asia-Pacific,Social Media
64372,Jennifer Moore,Female,43,2023-02-22,jennifer.moore.64372@gmail.com,New York,New York,United States,North America,Organic Search
64443,Carol Martinez,Female,34,2021-02-27,carol.martinez.64443@outlook.com,Chicago,Illinois,United States,North America,Organic Search
64474,Roger Kumar,Male,44,2024-05-25,roger.kumar.64474@outlook.com,Paris,Île-de-France,France,Europe,Social Media
64507,Thomas Martin,Male,46,2025-03-05,thomas.martin.64507@gmail.com,Phoenix,Arizona,United States,North America,Affiliate
64550,Leah Schneider,Female,44,2025-02-16,leah.schneider.64550@icloud.com,Manchester,Greater Manchester,United Kingdom,Europe,Affiliate
64573,Christine Turner,Female,53,2023-01-18,christine.turner.64573@gmail.com,Los Angeles,California,United States,North America,Paid Search
64574,Lisa Sanchez,Female,39,2025-06-10,lisa.sanchez.64574@gmail.com,Phoenix,Arizona,United States,North America,Direct
64581,Aubrey Williams,Female,59,2022-06-28,aubrey.williams.64581@gmail.com,Miami,Florida,United States,North America,Email
64591,Elizabeth Nelson,Female,21,2025-07-28,elizabeth.nelson.64591@yahoo.com,Houston,Texas,United States,North America,Paid Search
64658,Michael Scott,Male,55,2022-07-27,michael.scott.64658@icloud.com,New York,New York,United States,North America,Paid Search
64722,Rohan Smith,Male,30,2021-12-18,rohan.smith.64722@gmail.com,Phoenix,Arizona,United States,North America,Email
64728,Bryan Garcia,Male,25,2022-12-27,bryan.garcia.64728@icloud.com,Paris,Île-de-France,France,Europe,Organic Search
64735,Katherine Martinez,Female,18,2024-10-08,katherine.martinez.64735@yahoo.com,London,Greater London,United Kingdom,Europe,Social Media
64741,Samuel Taylor,Male,36,2024-11-28,samuel.taylor.64741@outlook.com,Bengaluru,Karnataka,India,Asia-Pacific,Paid Search
64754,Nancy Martin,Female,40,2023-09-09,nancy.martin.64754@gmail.com,Philadelphia,Pennsylvania,United States,North America,Referral
64774,Katherine Morris,Female,36,2023-10-18,katherine.morris.64774@yahoo.com,Mumbai,Maharashtra,India,Asia-Pacific,Social Media
64788,Gabriel Evans,Male,47,2024-10-15,gabriel.evans.64788@yahoo.com,Phoenix,Arizona,United States,North America,Paid Search
64802,Benjamin Carter,Male,52,2021-07-25,benjamin.carter.64802@gmail.com,Melbourne,Victoria,Australia,Asia-Pacific,Paid Search
64806,Mark Gupta,Male,60,2022-02-12,mark.gupta.64806@yahoo.com,Munich,Bavaria,Germany,Europe,Social Media
64814,Ananya Moreau,Female,44,2022-06-03,ananya.moreau.64814@outlook.com,Atlanta,Georgia,United States,North America,Paid Search
64843,Patricia Lewis,Female,34,2025-05-24,patricia.lewis.64843@gmail.com,Sydney,New South Wales,Australia,Asia-Pacific,Direct
64881,Aria Martin,Female,49,2024-09-03,aria.martin.64881@yahoo.com,Mumbai,Maharashtra,India,Asia-Pacific,Social Media
64888,Vihaan King,Male,43,2024-03-28,vihaan.king.64888@outlook.com,Los Angeles,California,United States,North America,Referral
64896,Vihaan Hughes,Male,47,2025-04-25,vihaan.hughes.64896@gmail.com,Birmingham,West Midlands,United Kingdom,Europe,Organic Search
64921,Katherine Taylor,Female,27,2025-06-01,katherine.taylor.64921@icloud.com,Delhi,Delhi,India,Asia-Pacific,Organic Search
64966,Johnny Hughes,Male,36,2023-03-14,johnny.hughes.64966@gmail.com,London,Greater London,United Kingdom,Europe,Organic Search
64990,James Fischer,Male,32,2024-01-12,james.fischer.64990@outlook.com,Miami,Florida,United States,North America,Referral
65032,Isha Lee,Female,41,2022-02-25,isha.lee.65032@yahoo.com,Seattle,Washington,United States,North America,Organic Search
65038,Thomas Campbell,Male,31,2022-09-05,thomas.campbell.65038@protonmail.com,Delhi,Delhi,India,Asia-Pacific,Paid Search
65069,Elijah Ortiz,Male,22,2022-05-16,elijah.ortiz.65069@yahoo.com,Philadelphia,Pennsylvania,United States,North America,Paid Search
65081,Roy Rodriguez,Male,47,2021-12-04,roy.rodriguez.65081@outlook.com,London,Greater London,United Kingdom,Europe,Email
65106,Mateo Hughes,Male,43,2025-08-31,mateo.hughes.65106@outlook.com,Vancouver,British Columbia,Canada,North America,Organic Search
65116,Jeremy Kim,Male,47,2024-02-10,jeremy.kim.65116@icloud.com,New York,New York,United States,North America,Paid Search
65124,Jessica Hernandez,Female,30,2025-02-07,jessica.hernandez.65124@gmail.com,Philadelphia,Pennsylvania,United States,North America,Paid Search
65149,Ann Weber,Female,25,2024-03-10,ann.weber.65149@yahoo.com,Munich,Bavaria,Germany,Europe,Email
65163,Avani Rao,Female,21,2024-11-29,avani.rao.65163@gmail.com,London,Greater London,United Kingdom,Europe,Organic Search
65179,Austin Murphy,Male,33,2025-01-16,austin.murphy.65179@outlook.com,Mumbai,Maharashtra,India,Asia-Pacific,Referral
65192,Ronald Martin,Male,35,2023-07-16,ronald.martin.65192@outlook.com,Houston,Texas,United States,North America,Direct
65195,William Martin,Male,42,2025-09-29,william.martin.65195@icloud.com,Paris,Île-de-France,France,Europe,Organic Search
65214,Sharon Perez,Female,28,2023-09-10,sharon.perez.65214@icloud.com,Dallas,Texas,United States,North America,Social Media
65215,Ellie Gonzalez,Female,47,2025-02-14,ellie.gonzalez.65215@gmail.com,London,Greater London,United Kingdom,Europe,Paid Search
65262,Aaron Robinson,Male,40,2025-08-07,aaron.robinson.65262@outlook.com,São Paulo,São Paulo,Brazil,Latin America,Organic Search
65266,Aanya Ramirez,Female,21,2024-02-07,aanya.ramirez.65266@gmail.com,Melbourne,Victoria,Australia,Asia-Pacific,Paid Search
65284,Carol Morales,Female,32,2023-09-10,carol.morales.65284@yahoo.com,Houston,Texas,United States,North America,Organic Search
65323,Evelyn Weber,Female,23,2025-02-02,evelyn.weber.65323@outlook.com,Houston,Texas,United States,North America,Social Media
65332,Jeffrey Moore,Male,29,2024-05-10,jeffrey.moore.65332@yahoo.com,Los Angeles,California,United States,North America,Paid Search
65363,Logan Dubois,Male,51,2025-10-19,logan.dubois.65363@gmail.com,London,Greater London,United Kingdom,Europe,Social Media
65394,Louis Schneider,Male,24,2024-01-30,louis.schneider.65394@gmail.com,Frankfurt,Hesse,Germany,Europe,Social Media
65401,Heather Perez,Female,27,2021-07-25,heather.perez.65401@gmail.com,Mumbai,Maharashtra,India,Asia-Pacific,Paid Search
65430,Deborah Green,Non-Binary,23,2022-08-20,deborah.green.65430@gmail.com,Vancouver,British Columbia,Canada,North America,Referral
65443,Evelyn Castillo,Female,29,2025-09-18,evelyn.castillo.65443@gmail.com,Vancouver,British Columbia,Canada,North America,Paid Search
65457,Linda Reed,Female,49,2024-09-16,linda.reed.65457@gmail.com,Toronto,Ontario,Canada,North America,Social Media
65480,Barbara Dubois,Female,54,2023-07-05,barbara.dubois.65480@gmail.com,Houston,Texas,United States,North America,Paid Search
65545,Oliver Sanchez,Male,36,2024-01-16,oliver.sanchez.65545@gmail.com,São Paulo,São Paulo,Brazil,Latin America,Organic Search
65552,Diya James,Female,34,2025-05-14,diya.james.65552@outlook.com,Chicago,Illinois,United States,North America,Paid Search
65572,Tyler Reed,Male,50,2025-06-24,tyler.reed.65572@gmail.com,New York,New York,United States,North America,Organic Search
65590,Megan Garcia,Female,22,2025-02-17,megan.garcia.65590@gmail.com,Sydney,New South Wales,Australia,Asia-Pacific,Email
65598,Sandra Miller,Female,28,2021-09-29,sandra.miller.65598@gmail.com,Dallas,Texas,United States,North America,Organic Search
65600,Theo Bennett,Male,44,2023-07-03,theo.bennett.65600@gmail.com,London,Greater London,United Kingdom,Europe,Affiliate
65624,Maria Ortiz,Female,53,2025-04-27,maria.ortiz.65624@gmail.com,New York,New York,United States,North America,Paid Search
65631,Vihaan Lewis,Male,25,2023-10-19,vihaan.lewis.65631@gmail.com,New York,New York,United States,North America,Affiliate
65657,Nicole Wagner,Female,26,2022-12-30,nicole.wagner.65657@yahoo.com,Los Angeles,California,United States,North America,Affiliate
65684,Teresa Chavez,Female,37,2024-09-27,teresa.chavez.65684@gmail.com,Bengaluru,Karnataka,India,Asia-Pacific,Social Media
65686,Mateo Hill,Male,18,2025-09-04,mateo.hill.65686@yahoo.com,Paris,Île-de-France,France,Europe,Organic Search
65705,Betty James,Female,37,2022-12-29,betty.james.65705@gmail.com,Manchester,Greater Manchester,United Kingdom,Europe,Paid Search
65722,Randy Weber,Male,39,2022-11-14,randy.weber.65722@gmail.com,New York,New York,United States,North America,Organic Search
65723,Robert Ortiz,Male,62,2022-01-29,robert.ortiz.65723@outlook.com,Mexico City,CDMX,Mexico,Latin America,Organic Search
65764,Lauren Morales,Female,36,2023-12-01,lauren.morales.65764@outlook.com,Delhi,Delhi,India,Asia-Pacific,Paid Search
65767,Brandon Chavez,Male,53,2025-08-11,brandon.chavez.65767@gmail.com,Chicago,Illinois,United States,North America,Social Media
65769,Hannah Phillips,Female,29,2021-11-24,hannah.phillips.65769@outlook.com,Paris,Île-de-France,France,Europe,Organic Search
65780,Lucas Evans,Male,23,2025-07-20,lucas.evans.65780@yahoo.com,Los Angeles,California,United States,North America,Organic Search
65789,Susan Meyer,Female,18,2025-10-07,susan.meyer.65789@gmail.com,Philadelphia,Pennsylvania,United States,North America,Referral
65795,Vincent Brooks,Non-Binary,43,2022-09-24,vincent.brooks.65795@gmail.com,Los Angeles,California,United States,North America,Email
65810,Eric Dubois,Male,35,2025-09-04,eric.dubois.65810@icloud.com,Mumbai,Maharashtra,India,Asia-Pacific,Email
65814,Steven Alvarez,Male,41,2025-06-27,steven.alvarez.65814@yahoo.com,Berlin,Berlin,Germany,Europe,Organic Search
65843,Leah Turner,Female,18,2021-01-18,leah.turner.65843@outlook.com,Toronto,Ontario,Canada,North America,Organic Search
65852,Kelly Anderson,Female,26,2022-12-20,kelly.anderson.65852@protonmail.com,Sydney,New South Wales,Australia,Asia-Pacific,Social Media
65909,Brandon Lopez,Male,34,2025-01-22,brandon.lopez.65909@gmail.com,Lyon,Auvergne-Rhône-Alpes,France,Europe,Organic Search
65952,Ashley Morris,Female,46,2024-10-29,ashley.morris.65952@gmail.com,New York,New York,United States,North America,Referral
65966,Joseph Gupta,Male,29,2024-03-13,joseph.gupta.65966@gmail.com,Miami,Florida,United States,North America,Paid Search
65969,Douglas Morris,Male,39,2023-03-09,douglas.morris.65969@gmail.com,Bengaluru,Karnataka,India,Asia-Pacific,Paid Search
65971,Samuel Evans,Male,53,2024-08-07,samuel.evans.65971@gmail.com,Manchester,Greater Manchester,United Kingdom,Europe,Social Media
66012,Sai Hall,Male,33,2021-10-19,sai.hall.66012@protonmail.com,Vancouver,British Columbia,Canada,North America,Organic Search
66014,Randy Miller,Male,34,2025-07-18,randy.miller.66014@corporate.org,London,Greater London,United Kingdom,Europe,Referral
66034,Emma Hughes,Female,29,2023-03-21,emma.hughes.66034@gmail.com,New York,New York,United States,North America,Social Media
66042,Bruce Price,Male,26,2025-03-18,bruce.price.66042@gmail.com,Philadelphia,Pennsylvania,United States,North America,Email
66055,Riya Hall,Female,22,2022-07-04,riya.hall.66055@icloud.com,Philadelphia,Pennsylvania,United States,North America,Direct
66066,Grace Allen,Female,31,2024-01-10,grace.allen.66066@gmail.com,Los Angeles,California,United States,North America,Referral
66124,Roger Allen,Male,26,2022-11-09,roger.allen.66124@yahoo.com,Vancouver,British Columbia,Canada,North America,Social Media
66128,Victoria Clark,Female,40,2022-09-17,victoria.clark.66128@yahoo.com,Los Angeles,California,United States,North America,Paid Search
66165,Diane King,Female,25,2022-09-04,diane.king.66165@outlook.com,Los Angeles,California,United States,North America,Paid Search
66209,Reyansh Rodriguez,Male,32,2025-05-03,reyansh.rodriguez.66209@outlook.com,Philadelphia,Pennsylvania,United States,North America,Email
66211,Andrea Morales,Female,31,2025-02-03,andrea.morales.66211@outlook.com,New York,New York,United States,North America,Social Media
66232,Kevin White,Male,34,2023-11-10,kevin.white.66232@gmail.com,Atlanta,Georgia,United States,North America,Paid Search
66239,Julia Wood,Female,42,2024-09-22,julia.wood.66239@yahoo.com,Chicago,Illinois,United States,North America,Affiliate
66248,Timothy Green,Male,34,2024-08-19,timothy.green.66248@protonmail.com,Los Angeles,California,United States,North America,Email
66254,Katherine Edwards,Female,31,2023-03-21,katherine.edwards.66254@yahoo.com,Houston,Texas,United States,North America,Email
66278,Vivaan Ramirez,Male,27,2024-01-07,vivaan.ramirez.66278@yahoo.com,Houston,Texas,United States,North America,Organic Search
66308,Amy Ramos,Female,44,2022-06-18,amy.ramos.66308@gmail.com,New York,New York,United States,North America,Email
66360,Jean Phillips,Female,30,2024-10-22,jean.phillips.66360@gmail.com,London,Greater London,United Kingdom,Europe,Paid Search
66373,Philip Gutierrez,Male,36,2024-07-24,philip.gutierrez.66373@gmail.com,Manchester,Greater Manchester,United Kingdom,Europe,Social Media
66397,Vivaan Howard,Male,60,2023-12-02,vivaan.howard.66397@icloud.com,Delhi,Delhi,India,Asia-Pacific,Organic Search
66441,Asher Wagner,Male,32,2023-09-11,asher.wagner.66441@yahoo.com,Lyon,Auvergne-Rhône-Alpes,France,Europe,Referral
66457,Alice Cook,Female,55,2022-11-29,alice.cook.66457@gmail.com,Phoenix,Arizona,United States,North America,Social Media
66499,Walter Gonzalez,Male,35,2022-08-22,walter.gonzalez.66499@protonmail.com,Seattle,Washington,United States,North America,Organic Search
66516,Juan Ramos,Male,35,2025-04-14,juan.ramos.66516@gmail.com,Toronto,Ontario,Canada,North America,Social Media
66529,Christina Sanchez,Female,25,2023-07-18,christina.sanchez.66529@gmail.com,Delhi,Delhi,India,Asia-Pacific,Direct
66542,Joe Cook,Male,52,2025-06-26,joe.cook.66542@gmail.com,Frankfurt,Hesse,Germany,Europe,Organic Search
66558,Ethan Turner,Non-Binary,27,2025-10-23,ethan.turner.66558@gmail.com,Seattle,Washington,United States,North America,Paid Search
66644,Megan Ramirez,Non-Binary,30,2025-10-05,megan.ramirez.66644@gmail.com,Houston,Texas,United States,North America,Direct
66655,Krishna Jones,Male,49,2025-08-09,krishna.jones.66655@gmail.com,Berlin,Berlin,Germany,Europe,Organic Search
66677,Samantha Watson,Female,52,2022-05-20,samantha.watson.66677@gmail.com,Phoenix,Arizona,United States,North America,Referral
66689,Kathryn Price,Female,30,2023-05-21,kathryn.price.66689@gmail.com,Sydney,New South Wales,Australia,Asia-Pacific,Social Media
66693,Randy James,Male,46,2025-07-25,randy.james.66693@gmail.com,Houston,Texas,United States,North America,Referral
66711,Billy Kelly,Male,23,2025-04-11,billy.kelly.66711@gmail.com,Philadelphia,Pennsylvania,United States,North America,Email
66718,Mary Patel,Female,51,2021-08-28,mary.patel.66718@gmail.com,Delhi,Delhi,India,Asia-Pacific,Paid Search
66723,Camila Weber,Female,27,2025-10-14,camila.weber.66723@yahoo.com,Vancouver,British Columbia,Canada,North America,Paid Search
66748,Ethan Ramos,Male,48,2021-10-23,ethan.ramos.66748@icloud.com,Munich,Bavaria,Germany,Europe,Organic Search
66763,Jean Martinez,Female,41,2024-11-22,jean.martinez.66763@gmail.com,London,Greater London,United Kingdom,Europe,Social Media
66825,Steven Hall,Male,36,2023-03-12,steven.hall.66825@gmail.com,Munich,Bavaria,Germany,Europe,Organic Search
66854,Gabriel Morgan,Male,40,2024-03-06,gabriel.morgan.66854@yahoo.com,Chicago,Illinois,United States,North America,Organic Search
66855,Edward Flores,Male,38,2023-01-03,edward.flores.66855@gmail.com,Los Angeles,California,United States,North America,Organic Search
66898,Karen Flores,Female,44,2023-07-04,karen.flores.66898@gmail.com,Chicago,Illinois,United States,North America,Organic Search
66908,Steven King,Male,34,2022-12-27,steven.king.66908@yahoo.com,Toronto,Ontario,Canada,North America,Affiliate
66915,Madison Gutierrez,Female,48,2025-05-24,madison.gutierrez.66915@yahoo.com,Los Angeles,California,United States,North America,Organic Search
66919,Austin Reed,Male,47,2021-12-12,austin.reed.66919@gmail.com,Munich,Bavaria,Germany,Europe,Social Media
66929,Emma Clark,Female,27,2022-04-17,emma.clark.66929@yahoo.com,Frankfurt,Hesse,Germany,Europe,Paid Search
66959,Kimberly Robinson,Female,19,2024-11-24,kimberly.robinson.66959@gmail.com,New York,New York,United States,North America,Social Media
66973,Terry Rao,Male,33,2024-03-01,terry.rao.66973@icloud.com,Frankfurt,Hesse,Germany,Europe,Social Media
66978,Logan Allen,Male,30,2023-08-14,logan.allen.66978@gmail.com,Chicago,Illinois,United States,North America,Social Media
66983,Christian White,Male,21,2023-04-16,christian.white.66983@outlook.com,Phoenix,Arizona,United States,North America,Social Media
67001,Billy Allen,Male,18,2025-05-19,billy.allen.67001@gmail.com,Sydney,New South Wales,Australia,Asia-Pacific,Email
67005,Stephanie Wright,Female,18,2024-05-08,stephanie.wright.67005@yahoo.com,Frankfurt,Hesse,Germany,Europe,Paid Search
67035,Patrick Perez,Male,32,2021-07-26,patrick.perez.67035@yahoo.com,London,Greater London,United Kingdom,Europe,Social Media
67061,Scott Reyes,Male,52,2023-02-06,scott.reyes.67061@yahoo.com,Chicago,Illinois,United States,North America,Organic Search
67099,Leah Wright,Female,23,2022-08-01,leah.wright.67099@outlook.com,Sydney,New South Wales,Australia,Asia-Pacific,Organic Search
67124,Betty Moore,Female,40,2023-12-10,betty.moore.67124@outlook.com,Frankfurt,Hesse,Germany,Europe,Affiliate
67140,Victoria Anderson,Female,18,2025-08-09,victoria.anderson.67140@gmail.com,Toronto,Ontario,Canada,North America,Paid Search
67151,Bruce Perez,Male,42,2024-10-13,bruce.perez.67151@gmail.com,Delhi,Delhi,India,Asia-Pacific,Paid Search
67161,Amy King,Female,37,2021-05-01,amy.king.67161@corporate.org,Chicago,Illinois,United States,North America,Paid Search
67190,Frank Gutierrez,Male,33,2023-03-10,frank.gutierrez.67190@gmail.com,Toronto,Ontario,Canada,North America,Paid Search
67219,Joan Gupta,Female,21,2021-12-28,joan.gupta.67219@gmail.com,Lyon,Auvergne-Rhône-Alpes,France,Europe,Organic Search
67264,Anna Richardson,Female,57,2022-03-10,anna.richardson.67264@gmail.com,Birmingham,West Midlands,United Kingdom,Europe,Social Media
67275,Alan Scott,Male,34,2024-03-23,alan.scott.67275@outlook.com,Los Angeles,California,United States,North America,Paid Search
67276,Martha Wright,Female,56,2024-02-12,martha.wright.67276@protonmail.com,Paris,Île-de-France,France,Europe,Paid Search
67357,Frances Mendoza,Female,35,2023-10-07,frances.mendoza.67357@yahoo.com,Paris,Île-de-France,France,Europe,Email
67369,Vihaan Lewis,Male,31,2024-11-06,vihaan.lewis.67369@gmail.com,São Paulo,São Paulo,Brazil,Latin America,Organic Search
67393,Ronald Collins,Male,41,2021-08-21,ronald.collins.67393@outlook.com,São Paulo,São Paulo,Brazil,Latin America,Organic Search
67405,Bryan Adams,Male,21,2023-05-26,bryan.adams.67405@outlook.com,Phoenix,Arizona,United States,North America,Email
67422,Janet Davies,Female,30,2025-04-09,janet.davies.67422@protonmail.com,Mumbai,Maharashtra,India,Asia-Pacific,Social Media
67434,Megan Gomez,Female,20,2025-09-06,megan.gomez.67434@outlook.com,Houston,Texas,United States,North America,Social Media
67440,James Singh,Male,29,2022-07-04,james.singh.67440@yahoo.com,Houston,Texas,United States,North America,Social Media
67443,Melissa Ramirez,Female,53,2022-02-02,melissa.ramirez.67443@gmail.com,São Paulo,São Paulo,Brazil,Latin America,Direct
67459,Aditya Evans,Male,29,2023-04-24,aditya.evans.67459@gmail.com,Los Angeles,California,United States,North America,Email
67496,Frances Hill,Female,46,2025-02-10,frances.hill.67496@gmail.com,London,Greater London,United Kingdom,Europe,Organic Search
67511,Kenneth Watson,Male,45,2022-12-10,kenneth.watson.67511@icloud.com,Melbourne,Victoria,Australia,Asia-Pacific,Organic Search
67518,Avani Martinez,Female,18,2022-08-24,avani.martinez.67518@yahoo.com,Seattle,Washington,United States,North America,Referral
67524,Kimberly Flores,Female,47,2021-05-17,kimberly.flores.67524@outlook.com,Vancouver,British Columbia,Canada,North America,Referral
67525,Cheryl Anderson,Female,32,2023-11-22,cheryl.anderson.67525@gmail.com,Delhi,Delhi,India,Asia-Pacific,Organic Search
67554,Roy Mendoza,Male,38,2025-05-24,roy.mendoza.67554@outlook.com,New York,New York,United States,North America,Social Media
67569,Gary Williams,Male,33,2022-04-22,gary.williams.67569@icloud.com,New York,New York,United States,North America,Paid Search
67586,Krishna Wright,Male,57,2023-02-24,krishna.wright.67586@gmail.com,Sydney,New South Wales,Australia,Asia-Pacific,Direct
67587,Henry Becker,Male,19,2023-10-16,henry.becker.67587@icloud.com,New York,New York,United States,North America,Email
67596,Victoria Perez,Female,34,2025-09-23,victoria.perez.67596@corporate.org,Paris,Île-de-France,France,Europe,Social Media
67658,Brenda Chavez,Female,28,2023-12-14,brenda.chavez.67658@gmail.com,Dallas,Texas,United States,North America,Organic Search
67671,Janice Hill,Non-Binary,35,2025-09-05,janice.hill.67671@protonmail.com,Delhi,Delhi,India,Asia-Pacific,Organic Search
67680,Olivia Cooper,Female,34,2025-10-18,olivia.cooper.67680@outlook.com,New York,New York,United States,North America,Organic Search
67686,Kenneth Reed,Male,34,2025-03-21,kenneth.reed.67686@yahoo.com,Sydney,New South Wales,Australia,Asia-Pacific,Email
67696,Christian Sanders,Male,28,2022-01-11,christian.sanders.67696@gmail.com,Miami,Florida,United States,North America,Social Media
67722,Lawrence Davis,Male,31,2024-11-10,lawrence.davis.67722@yahoo.com,Munich,Bavaria,Germany,Europe,Social Media
67743,Carol Allen,Female,25,2024-10-22,carol.allen.67743@outlook.com,Seattle,Washington,United States,North America,Organic Search
67807,Tyler Ramos,Male,26,2024-11-04,tyler.ramos.67807@outlook.com,Houston,Texas,United States,North America,Direct
67823,Aanya Weber,Female,32,2025-01-24,aanya.weber.67823@outlook.com,Munich,Bavaria,Germany,Europe,Paid Search
67842,Joe Meyer,Male,39,2023-10-03,joe.meyer.67842@yahoo.com,Delhi,Delhi,India,Asia-Pacific,Direct
67844,Megan Alvarez,Female,26,2025-09-02,megan.alvarez.67844@outlook.com,Dallas,Texas,United States,North America,Paid Search
67852,Emily Ward,Female,36,2024-01-06,emily.ward.67852@gmail.com,Los Angeles,California,United States,North America,Organic Search
67875,Mateo Roberts,Male,48,2021-12-21,mateo.roberts.67875@gmail.com,New York,New York,United States,North America,Organic Search
67914,Johnny Sanders,Male,28,2024-08-09,johnny.sanders.67914@gmail.com,New York,New York,United States,North America,Social Media
67931,Donald Richardson,Male,32,2023-03-19,donald.richardson.67931@gmail.com,Mumbai,Maharashtra,India,Asia-Pacific,Email
67957,Dylan Nelson,Male,41,2024-12-01,dylan.nelson.67957@gmail.com,Munich,Bavaria,Germany,Europe,Paid Search
67960,Linda Becker,Female,21,2022-11-21,linda.becker.67960@yahoo.com,Houston,Texas,United States,North America,Organic Search
67968,Kathryn Becker,Female,42,2025-01-17,kathryn.becker.67968@gmail.com,Atlanta,Georgia,United States,North America,Referral
68017,Megan Diaz,Female,38,2024-11-25,megan.diaz.68017@icloud.com,Munich,Bavaria,Germany,Europe,Social Media
68054,Zoey Ramirez,Female,18,2023-11-21,zoey.ramirez.68054@gmail.com,Los Angeles,California,United States,North America,Social Media
68060,Charles Phillips,Male,48,2025-10-05,charles.phillips.68060@gmail.com,Sydney,New South Wales,Australia,Asia-Pacific,Social Media
68075,Hannah Kelly,Female,51,2025-04-27,hannah.kelly.68075@yahoo.com,Toronto,Ontario,Canada,North America,Organic Search
68100,Noah Kelly,Male,23,2025-08-30,noah.kelly.68100@gmail.com,Bengaluru,Karnataka,India,Asia-Pacific,Organic Search
68112,Kimberly Hall,Female,27,2022-08-27,kimberly.hall.68112@gmail.com,Munich,Bavaria,Germany,Europe,Referral
68162,Amy Sanchez,Female,54,2024-03-18,amy.sanchez.68162@yahoo.com,Paris,Île-de-France,France,Europe,Referral
68168,Lily Williams,Female,46,2025-10-11,lily.williams.68168@gmail.com,Philadelphia,Pennsylvania,United States,North America,Organic Search
68179,Leo Cook,Male,35,2022-01-29,leo.cook.68179@yahoo.com,Vancouver,British Columbia,Canada,North America,Affiliate
68180,Kimberly Young,Female,19,2025-09-08,kimberly.young.68180@gmail.com,Manchester,Greater Manchester,United Kingdom,Europe,Email
68188,Anthony White,Male,39,2022-09-06,anthony.white.68188@gmail.com,Delhi,Delhi,India,Asia-Pacific,Email
68198,Bradley Torres,Male,18,2022-07-17,bradley.torres.68198@yahoo.com,Miami,Florida,United States,North America,Paid Search
68239,Jason Wilson,Male,42,2022-01-08,jason.wilson.68239@yahoo.com,New York,New York,United States,North America,Direct
68286,Gabriel Robinson,Male,47,2021-05-03,gabriel.robinson.68286@gmail.com,Vancouver,British Columbia,Canada,North America,Social Media
68289,Douglas Schneider,Male,60,2024-08-03,douglas.schneider.68289@gmail.com,São Paulo,São Paulo,Brazil,Latin America,Referral
68353,Carol Moreau,Female,42,2024-08-16,carol.moreau.68353@gmail.com,Melbourne,Victoria,Australia,Asia-Pacific,Paid Search
68357,Lillian Perez,Female,36,2025-09-07,lillian.perez.68357@outlook.com,Atlanta,Georgia,United States,North America,Email
68379,David Weber,Male,27,2024-11-20,david.weber.68379@outlook.com,Los Angeles,California,United States,North America,Paid Search
68404,Aubrey Clark,Female,54,2025-07-02,aubrey.clark.68404@gmail.com,Miami,Florida,United States,North America,Social Media
68440,Julia Wood,Female,40,2021-09-06,julia.wood.68440@gmail.com,Lyon,Auvergne-Rhône-Alpes,France,Europe,Paid Search
68489,Jacob Kelly,Male,43,2024-06-08,jacob.kelly.68489@outlook.com,Munich,Bavaria,Germany,Europe,Referral
68501,Ethan Wagner,Male,37,2023-01-24,ethan.wagner.68501@yahoo.com,Miami,Florida,United States,North America,Email
68505,Aditya Hill,Male,48,2023-06-22,aditya.hill.68505@gmail.com,New York,New York,United States,North America,Paid Search
68511,Jennifer Cooper,Female,41,2024-05-31,jennifer.cooper.68511@gmail.com,Munich,Bavaria,Germany,Europe,Email
68542,Oliver Allen,Male,36,2023-03-28,oliver.allen.68542@icloud.com,Chicago,Illinois,United States,North America,Paid Search
68547,Patrick Taylor,Male,22,2022-02-08,patrick.taylor.68547@gmail.com,Chicago,Illinois,United States,North America,Direct
68552,Lauren Rodriguez,Female,22,2024-01-19,lauren.rodriguez.68552@protonmail.com,London,Greater London,United Kingdom,Europe,Email
68555,Christian Edwards,Male,23,2021-07-27,christian.edwards.68555@gmail.com,Los Angeles,California,United States,North America,Direct
68556,Shirley Evans,Female,35,2022-04-25,shirley.evans.68556@gmail.com,Los Angeles,California,United States,North America,Email
68586,Linda Johnson,Female,26,2023-05-15,linda.johnson.68586@gmail.com,Toronto,Ontario,Canada,North America,Paid Search
68615,Charles Rivera,Male,48,2024-02-08,charles.rivera.68615@gmail.com,Melbourne,Victoria,Australia,Asia-Pacific,Paid Search
68620,James Green,Male,27,2025-01-31,james.green.68620@gmail.com,Toronto,Ontario,Canada,North America,Email
68635,Maria Lee,Female,41,2024-06-01,maria.lee.68635@gmail.com,Mumbai,Maharashtra,India,Asia-Pacific,Paid Search
68682,William Clark,Male,49,2023-02-13,william.clark.68682@protonmail.com,Phoenix,Arizona,United States,North America,Social Media
68688,Willie Taylor,Male,60,2024-10-29,willie.taylor.68688@icloud.com,Lyon,Auvergne-Rhône-Alpes,France,Europe,Paid Search
68748,Gerald Sharma,Male,55,2025-04-20,gerald.sharma.68748@gmail.com,Houston,Texas,United States,North America,Paid Search
68844,Aanya Lopez,Female,45,2022-12-03,aanya.lopez.68844@icloud.com,Houston,Texas,United States,North America,Paid Search
68871,Judith Wood,Female,46,2024-06-02,judith.wood.68871@gmail.com,Chicago,Illinois,United States,North America,Organic Search
68899,Jack Robinson,Male,23,2025-08-02,jack.robinson.68899@gmail.com,New York,New York,United States,North America,Direct
68920,Louis Ramirez,Male,26,2023-05-19,louis.ramirez.68920@icloud.com,Houston,Texas,United States,North America,Paid Search
68948,Barbara Robinson,Female,35,2024-07-13,barbara.robinson.68948@yahoo.com,Paris,Île-de-France,France,Europe,Email
68970,Hudson Turner,Male,37,2025-01-10,hudson.turner.68970@yahoo.com,Seattle,Washington,United States,North America,Organic Search
68976,Debra Dubois,Female,37,2024-11-27,debra.dubois.68976@outlook.com,Munich,Bavaria,Germany,Europe,Social Media
68988,Olivia Johnson,Female,40,2023-01-11,olivia.johnson.68988@yahoo.com,Chicago,Illinois,United States,North America,Direct
69023,Riley Richardson,Female,41,2024-11-13,riley.richardson.69023@outlook.com,Houston,Texas,United States,North America,Paid Search
69038,Diane Carter,Female,39,2025-01-19,diane.carter.69038@gmail.com,Birmingham,West Midlands,United Kingdom,Europe,Social Media
69118,Judith Bennett,Female,44,2022-07-19,judith.bennett.69118@gmail.com,São Paulo,São Paulo,Brazil,Latin America,Email
69164,Sharon Allen,Female,59,2023-05-02,sharon.allen.69164@gmail.com,Vancouver,British Columbia,Canada,North America,Social Media
69184,Theo Martinez,Male,37,2025-10-22,theo.martinez.69184@gmail.com,Seattle,Washington,United States,North America,Referral
69196,Jacqueline Reed,Female,25,2025-08-22,jacqueline.reed.69196@gmail.com,Bengaluru,Karnataka,India,Asia-Pacific,Referral
69201,Kathryn Hall,Female,32,2021-11-06,kathryn.hall.69201@gmail.com,Manchester,Greater Manchester,United Kingdom,Europe,Organic Search
69254,Anna Ward,Female,37,2022-04-12,anna.ward.69254@gmail.com,Philadelphia,Pennsylvania,United States,North America,Social Media
69308,Jacqueline Becker,Female,18,2023-05-23,jacqueline.becker.69308@protonmail.com,Paris,Île-de-France,France,Europe,Paid Search
69309,Mark Fischer,Male,43,2025-09-04,mark.fischer.69309@gmail.com,Mexico City,CDMX,Mexico,Latin America,Paid Search
69390,Kathryn Murphy,Female,42,2023-08-15,kathryn.murphy.69390@gmail.com,New York,New York,United States,North America,Social Media
69396,Steven Thompson,Male,27,2023-03-12,steven.thompson.69396@gmail.com,London,Greater London,United Kingdom,Europe,Organic Search
69407,Pamela Turner,Female,50,2025-07-15,pamela.turner.69407@outlook.com,Los Angeles,California,United States,North America,Paid Search
69416,Russell Hill,Male,27,2025-03-06,russell.hill.69416@gmail.com,Berlin,Berlin,Germany,Europe,Social Media
69473,Jesse Allen,Male,30,2025-02-16,jesse.allen.69473@outlook.com,Houston,Texas,United States,North America,Organic Search
69480,Hannah Stewart,Female,35,2025-10-11,hannah.stewart.69480@icloud.com,Philadelphia,Pennsylvania,United States,North America,Organic Search
69515,Lisa Torres,Female,34,2023-01-10,lisa.torres.69515@gmail.com,Los Angeles,California,United States,North America,Social Media
69528,Bryan Wagner,Male,23,2025-09-22,bryan.wagner.69528@outlook.com,Paris,Île-de-France,France,Europe,Paid Search
69539,Ezra Morris,Male,27,2024-07-18,ezra.morris.69539@icloud.com,Melbourne,Victoria,Australia,Asia-Pacific,Organic Search
69557,Jessica Taylor,Female,33,2023-01-04,jessica.taylor.69557@outlook.com,Munich,Bavaria,Germany,Europe,Direct
69572,Alexander Torres,Male,33,2024-08-10,alexander.torres.69572@yahoo.com,Delhi,Delhi,India,Asia-Pacific,Organic Search
69609,Alice Sanchez,Female,43,2023-10-12,alice.sanchez.69609@gmail.com,Phoenix,Arizona,United States,North America,Paid Search
69627,Diya Campbell,Female,24,2023-11-15,diya.campbell.69627@yahoo.com,Los Angeles,California,United States,North America,Organic Search
69633,Daniel Baker,Male,25,2021-12-30,daniel.baker.69633@yahoo.com,Los Angeles,California,United States,North America,Organic Search
69642,Jeffrey Morales,Male,51,2023-05-19,jeffrey.morales.69642@gmail.com,Houston,Texas,United States,North America,Social Media
69655,Rachel Chavez,Female,29,2025-06-09,rachel.chavez.69655@gmail.com,New York,New York,United States,North America,Organic Search
69656,Janet Moreau,Female,38,2021-03-11,janet.moreau.69656@gmail.com,New York,New York,United States,North America,Social Media
69662,Eleanor Murphy,Female,32,2022-12-27,eleanor.murphy.69662@yahoo.com,Seattle,Washington,United States,North America,Organic Search
69694,Johnny Singh,Male,32,2023-06-09,johnny.singh.69694@gmail.com,Miami,Florida,United States,North America,Organic Search
69714,Kimberly Gutierrez,Female,31,2025-02-01,kimberly.gutierrez.69714@gmail.com,Sydney,New South Wales,Australia,Asia-Pacific,Organic Search
69745,Aanya Green,Female,26,2024-10-12,aanya.green.69745@yahoo.com,Frankfurt,Hesse,Germany,Europe,Organic Search
69748,Bruce Peterson,Male,24,2023-07-14,bruce.peterson.69748@gmail.com,Mumbai,Maharashtra,India,Asia-Pacific,Paid Search
69771,Stephen Rivera,Male,33,2023-11-28,stephen.rivera.69771@gmail.com,Melbourne,Victoria,Australia,Asia-Pacific,Referral
69778,Rachel Clark,Female,20,2024-09-18,rachel.clark.69778@gmail.com,Los Angeles,California,United States,North America,Social Media
69788,Justin Walker,Male,42,2022-05-11,justin.walker.69788@gmail.com,Chicago,Illinois,United States,North America,Social Media
69795,Deborah Diaz,Female,35,2025-07-13,deborah.diaz.69795@gmail.com,Los Angeles,California,United States,North America,Paid Search
69804,Riley Flores,Female,45,2024-02-11,riley.flores.69804@gmail.com,New York,New York,United States,North America,Organic Search
69805,Kyle Scott,Male,56,2025-02-23,kyle.scott.69805@yahoo.com,Berlin,Berlin,Germany,Europe,Social Media
69825,Alice Walker,Female,25,2025-07-25,alice.walker.69825@yahoo.com,Houston,Texas,United States,North America,Paid Search
69858,Carol Watson,Female,22,2022-09-29,carol.watson.69858@gmail.com,Seattle,Washington,United States,North America,Direct
69887,Heather Miller,Female,37,2024-01-29,heather.miller.69887@icloud.com,Toronto,Ontario,Canada,North America,Organic Search
69888,Willie Reed,Male,43,2025-09-15,willie.reed.69888@outlook.com,Birmingham,West Midlands,United Kingdom,Europe,Social Media
69921,Zoe Wagner,Female,56,2024-09-22,zoe.wagner.69921@gmail.com,Munich,Bavaria,Germany,Europe,Affiliate
69930,Steven Singh,Male,50,2023-10-26,steven.singh.69930@gmail.com,Manchester,Greater Manchester,United Kingdom,Europe,Paid Search
69950,Amy Gomez,Female,27,2021-09-16,amy.gomez.69950@yahoo.com,Phoenix,Arizona,United States,North America,Organic Search
69957,Sophia Martin,Female,38,2021-12-19,sophia.martin.69957@gmail.com,Philadelphia,Pennsylvania,United States,North America,Social Media
69975,Sai Roberts,Male,48,2025-07-01,sai.roberts.69975@icloud.com,Chicago,Illinois,United States,North America,Direct
70035,Anthony Cruz,Male,36,2023-10-14,anthony.cruz.70035@outlook.com,Mumbai,Maharashtra,India,Asia-Pacific,Social Media
70042,Matthew Perez,Male,36,2024-03-21,matthew.perez.70042@outlook.com,Lyon,Auvergne-Rhône-Alpes,France,Europe,Email
70099,Roger Cooper,Male,43,2024-09-04,roger.cooper.70099@yahoo.com,Delhi,Delhi,India,Asia-Pacific,Organic Search
70103,Joan Kelly,Female,50,2024-09-20,joan.kelly.70103@gmail.com,Philadelphia,Pennsylvania,United States,North America,Affiliate
70112,Rebecca Allen,Female,54,2025-04-01,rebecca.allen.70112@gmail.com,Munich,Bavaria,Germany,Europe,Direct
70120,Natalie Perez,Female,24,2024-07-10,natalie.perez.70120@gmail.com,New York,New York,United States,North America,Paid Search
70134,David Taylor,Male,50,2025-07-31,david.taylor.70134@gmail.com,Phoenix,Arizona,United States,North America,Social Media
70148,Aarav Evans,Male,61,2023-08-16,aarav.evans.70148@gmail.com,Delhi,Delhi,India,Asia-Pacific,Social Media
70174,Natalie Patel,Female,30,2023-08-19,natalie.patel.70174@gmail.com,Dallas,Texas,United States,North America,Paid Search
70177,Oliver Smith,Male,37,2023-12-05,oliver.smith.70177@gmail.com,Mumbai,Maharashtra,India,Asia-Pacific,Social Media
70195,Margaret Alvarez,Female,21,2024-05-23,margaret.alvarez.70195@gmail.com,Munich,Bavaria,Germany,Europe,Social Media
70215,William Murphy,Male,41,2025-02-28,william.murphy.70215@outlook.com,Atlanta,Georgia,United States,North America,Referral
70216,Kathleen Davies,Female,24,2024-08-10,kathleen.davies.70216@corporate.org,Atlanta,Georgia,United States,North America,Organic Search
70242,Addison Patel,Female,32,2023-07-28,addison.patel.70242@icloud.com,Houston,Texas,United States,North America,Social Media
70277,Vincent Ortiz,Male,41,2023-07-15,vincent.ortiz.70277@gmail.com,Delhi,Delhi,India,Asia-Pacific,Affiliate
70297,Philip Brown,Male,37,2022-04-07,philip.brown.70297@outlook.com,Phoenix,Arizona,United States,North America,Organic Search
70335,Henry Moore,Male,22,2025-05-25,henry.moore.70335@gmail.com,New York,New York,United States,North America,Social Media
70342,Ralph Lee,Male,40,2022-03-27,ralph.lee.70342@gmail.com,Delhi,Delhi,India,Asia-Pacific,Paid Search
70348,Navya King,Female,37,2025-03-25,navya.king.70348@gmail.com,New York,New York,United States,North America,Paid Search
70386,Kabir Ramirez,Male,24,2024-10-21,kabir.ramirez.70386@outlook.com,Atlanta,Georgia,United States,North America,Organic Search
70409,Mateo Gomez,Male,39,2025-08-03,mateo.gomez.70409@gmail.com,London,Greater London,United Kingdom,Europe,Organic Search
70421,Kimberly Adams,Female,19,2025-04-26,kimberly.adams.70421@yahoo.com,New York,New York,United States,North America,Social Media
70431,David Roberts,Male,44,2024-01-17,david.roberts.70431@gmail.com,Atlanta,Georgia,United States,North America,Social Media
70439,Daniel Rogers,Male,45,2022-04-29,daniel.rogers.70439@gmail.com,Mumbai,Maharashtra,India,Asia-Pacific,Social Media
70468,Vivaan Sharma,Male,21,2024-05-03,vivaan.sharma.70468@gmail.com,London,Greater London,United Kingdom,Europe,Organic Search
70505,Karen Dubois,Female,60,2021-01-20,karen.dubois.70505@yahoo.com,Philadelphia,Pennsylvania,United States,North America,Email
70521,Zoey Wilson,Female,54,2023-02-11,zoey.wilson.70521@icloud.com,Melbourne,Victoria,Australia,Asia-Pacific,Paid Search
70565,Pari Verma,Female,40,2023-04-07,pari.verma.70565@gmail.com,Miami,Florida,United States,North America,Direct
70572,Virginia Wagner,Female,36,2023-02-23,virginia.wagner.70572@gmail.com,Mumbai,Maharashtra,India,Asia-Pacific,Organic Search
70596,Ezra Brooks,Male,27,2025-04-16,ezra.brooks.70596@gmail.com,Seattle,Washington,United States,North America,Organic Search
70618,Addison Price,Female,37,2024-11-06,addison.price.70618@gmail.com,Atlanta,Georgia,United States,North America,Organic Search
70642,Sarah Mitchell,Female,50,2023-10-24,sarah.mitchell.70642@icloud.com,Lyon,Auvergne-Rhône-Alpes,France,Europe,Social Media
70643,Timothy Robinson,Male,35,2025-03-19,timothy.robinson.70643@yahoo.com,Munich,Bavaria,Germany,Europe,Organic Search
70682,Andrea Anderson,Female,28,2021-05-06,andrea.anderson.70682@gmail.com,Chicago,Illinois,United States,North America,Paid Search
70687,Heather Torres,Female,38,2024-12-08,heather.torres.70687@gmail.com,Toronto,Ontario,Canada,North America,Social Media
70712,Penelope Martinez,Female,45,2024-03-06,penelope.martinez.70712@icloud.com,London,Greater London,United Kingdom,Europe,Email
70713,Janet Walker,Female,44,2025-05-31,janet.walker.70713@gmail.com,Seattle,Washington,United States,North America,Organic Search
70752,Jean Harris,Female,38,2021-11-13,jean.harris.70752@gmail.com,New York,New York,United States,North America,Social Media
70762,Pamela Martinez,Female,33,2025-09-07,pamela.martinez.70762@gmail.com,New York,New York,United States,North America,Social Media
70765,Juan Watson,Male,32,2024-04-07,juan.watson.70765@gmail.com,Lyon,Auvergne-Rhône-Alpes,France,Europe,Email
70777,Riley Wagner,Female,33,2024-12-30,riley.wagner.70777@gmail.com,Mumbai,Maharashtra,India,Asia-Pacific,Organic Search
70787,Mateo Torres,Male,18,2025-07-19,mateo.torres.70787@outlook.com,Phoenix,Arizona,United States,North America,Direct
70788,Lillian Kumar,Female,53,2023-05-29,lillian.kumar.70788@gmail.com,Vancouver,British Columbia,Canada,North America,Email
70816,Diya Hernandez,Female,18,2022-06-14,diya.hernandez.70816@outlook.com,Dallas,Texas,United States,North America,Organic Search
70840,Christina Hill,Female,27,2021-10-11,christina.hill.70840@gmail.com,Mumbai,Maharashtra,India,Asia-Pacific,Affiliate
70856,Tyler Hernandez,Male,25,2023-11-20,tyler.hernandez.70856@outlook.com,New York,New York,United States,North America,Social Media
70866,William Davis,Male,54,2021-06-08,william.davis.70866@gmail.com,London,Greater London,United Kingdom,Europe,Email
70886,Riya Alvarez,Female,54,2023-06-29,riya.alvarez.70886@outlook.com,Los Angeles,California,United States,North America,Social Media
70898,Emily Taylor,Female,52,2023-02-19,emily.taylor.70898@yahoo.com,Los Angeles,California,United States,North America,Organic Search
70905,Roger Brooks,Male,27,2025-02-14,roger.brooks.70905@yahoo.com,Houston,Texas,United States,North America,Organic Search
70937,Sophia Kumar,Female,36,2024-01-10,sophia.kumar.70937@outlook.com,Chicago,Illinois,United States,North America,Social Media
70952,Timothy Hill,Male,48,2021-11-05,timothy.hill.70952@gmail.com,New York,New York,United States,North America,Organic Search
70971,Teresa Chavez,Female,44,2023-08-15,teresa.chavez.70971@gmail.com,New York,New York,United States,North America,Organic Search
71009,Mary Morgan,Female,21,2023-07-11,mary.morgan.71009@outlook.com,Mumbai,Maharashtra,India,Asia-Pacific,Social Media
71022,Vihaan Taylor,Male,40,2025-08-18,vihaan.taylor.71022@gmail.com,Houston,Texas,United States,North America,Organic Search
71023,Judy Wood,Female,39,2022-03-17,judy.wood.71023@outlook.com,Philadelphia,Pennsylvania,United States,North America,Paid Search
71043,Myra Cook,Female,28,2023-04-26,myra.cook.71043@corporate.org,Atlanta,Georgia,United States,North America,Direct
71123,Ananya Morris,Female,42,2022-02-08,ananya.morris.71123@protonmail.com,Dallas,Texas,United States,North America,Affiliate
71132,Janet White,Female,27,2021-08-08,janet.white.71132@gmail.com,Vancouver,British Columbia,Canada,North America,Direct
71151,Krishna Alvarez,Male,56,2024-11-04,krishna.alvarez.71151@outlook.com,Birmingham,West Midlands,United Kingdom,Europe,Referral
71167,Daniel Turner,Male,54,2025-08-20,daniel.turner.71167@protonmail.com,Berlin,Berlin,Germany,Europe,Organic Search
71170,Jessica Evans,Female,24,2025-01-26,jessica.evans.71170@gmail.com,Birmingham,West Midlands,United Kingdom,Europe,Email
71171,Lily Castillo,Female,38,2024-10-24,lily.castillo.71171@gmail.com,New York,New York,United States,North America,Referral
71185,Elijah Sanders,Male,27,2023-08-30,elijah.sanders.71185@gmail.com,Los Angeles,California,United States,North America,Organic Search
71187,Carol Garcia,Female,25,2025-08-27,carol.garcia.71187@gmail.com,Berlin,Berlin,Germany,Europe,Social Media
71206,Jason Robinson,Male,46,2024-04-22,jason.robinson.71206@gmail.com,Atlanta,Georgia,United States,North America,Paid Search
71227,Ralph Sanchez,Male,30,2023-10-11,ralph.sanchez.71227@outlook.com,Mexico City,CDMX,Mexico,Latin America,Social Media
71251,Paul Thomas,Male,29,2022-05-05,paul.thomas.71251@gmail.com,Houston,Texas,United States,North America,Social Media
71259,Donna Morgan,Female,23,2025-03-22,donna.morgan.71259@gmail.com,New York,New York,United States,North America,Organic Search
71280,Vincent James,Male,38,2025-07-12,vincent.james.71280@yahoo.com,Munich,Bavaria,Germany,Europe,Referral
71300,Heather Wagner,Female,41,2023-12-21,heather.wagner.71300@outlook.com,Sydney,New South Wales,Australia,Asia-Pacific,Email
71315,Camila Gomez,Female,56,2025-01-01,camila.gomez.71315@gmail.com,Dallas,Texas,United States,North America,Organic Search
71319,Michelle Wright,Female,39,2022-12-11,michelle.wright.71319@outlook.com,Munich,Bavaria,Germany,Europe,Paid Search
71353,Isha Ortiz,Female,35,2025-03-04,isha.ortiz.71353@outlook.com,Mumbai,Maharashtra,India,Asia-Pacific,Paid Search
71356,Betty Kim,Female,36,2024-03-22,betty.kim.71356@outlook.com,Berlin,Berlin,Germany,Europe,Organic Search
71367,Bradley Kim,Male,39,2023-11-29,bradley.kim.71367@icloud.com,São Paulo,São Paulo,Brazil,Latin America,Paid Search
71370,Donna Wagner,Female,25,2022-12-14,donna.wagner.71370@icloud.com,Mexico City,CDMX,Mexico,Latin America,Organic Search
71471,Austin Evans,Non-Binary,35,2022-05-18,austin.evans.71471@gmail.com,Miami,Florida,United States,North America,Email
71486,Lillian Morales,Female,45,2023-11-17,lillian.morales.71486@gmail.com,New York,New York,United States,North America,Email
71517,Samuel Fischer,Male,33,2024-10-03,samuel.fischer.71517@gmail.com,Mexico City,CDMX,Mexico,Latin America,Referral
71535,Kabir Garcia,Male,24,2024-08-17,kabir.garcia.71535@gmail.com,London,Greater London,United Kingdom,Europe,Email
71567,Sandra Mitchell,Female,46,2022-09-02,sandra.mitchell.71567@outlook.com,Toronto,Ontario,Canada,North America,Organic Search
71574,Eric Davis,Male,34,2025-04-27,eric.davis.71574@icloud.com,Toronto,Ontario,Canada,North America,Social Media
71588,Cheryl Lee,Female,32,2022-01-03,cheryl.lee.71588@yahoo.com,Chicago,Illinois,United States,North America,Email
71644,Ethan Singh,Male,39,2025-10-21,ethan.singh.71644@protonmail.com,Phoenix,Arizona,United States,North America,Paid Search
71646,Kenneth Thomas,Non-Binary,30,2024-02-11,kenneth.thomas.71646@gmail.com,Phoenix,Arizona,United States,North America,Referral
71733,Penelope Martin,Female,37,2025-09-24,penelope.martin.71733@outlook.com,Seattle,Washington,United States,North America,Social Media
71743,Oliver Flores,Male,34,2025-04-12,oliver.flores.71743@gmail.com,Miami,Florida,United States,North America,Paid Search
71781,Michelle Davis,Female,39,2022-08-31,michelle.davis.71781@gmail.com,São Paulo,São Paulo,Brazil,Latin America,Referral
71849,Diya Brown,Female,52,2025-07-04,diya.brown.71849@gmail.com,Phoenix,Arizona,United States,North America,Social Media
71878,Stephanie Morris,Female,48,2024-09-09,stephanie.morris.71878@outlook.com,London,Greater London,United Kingdom,Europe,Organic Search
71903,Reyansh Thomas,Male,44,2021-02-24,reyansh.thomas.71903@gmail.com,Chicago,Illinois,United States,North America,Social Media
71906,Jose Clark,Male,47,2021-03-27,jose.clark.71906@gmail.com,Chicago,Illinois,United States,North America,Social Media
71909,Janice Morris,Female,32,2025-02-08,janice.morris.71909@outlook.com,Seattle,Washington,United States,North America,Organic Search
71931,Stephen Sanders,Male,18,2024-08-25,stephen.sanders.71931@gmail.com,Dallas,Texas,United States,North America,Organic Search
71934,Patricia Chavez,Female,51,2022-12-16,patricia.chavez.71934@gmail.com,London,Greater London,United Kingdom,Europe,Paid Search
71937,Timothy Lopez,Male,24,2025-03-18,timothy.lopez.71937@outlook.com,Mumbai,Maharashtra,India,Asia-Pacific,Paid Search
71959,Olivia Miller,Non-Binary,28,2022-02-24,olivia.miller.71959@icloud.com,London,Greater London,United Kingdom,Europe,Paid Search
71998,Amanda Gupta,Female,26,2021-11-28,amanda.gupta.71998@yahoo.com,Chicago,Illinois,United States,North America,Organic Search
72039,Lauren Cook,Female,55,2021-02-05,lauren.cook.72039@gmail.com,Paris,Île-de-France,France,Europe,Organic Search
72042,Margaret Mendoza,Female,38,2022-08-25,margaret.mendoza.72042@gmail.com,Delhi,Delhi,India,Asia-Pacific,Organic Search
72043,Avani Ramirez,Female,36,2025-08-28,avani.ramirez.72043@outlook.com,Los Angeles,California,United States,North America,Organic Search
72062,Alan Smith,Male,42,2025-02-05,alan.smith.72062@gmail.com,New York,New York,United States,North America,Social Media
72070,Rachel Hughes,Female,43,2022-01-18,rachel.hughes.72070@outlook.com,London,Greater London,United Kingdom,Europe,Social Media
72078,Angela Meyer,Female,47,2024-08-04,angela.meyer.72078@gmail.com,Atlanta,Georgia,United States,North America,Email
72111,Chloe Patel,Female,36,2024-04-24,chloe.patel.72111@gmail.com,Los Angeles,California,United States,North America,Referral
72139,Joe Williams,Male,33,2021-04-25,joe.williams.72139@yahoo.com,Dallas,Texas,United States,North America,Social Media
72141,Larry Cook,Male,46,2022-07-01,larry.cook.72141@gmail.com,New York,New York,United States,North America,Affiliate
72163,Gregory Harris,Male,18,2024-11-21,gregory.harris.72163@outlook.com,Phoenix,Arizona,United States,North America,Social Media
72177,Melissa Rivera,Female,34,2022-05-25,melissa.rivera.72177@gmail.com,Frankfurt,Hesse,Germany,Europe,Email
72202,Luca Castillo,Male,35,2024-09-17,luca.castillo.72202@yahoo.com,Delhi,Delhi,India,Asia-Pacific,Social Media
72227,Avani Wagner,Female,43,2025-02-27,avani.wagner.72227@gmail.com,Berlin,Berlin,Germany,Europe,Paid Search
72244,Arthur Sanchez,Male,25,2025-10-14,arthur.sanchez.72244@gmail.com,Miami,Florida,United States,North America,Direct
72260,Karen Martin,Female,49,2023-07-09,karen.martin.72260@outlook.com,Delhi,Delhi,India,Asia-Pacific,Email
72278,Amanda Stewart,Female,27,2024-08-03,amanda.stewart.72278@icloud.com,Dallas,Texas,United States,North America,Social Media
72287,Linda Harris,Female,20,2023-05-25,linda.harris.72287@outlook.com,Atlanta,Georgia,United States,North America,Paid Search
72309,Aditya Reyes,Male,43,2023-05-01,aditya.reyes.72309@outlook.com,Chicago,Illinois,United States,North America,Social Media
72326,Emily Hall,Female,42,2025-01-08,emily.hall.72326@gmail.com,Houston,Texas,United States,North America,Social Media
72356,Mateo Wilson,Male,47,2021-10-09,mateo.wilson.72356@gmail.com,Seattle,Washington,United States,North America,Referral
72358,Liam Cruz,Male,44,2025-08-05,liam.cruz.72358@icloud.com,Dallas,Texas,United States,North America,Social Media
72392,Samantha Davies,Female,34,2025-04-30,samantha.davies.72392@yahoo.com,Los Angeles,California,United States,North America,Direct
72445,Barbara Castillo,Female,47,2021-09-13,barbara.castillo.72445@gmail.com,Delhi,Delhi,India,Asia-Pacific,Organic Search
72451,Pari Anderson,Female,48,2024-05-08,pari.anderson.72451@yahoo.com,New York,New York,United States,North America,Paid Search
72470,Bradley Nguyen,Male,28,2023-09-27,bradley.nguyen.72470@gmail.com,São Paulo,São Paulo,Brazil,Latin America,Organic Search
72538,Elizabeth Moreau,Female,38,2024-04-20,elizabeth.moreau.72538@yahoo.com,Vancouver,British Columbia,Canada,North America,Email
72544,Carolyn Lee,Female,26,2025-10-11,carolyn.lee.72544@gmail.com,Los Angeles,California,United States,North America,Affiliate
72574,James Gutierrez,Male,25,2024-09-01,james.gutierrez.72574@gmail.com,Delhi,Delhi,India,Asia-Pacific,Affiliate
72580,Eric Castillo,Male,41,2024-09-12,eric.castillo.72580@icloud.com,Vancouver,British Columbia,Canada,North America,Organic Search
72583,Joe Jackson,Male,53,2025-06-25,joe.jackson.72583@gmail.com,Mumbai,Maharashtra,India,Asia-Pacific,Social Media
72596,Dennis White,Male,43,2024-11-02,dennis.white.72596@gmail.com,Seattle,Washington,United States,North America,Organic Search
72605,Rebecca Moreau,Female,47,2025-03-04,rebecca.moreau.72605@gmail.com,Vancouver,British Columbia,Canada,North America,Social Media
72625,Emily Watson,Female,51,2024-01-23,emily.watson.72625@gmail.com,Miami,Florida,United States,North America,Organic Search
72653,Samantha Reed,Female,50,2024-06-18,samantha.reed.72653@gmail.com,Los Angeles,California,United States,North America,Affiliate
72660,Aditya Brown,Male,43,2025-10-21,aditya.brown.72660@outlook.com,Delhi,Delhi,India,Asia-Pacific,Direct
72666,Natalie Kim,Female,27,2024-11-15,natalie.kim.72666@outlook.com,Chicago,Illinois,United States,North America,Referral
72667,Zoe Nguyen,Female,54,2024-06-18,zoe.nguyen.72667@gmail.com,Los Angeles,California,United States,North America,Paid Search
72714,Dennis Morris,Male,42,2025-06-30,dennis.morris.72714@gmail.com,Los Angeles,California,United States,North America,Organic Search
72783,Stephen Howard,Male,35,2024-10-15,stephen.howard.72783@outlook.com,Berlin,Berlin,Germany,Europe,Social Media
72791,Katherine Jackson,Female,41,2025-04-02,katherine.jackson.72791@gmail.com,New York,New York,United States,North America,Organic Search
72808,Ralph Phillips,Male,38,2021-10-11,ralph.phillips.72808@yahoo.com,Paris,Île-de-France,France,Europe,Email
72810,Frank Morales,Male,33,2023-06-02,frank.morales.72810@yahoo.com,Paris,Île-de-France,France,Europe,Organic Search
72822,Katherine Walker,Female,30,2024-05-12,katherine.walker.72822@gmail.com,São Paulo,São Paulo,Brazil,Latin America,Social Media
72831,Cynthia King,Female,23,2025-09-05,cynthia.king.72831@gmail.com,Delhi,Delhi,India,Asia-Pacific,Affiliate
72841,Lawrence Allen,Male,37,2023-07-20,lawrence.allen.72841@yahoo.com,Atlanta,Georgia,United States,North America,Organic Search
72850,Donna Allen,Female,40,2023-04-28,donna.allen.72850@outlook.com,Seattle,Washington,United States,North America,Social Media
72927,Randy Rao,Male,37,2025-10-30,randy.rao.72927@gmail.com,London,Greater London,United Kingdom,Europe,Social Media
72996,Lillian Brown,Female,33,2025-08-07,lillian.brown.72996@gmail.com,Phoenix,Arizona,United States,North America,Email
73000,Addison Howard,Female,18,2022-05-27,addison.howard.73000@gmail.com,Toronto,Ontario,Canada,North America,Direct
73022,Patricia Evans,Female,56,2023-01-19,patricia.evans.73022@icloud.com,Paris,Île-de-France,France,Europe,Paid Search
73045,Hannah Sanders,Female,23,2021-11-13,hannah.sanders.73045@gmail.com,Los Angeles,California,United States,North America,Social Media
73060,Mark Diaz,Male,47,2024-10-28,mark.diaz.73060@yahoo.com,Chicago,Illinois,United States,North America,Social Media
73066,Bradley Walker,Male,30,2025-02-09,bradley.walker.73066@gmail.com,Mumbai,Maharashtra,India,Asia-Pacific,Affiliate
73078,Zoey Sanchez,Female,22,2025-07-17,zoey.sanchez.73078@gmail.com,Los Angeles,California,United States,North America,Affiliate
73089,Thomas Meyer,Male,38,2025-01-17,thomas.meyer.73089@gmail.com,Delhi,Delhi,India,Asia-Pacific,Social Media
73094,Juan Allen,Male,33,2021-11-17,juan.allen.73094@gmail.com,Philadelphia,Pennsylvania,United States,North America,Organic Search
73118,Jeremy White,Male,38,2025-04-19,jeremy.white.73118@gmail.com,Bengaluru,Karnataka,India,Asia-Pacific,Direct
73128,Anna Carter,Non-Binary,42,2025-06-18,anna.carter.73128@protonmail.com,Philadelphia,Pennsylvania,United States,North America,Organic Search
73132,Vihaan Moreau,Male,55,2022-08-23,vihaan.moreau.73132@gmail.com,New York,New York,United States,North America,Organic Search
73135,Eleanor Davies,Female,31,2023-02-26,eleanor.davies.73135@gmail.com,Seattle,Washington,United States,North America,Social Media
73146,Helen Morgan,Female,35,2022-02-25,helen.morgan.73146@outlook.com,Vancouver,British Columbia,Canada,North America,Paid Search
73149,Avani Walker,Female,58,2025-05-19,avani.walker.73149@outlook.com,Los Angeles,California,United States,North America,Organic Search
73160,Navya Jackson,Female,41,2022-05-19,navya.jackson.73160@outlook.com,Houston,Texas,United States,North America,Paid Search
73172,Hannah Harris,Female,47,2022-12-19,hannah.harris.73172@gmail.com,Los Angeles,California,United States,North America,Social Media
73174,Ananya Rivera,Female,45,2023-05-10,ananya.rivera.73174@protonmail.com,London,Greater London,United Kingdom,Europe,Email
73175,Sai Singh,Non-Binary,35,2021-07-28,sai.singh.73175@gmail.com,Houston,Texas,United States,North America,Organic Search
73194,Heather Parker,Female,25,2025-10-09,heather.parker.73194@gmail.com,Philadelphia,Pennsylvania,United States,North America,Referral
73224,Gerald Alvarez,Male,23,2023-03-07,gerald.alvarez.73224@corporate.org,Toronto,Ontario,Canada,North America,Direct
73243,Penelope Gomez,Female,55,2024-04-22,penelope.gomez.73243@gmail.com,Chicago,Illinois,United States,North America,Social Media
73251,Aubrey Fischer,Female,19,2021-06-06,aubrey.fischer.73251@outlook.com,Los Angeles,California,United States,North America,Social Media
73316,Andrea Price,Female,46,2025-08-26,andrea.price.73316@icloud.com,Chicago,Illinois,United States,North America,Social Media
73323,Jacqueline Evans,Female,19,2023-04-20,jacqueline.evans.73323@gmail.com,London,Greater London,United Kingdom,Europe,Organic Search
73344,Robert Cruz,Male,23,2024-01-06,robert.cruz.73344@gmail.com,New York,New York,United States,North America,Paid Search
73372,Brandon Verma,Male,41,2024-03-21,brandon.verma.73372@gmail.com,Phoenix,Arizona,United States,North America,Organic Search
73412,Terry Scott,Male,25,2024-01-08,terry.scott.73412@yahoo.com,Houston,Texas,United States,North America,Email
73413,Aditya Martin,Male,41,2025-09-15,aditya.martin.73413@gmail.com,Mumbai,Maharashtra,India,Asia-Pacific,Paid Search
73414,Douglas Dubois,Male,18,2022-05-01,douglas.dubois.73414@outlook.com,Chicago,Illinois,United States,North America,Organic Search
73435,Nora Flores,Female,31,2024-07-15,nora.flores.73435@protonmail.com,Seattle,Washington,United States,North America,Direct
73441,Kelly Gutierrez,Female,45,2025-02-02,kelly.gutierrez.73441@gmail.com,Mexico City,CDMX,Mexico,Latin America,Social Media
73456,Walter Castillo,Male,25,2024-09-04,walter.castillo.73456@gmail.com,Mexico City,CDMX,Mexico,Latin America,Paid Search
73472,Jason Nguyen,Male,43,2024-04-07,jason.nguyen.73472@gmail.com,Philadelphia,Pennsylvania,United States,North America,Social Media
73490,Chloe Murphy,Female,29,2023-12-10,chloe.murphy.73490@gmail.com,Mexico City,CDMX,Mexico,Latin America,Paid Search
73523,Brian Moreau,Male,55,2024-11-29,brian.moreau.73523@icloud.com,Los Angeles,California,United States,North America,Organic Search
73573,Arjun Lewis,Male,32,2021-06-23,arjun.lewis.73573@yahoo.com,Birmingham,West Midlands,United Kingdom,Europe,Email
73600,Joshua Hall,Male,45,2025-09-09,joshua.hall.73600@gmail.com,Mumbai,Maharashtra,India,Asia-Pacific,Social Media
73698,Ezra Wood,Male,60,2025-06-27,ezra.wood.73698@gmail.com,Houston,Texas,United States,North America,Affiliate
73700,Nicole Hughes,Female,37,2022-12-10,nicole.hughes.73700@gmail.com,Atlanta,Georgia,United States,North America,Paid Search
73702,Elizabeth Mitchell,Female,30,2025-07-30,elizabeth.mitchell.73702@outlook.com,Chicago,Illinois,United States,North America,Organic Search
73713,Aria King,Female,37,2024-04-29,aria.king.73713@gmail.com,Seattle,Washington,United States,North America,Paid Search
73724,Jean Hall,Female,28,2023-04-26,jean.hall.73724@gmail.com,Mumbai,Maharashtra,India,Asia-Pacific,Organic Search
73739,Dorothy James,Female,40,2022-09-06,dorothy.james.73739@outlook.com,Delhi,Delhi,India,Asia-Pacific,Social Media
73763,Carol Lopez,Female,27,2025-01-29,carol.lopez.73763@gmail.com,Dallas,Texas,United States,North America,Email
73788,Daniel Anderson,Male,38,2023-05-17,daniel.anderson.73788@gmail.com,Bengaluru,Karnataka,India,Asia-Pacific,Paid Search
73834,Kyle Hall,Male,35,2023-04-30,kyle.hall.73834@gmail.com,Paris,Île-de-France,France,Europe,Social Media
73843,Aditya Castillo,Male,25,2024-04-28,aditya.castillo.73843@gmail.com,New York,New York,United States,North America,Direct
73848,Juan Harris,Male,36,2023-04-25,juan.harris.73848@gmail.com,Manchester,Greater Manchester,United Kingdom,Europe,Email
73869,Melissa Bennett,Female,36,2021-12-20,melissa.bennett.73869@yahoo.com,São Paulo,São Paulo,Brazil,Latin America,Social Media
73948,Robert Morgan,Male,25,2024-08-10,robert.morgan.73948@gmail.com,Frankfurt,Hesse,Germany,Europe,Social Media
73950,Cynthia Cox,Female,30,2024-06-17,cynthia.cox.73950@outlook.com,Los Angeles,California,United States,North America,Social Media
73981,Harold Fischer,Male,40,2023-08-02,harold.fischer.73981@gmail.com,Munich,Bavaria,Germany,Europe,Paid Search
73983,Kelly Brooks,Female,42,2024-01-21,kelly.brooks.73983@icloud.com,Chicago,Illinois,United States,North America,Paid Search
74038,Christina Weber,Female,45,2022-08-05,christina.weber.74038@protonmail.com,New York,New York,United States,North America,Affiliate
74076,Kyle Jones,Male,34,2024-10-29,kyle.jones.74076@gmail.com,Mumbai,Maharashtra,India,Asia-Pacific,Direct
74077,Robert Wright,Male,27,2024-04-12,robert.wright.74077@yahoo.com,Atlanta,Georgia,United States,North America,Social Media
74087,Katherine Martin,Female,46,2024-04-11,katherine.martin.74087@gmail.com,New York,New York,United States,North America,Social Media
74132,Wayne Sanchez,Male,18,2023-10-15,wayne.sanchez.74132@outlook.com,Bengaluru,Karnataka,India,Asia-Pacific,Organic Search
74145,Cheryl Mendoza,Female,38,2023-09-22,cheryl.mendoza.74145@icloud.com,Sydney,New South Wales,Australia,Asia-Pacific,Social Media
74201,Noah Thomas,Male,63,2025-08-18,noah.thomas.74201@gmail.com,Dallas,Texas,United States,North America,Organic Search
74227,Andrew Kelly,Male,25,2024-08-14,andrew.kelly.74227@gmail.com,Sydney,New South Wales,Australia,Asia-Pacific,Organic Search
74232,Patricia Ortiz,Female,31,2024-01-31,patricia.ortiz.74232@icloud.com,Los Angeles,California,United States,North America,Social Media
74242,Joan Smith,Female,30,2021-09-03,joan.smith.74242@gmail.com,Philadelphia,Pennsylvania,United States,North America,Organic Search
74279,Aanya Edwards,Female,27,2023-06-20,aanya.edwards.74279@outlook.com,Paris,Île-de-France,France,Europe,Paid Search
74336,Saanvi Rao,Female,47,2024-05-21,saanvi.rao.74336@gmail.com,Mumbai,Maharashtra,India,Asia-Pacific,Paid Search
74373,Gloria Morales,Female,39,2024-09-15,gloria.morales.74373@protonmail.com,London,Greater London,United Kingdom,Europe,Social Media
74394,James Jones,Male,26,2024-11-18,james.jones.74394@outlook.com,Los Angeles,California,United States,North America,Social Media
74398,Judy Meyer,Female,26,2023-03-20,judy.meyer.74398@gmail.com,Seattle,Washington,United States,North America,Social Media
74406,Shirley Fischer,Female,30,2022-12-19,shirley.fischer.74406@outlook.com,Delhi,Delhi,India,Asia-Pacific,Social Media
74412,Stella Edwards,Female,39,2024-08-26,stella.edwards.74412@gmail.com,Munich,Bavaria,Germany,Europe,Social Media
74419,Eugene Garcia,Male,43,2022-10-02,eugene.garcia.74419@outlook.com,Miami,Florida,United States,North America,Referral
74422,Isha Davies,Female,27,2025-08-08,isha.davies.74422@gmail.com,Lyon,Auvergne-Rhône-Alpes,France,Europe,Email
74436,John Wilson,Male,19,2025-10-14,john.wilson.74436@gmail.com,Dallas,Texas,United States,North America,Affiliate
74449,Debra Richardson,Female,37,2025-02-24,debra.richardson.74449@outlook.com,Philadelphia,Pennsylvania,United States,North America,Social Media
74477,Alice Hall,Female,34,2024-02-24,alice.hall.74477@icloud.com,New York,New York,United States,North America,Social Media
74494,Jonathan Nguyen,Male,40,2022-12-11,jonathan.nguyen.74494@yahoo.com,Paris,Île-de-France,France,Europe,Paid Search
74545,Dorothy Peterson,Female,33,2025-10-05,dorothy.peterson.74545@gmail.com,Delhi,Delhi,India,Asia-Pacific,Organic Search
74550,Austin Morales,Male,47,2025-03-19,austin.morales.74550@icloud.com,New York,New York,United States,North America,Paid Search
74580,Douglas Collins,Male,36,2023-05-07,douglas.collins.74580@outlook.com,New York,New York,United States,North America,Organic Search
74623,Riya Perez,Female,50,2023-04-03,riya.perez.74623@gmail.com,Seattle,Washington,United States,North America,Organic Search
74643,Johnny Rivera,Male,53,2025-01-23,johnny.rivera.74643@yahoo.com,Atlanta,Georgia,United States,North America,Organic Search
74648,Nicole Rodriguez,Female,22,2023-05-25,nicole.rodriguez.74648@gmail.com,Frankfurt,Hesse,Germany,Europe,Paid Search
74667,Frank Thompson,Male,32,2024-09-12,frank.thompson.74667@yahoo.com,Munich,Bavaria,Germany,Europe,Email
74698,Julie Stewart,Female,34,2023-07-25,julie.stewart.74698@icloud.com,Paris,Île-de-France,France,Europe,Organic Search
74711,Vincent Roberts,Male,51,2025-05-28,vincent.roberts.74711@gmail.com,New York,New York,United States,North America,Email
74727,Reyansh Ramos,Male,36,2023-07-21,reyansh.ramos.74727@gmail.com,New York,New York,United States,North America,Social Media
74743,David Mitchell,Male,38,2022-04-14,david.mitchell.74743@gmail.com,Sydney,New South Wales,Australia,Asia-Pacific,Social Media
74747,Gary Cox,Male,35,2021-08-01,gary.cox.74747@gmail.com,New York,New York,United States,North America,Social Media
74759,Andrew Adams,Male,29,2024-02-10,andrew.adams.74759@outlook.com,Los Angeles,California,United States,North America,Direct
74793,Ralph Morgan,Male,21,2024-09-06,ralph.morgan.74793@gmail.com,New York,New York,United States,North America,Organic Search
74817,Sharon Cooper,Female,44,2025-05-12,sharon.cooper.74817@yahoo.com,Los Angeles,California,United States,North America,Social Media
74829,Joe Ward,Male,35,2024-04-13,joe.ward.74829@yahoo.com,Toronto,Ontario,Canada,North America,Email
74869,Linda Rivera,Female,39,2025-03-22,linda.rivera.74869@yahoo.com,Chicago,Illinois,United States,North America,Paid Search
74876,Luca Castillo,Male,27,2023-04-22,luca.castillo.74876@yahoo.com,Berlin,Berlin,Germany,Europe,Social Media
74886,Patricia Hall,Female,54,2024-12-27,patricia.hall.74886@gmail.com,Mumbai,Maharashtra,India,Asia-Pacific,Affiliate
74888,Krishna Mitchell,Male,27,2021-04-25,krishna.mitchell.74888@protonmail.com,Atlanta,Georgia,United States,North America,Paid Search
74997,Hannah Harris,Female,46,2024-03-18,hannah.harris.74997@yahoo.com,Chicago,Illinois,United States,North America,Direct
75026,Brian Hill,Male,33,2024-08-26,brian.hill.75026@gmail.com,Phoenix,Arizona,United States,North America,Organic Search
75115,Maria Hernandez,Female,50,2021-02-14,maria.hernandez.75115@gmail.com,Berlin,Berlin,Germany,Europe,Email
75138,Aria Collins,Female,52,2025-07-26,aria.collins.75138@gmail.com,Mumbai,Maharashtra,India,Asia-Pacific,Organic Search
75246,Keith Sanders,Male,19,2023-05-25,keith.sanders.75246@gmail.com,Philadelphia,Pennsylvania,United States,North America,Paid Search
75278,Riya Watson,Female,18,2024-01-28,riya.watson.75278@gmail.com,Mumbai,Maharashtra,India,Asia-Pacific,Paid Search
75303,Joshua Wright,Male,50,2021-06-30,joshua.wright.75303@yahoo.com,New York,New York,United States,North America,Social Media
75318,Anthony Dubois,Male,22,2023-11-16,anthony.dubois.75318@outlook.com,Atlanta,Georgia,United States,North America,Social Media
75326,Dylan Rogers,Male,43,2023-09-03,dylan.rogers.75326@yahoo.com,New York,New York,United States,North America,Paid Search
75329,Philip Howard,Male,52,2025-08-01,philip.howard.75329@gmail.com,Berlin,Berlin,Germany,Europe,Affiliate
75338,Carol Stewart,Female,39,2023-08-16,carol.stewart.75338@yahoo.com,Seattle,Washington,United States,North America,Paid Search
75345,Zoey Sanders,Female,56,2022-05-14,zoey.sanders.75345@outlook.com,São Paulo,São Paulo,Brazil,Latin America,Referral
75358,Nicole Turner,Female,42,2025-01-17,nicole.turner.75358@protonmail.com,London,Greater London,United Kingdom,Europe,Email
75392,Teresa Gupta,Female,43,2023-06-21,teresa.gupta.75392@gmail.com,Los Angeles,California,United States,North America,Social Media
75440,Bruce Anderson,Male,46,2023-11-29,bruce.anderson.75440@gmail.com,New York,New York,United States,North America,Paid Search
75461,Jesse Evans,Male,48,2025-05-17,jesse.evans.75461@gmail.com,Philadelphia,Pennsylvania,United States,North America,Direct
75504,Bobby Scott,Male,28,2023-10-06,bobby.scott.75504@gmail.com,Seattle,Washington,United States,North America,Paid Search
75530,Jesse Morales,Male,31,2023-01-31,jesse.morales.75530@protonmail.com,Houston,Texas,United States,North America,Direct
75549,Jordan Thomas,Male,56,2023-10-11,jordan.thomas.75549@icloud.com,Los Angeles,California,United States,North America,Organic Search
75593,Olivia Alvarez,Female,37,2024-03-01,olivia.alvarez.75593@outlook.com,Seattle,Washington,United States,North America,Email
75607,Ralph Davis,Male,32,2023-06-11,ralph.davis.75607@outlook.com,Miami,Florida,United States,North America,Organic Search
75621,Joan Ramirez,Female,18,2023-12-02,joan.ramirez.75621@gmail.com,Phoenix,Arizona,United States,North America,Paid Search
75639,Gary James,Male,38,2024-08-15,gary.james.75639@gmail.com,Philadelphia,Pennsylvania,United States,North America,Organic Search
75643,Stella Flores,Female,34,2022-01-31,stella.flores.75643@gmail.com,London,Greater London,United Kingdom,Europe,Social Media
75646,Jacqueline Evans,Female,40,2023-06-04,jacqueline.evans.75646@gmail.com,New York,New York,United States,North America,Referral
75666,Kathleen Cook,Female,18,2024-09-11,kathleen.cook.75666@gmail.com,London,Greater London,United Kingdom,Europe,Direct
75739,Harold Carter,Male,18,2024-12-21,harold.carter.75739@gmail.com,Paris,Île-de-France,France,Europe,Paid Search
75771,Heather Schneider,Female,40,2024-11-02,heather.schneider.75771@outlook.com,Frankfurt,Hesse,Germany,Europe,Email
75776,John Rogers,Male,18,2025-08-07,john.rogers.75776@yahoo.com,Chicago,Illinois,United States,North America,Social Media
75810,Kimberly Cruz,Female,33,2023-12-08,kimberly.cruz.75810@gmail.com,Los Angeles,California,United States,North America,Email
75814,Susan Rodriguez,Female,24,2022-08-03,susan.rodriguez.75814@gmail.com,Toronto,Ontario,Canada,North America,Organic Search
75817,Bryan Kelly,Non-Binary,41,2023-08-25,bryan.kelly.75817@protonmail.com,Mumbai,Maharashtra,India,Asia-Pacific,Paid Search
75828,Bruce Evans,Male,42,2024-12-05,bruce.evans.75828@gmail.com,Toronto,Ontario,Canada,North America,Paid Search
75852,Bryan Hall,Male,36,2025-10-09,bryan.hall.75852@outlook.com,Seattle,Washington,United States,North America,Social Media
75865,Kevin Thompson,Male,29,2021-04-10,kevin.thompson.75865@gmail.com,Dallas,Texas,United States,North America,Paid Search
75896,Lauren Gutierrez,Female,45,2025-01-04,lauren.gutierrez.75896@icloud.com,London,Greater London,United Kingdom,Europe,Email
75900,Madison Jones,Female,36,2025-05-19,madison.jones.75900@gmail.com,Frankfurt,Hesse,Germany,Europe,Paid Search
75906,Ananya Rodriguez,Female,38,2024-12-20,ananya.rodriguez.75906@outlook.com,Toronto,Ontario,Canada,North America,Organic Search
75908,Thomas Moreau,Male,28,2022-12-19,thomas.moreau.75908@gmail.com,Houston,Texas,United States,North America,Social Media
76012,Jesse Cruz,Male,38,2025-02-16,jesse.cruz.76012@gmail.com,Los Angeles,California,United States,North America,Email
76016,Nicholas Peterson,Male,28,2025-01-03,nicholas.peterson.76016@icloud.com,Lyon,Auvergne-Rhône-Alpes,France,Europe,Email
76082,Gregory Sanchez,Male,42,2025-08-12,gregory.sanchez.76082@gmail.com,Delhi,Delhi,India,Asia-Pacific,Organic Search
76098,Billy Richardson,Non-Binary,29,2024-03-10,billy.richardson.76098@gmail.com,London,Greater London,United Kingdom,Europe,Paid Search
76112,Samuel Anderson,Male,32,2023-05-04,samuel.anderson.76112@outlook.com,Manchester,Greater Manchester,United Kingdom,Europe,Social Media
76121,Leah Castillo,Female,25,2023-07-27,leah.castillo.76121@gmail.com,Los Angeles,California,United States,North America,Organic Search
76155,Leah Baker,Female,25,2024-04-25,leah.baker.76155@icloud.com,Vancouver,British Columbia,Canada,North America,Direct
76188,Charles Kumar,Male,49,2022-08-19,charles.kumar.76188@gmail.com,New York,New York,United States,North America,Social Media
76203,Jean Brown,Female,47,2022-05-23,jean.brown.76203@gmail.com,Delhi,Delhi,India,Asia-Pacific,Social Media
76216,Walter Rodriguez,Male,22,2023-03-10,walter.rodriguez.76216@gmail.com,New York,New York,United States,North America,Paid Search
76219,Elizabeth Bennett,Female,30,2022-11-05,elizabeth.bennett.76219@outlook.com,Miami,Florida,United States,North America,Organic Search
76224,Aanya Ramirez,Female,36,2025-10-25,aanya.ramirez.76224@yahoo.com,Delhi,Delhi,India,Asia-Pacific,Paid Search
76244,Jennifer Castillo,Female,43,2024-07-21,jennifer.castillo.76244@icloud.com,Philadelphia,Pennsylvania,United States,North America,Social Media
76268,Christine Wilson,Female,31,2025-07-08,christine.wilson.76268@gmail.com,Munich,Bavaria,Germany,Europe,Organic Search
76305,Camila Carter,Female,31,2024-07-08,camila.carter.76305@gmail.com,Bengaluru,Karnataka,India,Asia-Pacific,Direct
76321,Gary Anderson,Male,42,2023-05-20,gary.anderson.76321@gmail.com,Chicago,Illinois,United States,North America,Affiliate
76350,Alice Collins,Female,34,2022-06-28,alice.collins.76350@icloud.com,Seattle,Washington,United States,North America,Referral
76352,Shirley Schneider,Female,27,2023-03-08,shirley.schneider.76352@gmail.com,Los Angeles,California,United States,North America,Organic Search
76358,Philip Watson,Male,42,2024-09-18,philip.watson.76358@outlook.com,Bengaluru,Karnataka,India,Asia-Pacific,Referral
76387,Aaron Martinez,Male,34,2025-01-30,aaron.martinez.76387@gmail.com,São Paulo,São Paulo,Brazil,Latin America,Referral
76392,Vincent Morales,Male,45,2023-05-14,vincent.morales.76392@gmail.com,Phoenix,Arizona,United States,North America,Social Media
76399,Benjamin Roberts,Male,30,2024-07-23,benjamin.roberts.76399@yahoo.com,Dallas,Texas,United States,North America,Email
76421,Maria Cooper,Female,54,2025-02-19,maria.cooper.76421@outlook.com,London,Greater London,United Kingdom,Europe,Organic Search
76450,Saanvi Walker,Female,22,2024-05-13,saanvi.walker.76450@gmail.com,Chicago,Illinois,United States,North America,Direct
76482,Aanya James,Female,47,2022-02-28,aanya.james.76482@outlook.com,Vancouver,British Columbia,Canada,North America,Social Media
76483,Maria Clark,Female,35,2024-07-28,maria.clark.76483@gmail.com,Berlin,Berlin,Germany,Europe,Social Media
76538,Logan Carter,Non-Binary,24,2025-03-14,logan.carter.76538@gmail.com,Bengaluru,Karnataka,India,Asia-Pacific,Email
76541,Bradley Nguyen,Male,41,2024-11-14,bradley.nguyen.76541@gmail.com,Chicago,Illinois,United States,North America,Paid Search
76587,Jessica Williams,Non-Binary,36,2022-12-23,jessica.williams.76587@gmail.com,Philadelphia,Pennsylvania,United States,North America,Referral
76598,Kenneth Hernandez,Male,26,2024-02-26,kenneth.hernandez.76598@gmail.com,Melbourne,Victoria,Australia,Asia-Pacific,Social Media
76613,John Hall,Male,22,2021-10-13,john.hall.76613@yahoo.com,Houston,Texas,United States,North America,Social Media
76632,Wayne Torres,Male,33,2025-09-26,wayne.torres.76632@gmail.com,Frankfurt,Hesse,Germany,Europe,Referral
76664,Addison Stewart,Female,36,2023-08-12,addison.stewart.76664@gmail.com,Chicago,Illinois,United States,North America,Organic Search
76667,Amy Anderson,Female,33,2022-06-07,amy.anderson.76667@gmail.com,Los Angeles,California,United States,North America,Organic Search
76677,Jose Cruz,Male,23,2022-09-14,jose.cruz.76677@gmail.com,Paris,Île-de-France,France,Europe,Organic Search
76683,Peter Cooper,Male,39,2023-12-30,peter.cooper.76683@outlook.com,New York,New York,United States,North America,Paid Search
76704,Mark Young,Male,26,2025-03-23,mark.young.76704@yahoo.com,Lyon,Auvergne-Rhône-Alpes,France,Europe,Referral
76713,Michelle Hernandez,Female,46,2023-01-30,michelle.hernandez.76713@yahoo.com,London,Greater London,United Kingdom,Europe,Social Media
76722,Hudson Carter,Male,56,2022-07-12,hudson.carter.76722@gmail.com,Vancouver,British Columbia,Canada,North America,Affiliate
76743,Ellie Castillo,Female,36,2023-02-25,ellie.castillo.76743@gmail.com,Miami,Florida,United States,North America,Direct
76754,Bradley Watson,Male,32,2023-11-07,bradley.watson.76754@gmail.com,Los Angeles,California,United States,North America,Social Media
76772,Matthew Nelson,Male,28,2025-05-07,matthew.nelson.76772@icloud.com,Phoenix,Arizona,United States,North America,Social Media
76805,Andrea Hill,Female,41,2025-05-29,andrea.hill.76805@yahoo.com,São Paulo,São Paulo,Brazil,Latin America,Organic Search
76819,Kenneth Roberts,Male,47,2022-10-10,kenneth.roberts.76819@outlook.com,Chicago,Illinois,United States,North America,Social Media
76825,Stephanie Phillips,Female,56,2024-12-12,stephanie.phillips.76825@gmail.com,London,Greater London,United Kingdom,Europe,Affiliate
76826,Zoey Nelson,Female,28,2024-03-05,zoey.nelson.76826@gmail.com,New York,New York,United States,North America,Email
76829,Hannah Cruz,Female,52,2022-11-04,hannah.cruz.76829@gmail.com,Toronto,Ontario,Canada,North America,Direct
76838,Bruce Howard,Male,29,2025-09-15,bruce.howard.76838@yahoo.com,Melbourne,Victoria,Australia,Asia-Pacific,Organic Search
76847,Jonathan Hall,Male,35,2024-06-22,jonathan.hall.76847@protonmail.com,Los Angeles,California,United States,North America,Organic Search
76853,Benjamin Nguyen,Male,34,2025-03-22,benjamin.nguyen.76853@icloud.com,Los Angeles,California,United States,North America,Organic Search
76879,Steven Morris,Male,27,2025-08-22,steven.morris.76879@gmail.com,Los Angeles,California,United States,North America,Organic Search
76880,Ellie Nelson,Female,24,2025-08-11,ellie.nelson.76880@gmail.com,London,Greater London,United Kingdom,Europe,Organic Search
76896,Joan Evans,Female,31,2023-05-21,joan.evans.76896@gmail.com,Houston,Texas,United States,North America,Organic Search
76899,Virginia Evans,Female,29,2025-10-18,virginia.evans.76899@gmail.com,Delhi,Delhi,India,Asia-Pacific,Paid Search
76905,Hudson Gomez,Male,21,2023-07-22,hudson.gomez.76905@outlook.com,Mumbai,Maharashtra,India,Asia-Pacific,Email
76933,Riley Garcia,Female,36,2024-06-19,riley.garcia.76933@gmail.com,New York,New York,United States,North America,Organic Search
76985,Aubrey Dubois,Female,30,2024-04-16,aubrey.dubois.76985@outlook.com,Los Angeles,California,United States,North America,Social Media
77017,Lily Singh,Female,54,2024-12-22,lily.singh.77017@gmail.com,Paris,Île-de-France,France,Europe,Paid Search
77049,James Thompson,Male,27,2024-06-30,james.thompson.77049@protonmail.com,Munich,Bavaria,Germany,Europe,Organic Search
77077,Charles Perez,Male,32,2025-01-23,charles.perez.77077@gmail.com,Melbourne,Victoria,Australia,Asia-Pacific,Social Media
77094,Zoe Hill,Female,34,2021-12-15,zoe.hill.77094@yahoo.com,Toronto,Ontario,Canada,North America,Social Media
77146,Julia Reed,Female,54,2025-09-15,julia.reed.77146@gmail.com,Houston,Texas,United States,North America,Organic Search
77148,Judith Perez,Female,46,2024-10-20,judith.perez.77148@gmail.com,New York,New York,United States,North America,Paid Search
77158,Gregory Kim,Male,42,2022-09-07,gregory.kim.77158@corporate.org,Vancouver,British Columbia,Canada,North America,Direct
77164,Edward Gutierrez,Male,29,2024-07-28,edward.gutierrez.77164@protonmail.com,Delhi,Delhi,India,Asia-Pacific,Organic Search
77175,Shirley Carter,Female,33,2024-06-11,shirley.carter.77175@icloud.com,Houston,Texas,United States,North America,Social Media
77176,Elijah Mendoza,Male,49,2025-01-23,elijah.mendoza.77176@yahoo.com,Bengaluru,Karnataka,India,Asia-Pacific,Organic Search
77194,Pamela Reyes,Female,40,2024-06-08,pamela.reyes.77194@outlook.com,Chicago,Illinois,United States,North America,Organic Search
77244,Michelle Moore,Female,31,2023-05-10,michelle.moore.77244@gmail.com,New York,New York,United States,North America,Organic Search
77246,Hudson Cox,Male,39,2024-07-28,hudson.cox.77246@outlook.com,Miami,Florida,United States,North America,Paid Search
77250,Kabir Wilson,Male,35,2023-06-06,kabir.wilson.77250@gmail.com,Berlin,Berlin,Germany,Europe,Organic Search
77261,Chloe Bailey,Female,26,2021-08-09,chloe.bailey.77261@gmail.com,Munich,Bavaria,Germany,Europe,Referral
77311,Alexander Perez,Male,36,2021-10-04,alexander.perez.77311@gmail.com,Munich,Bavaria,Germany,Europe,Direct
77316,Frances Cook,Female,25,2022-12-15,frances.cook.77316@outlook.com,Toronto,Ontario,Canada,North America,Organic Search
77329,Leah Hernandez,Female,32,2025-04-24,leah.hernandez.77329@outlook.com,Paris,Île-de-France,France,Europe,Paid Search
77403,Bobby Bennett,Male,42,2023-05-08,bobby.bennett.77403@yahoo.com,Los Angeles,California,United States,North America,Organic Search
77459,David Robinson,Male,28,2024-04-18,david.robinson.77459@gmail.com,New York,New York,United States,North America,Social Media
77469,Luca Miller,Male,46,2024-04-22,luca.miller.77469@gmail.com,Los Angeles,California,United States,North America,Social Media
77475,Leah Mendoza,Female,31,2025-09-02,leah.mendoza.77475@protonmail.com,London,Greater London,United Kingdom,Europe,Affiliate
77480,George Williams,Male,19,2024-01-23,george.williams.77480@gmail.com,Dallas,Texas,United States,North America,Organic Search
77496,Kenneth Patel,Male,42,2024-01-12,kenneth.patel.77496@gmail.com,New York,New York,United States,North America,Email
77515,Walter Harris,Male,34,2023-05-23,walter.harris.77515@gmail.com,Dallas,Texas,United States,North America,Paid Search
77545,Margaret Miller,Female,34,2021-12-19,margaret.miller.77545@gmail.com,Vancouver,British Columbia,Canada,North America,Paid Search
77558,Wayne Peterson,Male,27,2023-06-12,wayne.peterson.77558@gmail.com,São Paulo,São Paulo,Brazil,Latin America,Social Media
77561,Michael Peterson,Male,57,2025-05-10,michael.peterson.77561@gmail.com,Phoenix,Arizona,United States,North America,Social Media
77568,Anna Martin,Female,34,2023-11-24,anna.martin.77568@yahoo.com,Toronto,Ontario,Canada,North America,Referral
77575,Grace Johnson,Female,20,2021-07-22,grace.johnson.77575@gmail.com,Sydney,New South Wales,Australia,Asia-Pacific,Organic Search
77593,Keith Morales,Male,48,2021-08-14,keith.morales.77593@yahoo.com,Chicago,Illinois,United States,North America,Direct
77594,Noah Stewart,Male,23,2022-10-24,noah.stewart.77594@gmail.com,Los Angeles,California,United States,North America,Email
77613,Steven Dubois,Male,18,2022-12-09,steven.dubois.77613@yahoo.com,São Paulo,São Paulo,Brazil,Latin America,Referral
77622,Eugene Rivera,Male,24,2024-08-19,eugene.rivera.77622@gmail.com,Miami,Florida,United States,North America,Organic Search
77653,Elizabeth Smith,Female,39,2024-03-29,elizabeth.smith.77653@gmail.com,Bengaluru,Karnataka,India,Asia-Pacific,Email
77663,Andrea Morris,Female,30,2025-03-28,andrea.morris.77663@yahoo.com,Munich,Bavaria,Germany,Europe,Social Media
77684,Linda Fischer,Female,33,2025-09-02,linda.fischer.77684@gmail.com,Seattle,Washington,United States,North America,Email
77712,Aanya Watson,Female,28,2025-07-20,aanya.watson.77712@icloud.com,Chicago,Illinois,United States,North America,Referral
77721,Myra Martinez,Female,36,2025-04-20,myra.martinez.77721@outlook.com,Delhi,Delhi,India,Asia-Pacific,Social Media
77732,Sophia Weber,Female,72,2023-06-11,sophia.weber.77732@gmail.com,Vancouver,British Columbia,Canada,North America,Organic Search
77777,Pari Alvarez,Female,26,2024-04-16,pari.alvarez.77777@outlook.com,Manchester,Greater Manchester,United Kingdom,Europe,Email
77885,Louis James,Male,50,2024-09-13,louis.james.77885@gmail.com,Toronto,Ontario,Canada,North America,Organic Search
77889,Oliver Chavez,Male,23,2025-06-30,oliver.chavez.77889@yahoo.com,Bengaluru,Karnataka,India,Asia-Pacific,Social Media
77909,Joseph Torres,Male,29,2021-10-28,joseph.torres.77909@icloud.com,Atlanta,Georgia,United States,North America,Social Media
77927,Arthur Dubois,Male,71,2022-10-19,arthur.dubois.77927@gmail.com,Berlin,Berlin,Germany,Europe,Organic Search
77931,Anna Patel,Non-Binary,44,2023-11-06,anna.patel.77931@gmail.com,Manchester,Greater Manchester,United Kingdom,Europe,Affiliate
77962,Lily Rogers,Female,33,2025-03-04,lily.rogers.77962@icloud.com,Mumbai,Maharashtra,India,Asia-Pacific,Paid Search
77988,William Young,Male,35,2024-02-23,william.young.77988@outlook.com,Mumbai,Maharashtra,India,Asia-Pacific,Paid Search
78017,Mateo Sanders,Male,19,2025-01-15,mateo.sanders.78017@outlook.com,Houston,Texas,United States,North America,Email
78059,Alice Young,Female,31,2024-08-24,alice.young.78059@gmail.com,Munich,Bavaria,Germany,Europe,Paid Search
78061,Vincent Alvarez,Non-Binary,50,2023-04-10,vincent.alvarez.78061@outlook.com,Lyon,Auvergne-Rhône-Alpes,France,Europe,Organic Search
78194,Megan Wood,Non-Binary,60,2023-09-07,megan.wood.78194@gmail.com,Los Angeles,California,United States,North America,Social Media
78199,Judith Carter,Female,39,2025-08-28,judith.carter.78199@outlook.com,Vancouver,British Columbia,Canada,North America,Email
78226,Donna Wagner,Female,23,2025-08-04,donna.wagner.78226@outlook.com,Manchester,Greater Manchester,United Kingdom,Europe,Direct
78239,Amanda Brown,Female,31,2025-01-21,amanda.brown.78239@gmail.com,Houston,Texas,United States,North America,Social Media
78242,Emily Cruz,Female,54,2023-02-26,emily.cruz.78242@gmail.com,Bengaluru,Karnataka,India,Asia-Pacific,Email
78261,Dennis Becker,Male,37,2024-09-02,dennis.becker.78261@gmail.com,Sydney,New South Wales,Australia,Asia-Pacific,Email
78288,Joseph Meyer,Male,38,2025-02-13,joseph.meyer.78288@outlook.com,Houston,Texas,United States,North America,Organic Search
78389,Hannah Castillo,Female,32,2023-06-10,hannah.castillo.78389@gmail.com,London,Greater London,United Kingdom,Europe,Direct
78397,Judith Edwards,Female,28,2025-03-04,judith.edwards.78397@gmail.com,Berlin,Berlin,Germany,Europe,Email
78420,Nora Roberts,Female,44,2024-04-01,nora.roberts.78420@yahoo.com,Los Angeles,California,United States,North America,Organic Search
78511,Betty Bailey,Female,44,2024-04-27,betty.bailey.78511@gmail.com,Melbourne,Victoria,Australia,Asia-Pacific,Paid Search
78529,Amanda Green,Female,37,2025-04-15,amanda.green.78529@gmail.com,Los Angeles,California,United States,North America,Organic Search
78530,Brian Kumar,Male,37,2024-01-30,brian.kumar.78530@gmail.com,São Paulo,São Paulo,Brazil,Latin America,Social Media
78532,Brandon Carter,Male,33,2022-05-26,brandon.carter.78532@gmail.com,London,Greater London,United Kingdom,Europe,Organic Search
78570,Janice Verma,Female,23,2021-12-19,janice.verma.78570@gmail.com,Toronto,Ontario,Canada,North America,Paid Search
78575,Riley Sanchez,Female,24,2024-12-07,riley.sanchez.78575@outlook.com,Los Angeles,California,United States,North America,Organic Search
78579,Kabir Peterson,Male,33,2025-05-05,kabir.peterson.78579@gmail.com,Los Angeles,California,United States,North America,Referral
78586,Janice Ramos,Female,29,2025-08-03,janice.ramos.78586@gmail.com,Mumbai,Maharashtra,India,Asia-Pacific,Organic Search
78664,Helen Robinson,Female,40,2024-06-01,helen.robinson.78664@icloud.com,New York,New York,United States,North America,Email
78677,Jesse Peterson,Male,25,2025-02-27,jesse.peterson.78677@outlook.com,Los Angeles,California,United States,North America,Paid Search
78683,Jacqueline Ward,Female,47,2021-04-24,jacqueline.ward.78683@outlook.com,Bengaluru,Karnataka,India,Asia-Pacific,Social Media
78691,Donald Green,Male,46,2023-11-11,donald.green.78691@gmail.com,Bengaluru,Karnataka,India,Asia-Pacific,Organic Search
78730,Stephanie Wilson,Female,31,2024-06-28,stephanie.wilson.78730@gmail.com,Los Angeles,California,United States,North America,Referral
78757,Janet Cox,Female,26,2024-10-31,janet.cox.78757@icloud.com,Vancouver,British Columbia,Canada,North America,Paid Search
78786,Joyce Castillo,Female,22,2022-07-14,joyce.castillo.78786@gmail.com,Chicago,Illinois,United States,North America,Organic Search
78817,Mary Cox,Female,32,2024-10-05,mary.cox.78817@outlook.com,Miami,Florida,United States,North America,Paid Search
78857,Janet Bennett,Non-Binary,49,2024-12-25,janet.bennett.78857@gmail.com,Munich,Bavaria,Germany,Europe,Paid Search
78876,Jose Cooper,Male,50,2023-05-01,jose.cooper.78876@yahoo.com,Mumbai,Maharashtra,India,Asia-Pacific,Social Media
78905,Reyansh Bennett,Male,49,2022-05-01,reyansh.bennett.78905@yahoo.com,Los Angeles,California,United States,North America,Organic Search
78949,Martha Howard,Female,44,2025-06-16,martha.howard.78949@gmail.com,Houston,Texas,United States,North America,Organic Search
78954,Karen Sanders,Female,45,2025-10-30,karen.sanders.78954@outlook.com,Mumbai,Maharashtra,India,Asia-Pacific,Paid Search
78960,Martha Gomez,Female,22,2025-09-27,martha.gomez.78960@outlook.com,Toronto,Ontario,Canada,North America,Email
79006,Emily Davies,Female,28,2025-07-14,emily.davies.79006@outlook.com,São Paulo,São Paulo,Brazil,Latin America,Organic Search
79030,Saanvi Carter,Female,50,2024-07-14,saanvi.carter.79030@gmail.com,London,Greater London,United Kingdom,Europe,Social Media
79128,Debra Sharma,Female,41,2025-09-09,debra.sharma.79128@corporate.org,Frankfurt,Hesse,Germany,Europe,Social Media
79148,Zoe Nguyen,Female,35,2024-09-28,zoe.nguyen.79148@gmail.com,Los Angeles,California,United States,North America,Affiliate
79156,Elizabeth Rao,Female,44,2023-03-30,elizabeth.rao.79156@gmail.com,New York,New York,United States,North America,Email
79197,Navya Howard,Female,36,2021-04-26,navya.howard.79197@gmail.com,Phoenix,Arizona,United States,North America,Paid Search
79202,Pari Davis,Female,32,2024-07-12,pari.davis.79202@gmail.com,Chicago,Illinois,United States,North America,Affiliate
79225,Jennifer Johnson,Non-Binary,40,2025-03-12,jennifer.johnson.79225@gmail.com,Mumbai,Maharashtra,India,Asia-Pacific,Paid Search
79264,Eric Richardson,Male,42,2024-11-03,eric.richardson.79264@gmail.com,Philadelphia,Pennsylvania,United States,North America,Organic Search
79310,Gloria Nelson,Female,47,2022-06-04,gloria.nelson.79310@outlook.com,Paris,Île-de-France,France,Europe,Organic Search
79324,Matthew Johnson,Male,38,2021-09-18,matthew.johnson.79324@outlook.com,London,Greater London,United Kingdom,Europe,Referral
79376,Stephen King,Male,35,2024-05-01,stephen.king.79376@gmail.com,Bengaluru,Karnataka,India,Asia-Pacific,Paid Search
79393,Kyle Rogers,Male,34,2024-01-13,kyle.rogers.79393@gmail.com,Toronto,Ontario,Canada,North America,Email
79401,Abigail Scott,Female,60,2021-08-17,abigail.scott.79401@gmail.com,Los Angeles,California,United States,North America,Paid Search
79415,Mary Gonzalez,Female,53,2024-08-10,mary.gonzalez.79415@yahoo.com,Los Angeles,California,United States,North America,Referral
79432,Martha Moreau,Female,34,2022-08-04,martha.moreau.79432@outlook.com,Dallas,Texas,United States,North America,Social Media
79441,Helen Gutierrez,Female,58,2024-07-10,helen.gutierrez.79441@gmail.com,London,Greater London,United Kingdom,Europe,Direct
79447,Jose Adams,Male,63,2022-04-18,jose.adams.79447@icloud.com,Los Angeles,California,United States,North America,Paid Search
79467,Theo Rivera,Male,40,2022-01-28,theo.rivera.79467@icloud.com,New York,New York,United States,North America,Organic Search
79470,Pamela Reyes,Female,23,2024-08-12,pamela.reyes.79470@gmail.com,Miami,Florida,United States,North America,Organic Search
79477,Lisa Becker,Female,42,2023-05-18,lisa.becker.79477@gmail.com,Philadelphia,Pennsylvania,United States,North America,Direct
79496,Emma Thomas,Female,18,2021-12-02,emma.thomas.79496@gmail.com,Munich,Bavaria,Germany,Europe,Email
79498,Wayne Becker,Male,30,2023-06-18,wayne.becker.79498@yahoo.com,Melbourne,Victoria,Australia,Asia-Pacific,Paid Search
79546,Frank Davis,Male,20,2025-04-08,frank.davis.79546@icloud.com,New York,New York,United States,North America,Organic Search
79563,Julie Baker,Female,24,2024-02-06,julie.baker.79563@gmail.com,São Paulo,São Paulo,Brazil,Latin America,Organic Search
79567,Aria Nguyen,Female,35,2025-08-08,aria.nguyen.79567@gmail.com,Bengaluru,Karnataka,India,Asia-Pacific,Social Media
79582,Diane Sanchez,Female,24,2025-04-29,diane.sanchez.79582@yahoo.com,Toronto,Ontario,Canada,North America,Direct
79588,Dylan Garcia,Male,34,2022-06-23,dylan.garcia.79588@gmail.com,Berlin,Berlin,Germany,Europe,Referral
79595,Katherine Davis,Female,21,2025-02-14,katherine.davis.79595@gmail.com,Vancouver,British Columbia,Canada,North America,Social Media
79606,Sharon Sharma,Female,22,2022-07-23,sharon.sharma.79606@gmail.com,Vancouver,British Columbia,Canada,North America,Organic Search
79680,Aria Diaz,Female,56,2025-10-01,aria.diaz.79680@yahoo.com,Birmingham,West Midlands,United Kingdom,Europe,Social Media
79696,Timothy Ramos,Male,53,2024-04-25,timothy.ramos.79696@gmail.com,Mumbai,Maharashtra,India,Asia-Pacific,Paid Search
79705,Kenneth Fischer,Male,53,2023-04-06,kenneth.fischer.79705@gmail.com,Sydney,New South Wales,Australia,Asia-Pacific,Direct
79730,Ryan Gutierrez,Male,32,2021-06-22,ryan.gutierrez.79730@corporate.org,New York,New York,United States,North America,Organic Search
79751,Sophia King,Female,33,2024-12-10,sophia.king.79751@gmail.com,Philadelphia,Pennsylvania,United States,North America,Paid Search
79764,Ellie Peterson,Female,23,2023-10-20,ellie.peterson.79764@gmail.com,Mumbai,Maharashtra,India,Asia-Pacific,Email
79815,Dennis Verma,Male,43,2024-08-08,dennis.verma.79815@outlook.com,Atlanta,Georgia,United States,North America,Organic Search
79841,Diane Gupta,Female,40,2025-10-17,diane.gupta.79841@gmail.com,Mumbai,Maharashtra,India,Asia-Pacific,Email
79842,Janice Howard,Female,34,2023-01-11,janice.howard.79842@gmail.com,Toronto,Ontario,Canada,North America,Social Media
79853,Saanvi Gomez,Female,36,2023-09-20,saanvi.gomez.79853@gmail.com,Sydney,New South Wales,Australia,Asia-Pacific,Organic Search
79858,Abigail Garcia,Female,42,2025-02-02,abigail.garcia.79858@gmail.com,Berlin,Berlin,Germany,Europe,Direct
79867,Kevin Ramirez,Male,48,2025-01-30,kevin.ramirez.79867@icloud.com,Birmingham,West Midlands,United Kingdom,Europe,Paid Search
79908,Mary Becker,Female,49,2023-08-05,mary.becker.79908@yahoo.com,Mexico City,CDMX,Mexico,Latin America,Social Media
79921,Evelyn Allen,Female,37,2024-07-20,evelyn.allen.79921@gmail.com,Los Angeles,California,United States,North America,Organic Search
79943,Samantha Scott,Female,25,2023-07-03,samantha.scott.79943@gmail.com,New York,New York,United States,North America,Paid Search
79962,Jesse Martin,Male,31,2025-01-11,jesse.martin.79962@yahoo.com,New York,New York,United States,North America,Social Media
79967,Carl Murphy,Male,30,2024-12-08,carl.murphy.79967@outlook.com,Phoenix,Arizona,United States,North America,Social Media
79970,Kevin Kelly,Male,41,2025-01-07,kevin.kelly.79970@gmail.com,London,Greater London,United Kingdom,Europe,Organic Search
79986,Jessica Richardson,Female,63,2025-10-17,jessica.richardson.79986@protonmail.com,Mumbai,Maharashtra,India,Asia-Pacific,Email
79998,Steven Mendoza,Male,39,2025-04-05,steven.mendoza.79998@gmail.com,Los Angeles,California,United States,North America,Social Media
80020,Myra Hall,Female,43,2025-02-11,myra.hall.80020@outlook.com,Paris,Île-de-France,France,Europe,Organic Search
80028,Julie Alvarez,Female,36,2024-01-09,julie.alvarez.80028@gmail.com,Mumbai,Maharashtra,India,Asia-Pacific,Organic Search
80031,Sai Ward,Male,38,2023-12-06,sai.ward.80031@yahoo.com,Philadelphia,Pennsylvania,United States,North America,Organic Search
80032,Saanvi Miller,Female,56,2024-06-11,saanvi.miller.80032@outlook.com,Delhi,Delhi,India,Asia-Pacific,Organic Search
80053,Carol Jones,Female,22,2024-11-04,carol.jones.80053@outlook.com,Mumbai,Maharashtra,India,Asia-Pacific,Referral
80065,Gregory Scott,Male,47,2022-11-08,gregory.scott.80065@outlook.com,Dallas,Texas,United States,North America,Organic Search
80071,Rebecca Cooper,Female,38,2022-10-10,rebecca.cooper.80071@gmail.com,Philadelphia,Pennsylvania,United States,North America,Organic Search
80086,Oliver Ramos,Male,35,2024-01-13,oliver.ramos.80086@outlook.com,Atlanta,Georgia,United States,North America,Email
80168,Carolyn Wilson,Female,58,2023-10-02,carolyn.wilson.80168@outlook.com,Dallas,Texas,United States,North America,Social Media
80188,Evelyn Baker,Female,69,2024-03-12,evelyn.baker.80188@gmail.com,New York,New York,United States,North America,Social Media
80219,Laura Adams,Female,25,2023-08-31,laura.adams.80219@protonmail.com,Paris,Île-de-France,France,Europe,Referral
80274,Olivia Gutierrez,Female,38,2023-02-11,olivia.gutierrez.80274@outlook.com,Los Angeles,California,United States,North America,Paid Search
80277,Kathleen James,Female,39,2022-08-05,kathleen.james.80277@gmail.com,Mumbai,Maharashtra,India,Asia-Pacific,Social Media
80282,Alan Wagner,Male,40,2024-12-12,alan.wagner.80282@gmail.com,Chicago,Illinois,United States,North America,Social Media
80295,Janice Thomas,Female,62,2021-11-10,janice.thomas.80295@gmail.com,Chicago,Illinois,United States,North America,Social Media
80313,Karen Williams,Female,48,2023-08-19,karen.williams.80313@outlook.com,Miami,Florida,United States,North America,Paid Search
80315,Megan Peterson,Female,33,2025-04-13,megan.peterson.80315@gmail.com,Chicago,Illinois,United States,North America,Email
80319,Lillian Hall,Female,38,2024-02-24,lillian.hall.80319@yahoo.com,Mumbai,Maharashtra,India,Asia-Pacific,Affiliate
80335,Mark Evans,Male,25,2023-11-14,mark.evans.80335@gmail.com,London,Greater London,United Kingdom,Europe,Paid Search
80361,Michael Wright,Male,58,2025-06-01,michael.wright.80361@gmail.com,Miami,Florida,United States,North America,Social Media
80397,Victoria Evans,Female,44,2021-02-26,victoria.evans.80397@gmail.com,London,Greater London,United Kingdom,Europe,Email
80422,Brian Parker,Male,25,2022-05-19,brian.parker.80422@gmail.com,Mexico City,CDMX,Mexico,Latin America,Paid Search
80478,Emily Gupta,Female,25,2025-01-29,emily.gupta.80478@outlook.com,Mexico City,CDMX,Mexico,Latin America,Referral
80490,Penelope Thomas,Female,53,2025-07-25,penelope.thomas.80490@gmail.com,Toronto,Ontario,Canada,North America,Social Media
80506,Jennifer Verma,Female,32,2024-08-22,jennifer.verma.80506@outlook.com,Paris,Île-de-France,France,Europe,Social Media
80533,Madison Lee,Female,18,2022-03-03,madison.lee.80533@yahoo.com,Chicago,Illinois,United States,North America,Referral
80629,Penelope Lee,Female,32,2023-05-27,penelope.lee.80629@gmail.com,Manchester,Greater Manchester,United Kingdom,Europe,Paid Search
80630,Grace Torres,Female,33,2023-12-27,grace.torres.80630@outlook.com,Mumbai,Maharashtra,India,Asia-Pacific,Referral
80637,Vihaan Nguyen,Male,28,2023-04-05,vihaan.nguyen.80637@gmail.com,Mumbai,Maharashtra,India,Asia-Pacific,Social Media
80657,Natalie Martin,Non-Binary,35,2024-12-30,natalie.martin.80657@gmail.com,Frankfurt,Hesse,Germany,Europe,Paid Search
80691,Addison Lee,Non-Binary,21,2021-07-15,addison.lee.80691@gmail.com,Vancouver,British Columbia,Canada,North America,Social Media
80706,Riley Watson,Female,43,2025-02-25,riley.watson.80706@gmail.com,New York,New York,United States,North America,Organic Search
80733,Justin Diaz,Male,36,2023-03-06,justin.diaz.80733@outlook.com,New York,New York,United States,North America,Direct
80832,Penelope Walker,Female,46,2023-07-15,penelope.walker.80832@gmail.com,Atlanta,Georgia,United States,North America,Organic Search
80860,Sara Brooks,Female,37,2023-10-22,sara.brooks.80860@yahoo.com,Berlin,Berlin,Germany,Europe,Social Media
80883,Joshua Martinez,Male,36,2024-06-29,joshua.martinez.80883@gmail.com,Bengaluru,Karnataka,India,Asia-Pacific,Social Media
80921,Gregory Clark,Male,32,2025-10-05,gregory.clark.80921@gmail.com,Los Angeles,California,United States,North America,Social Media
80951,Billy Mitchell,Male,21,2023-12-31,billy.mitchell.80951@gmail.com,Seattle,Washington,United States,North America,Social Media
80962,Dylan Patel,Male,36,2025-09-18,dylan.patel.80962@gmail.com,Mumbai,Maharashtra,India,Asia-Pacific,Social Media
80984,Zachary Davies,Male,49,2023-02-02,zachary.davies.80984@gmail.com,Seattle,Washington,United States,North America,Email
81056,Riley Cooper,Female,38,2025-01-23,riley.cooper.81056@gmail.com,London,Greater London,United Kingdom,Europe,Direct
81075,Louis Martin,Male,50,2025-06-16,louis.martin.81075@gmail.com,New York,New York,United States,North America,Paid Search
81147,Bradley Ramirez,Male,25,2022-11-21,bradley.ramirez.81147@yahoo.com,Phoenix,Arizona,United States,North America,Affiliate
81158,Vivaan Dubois,Male,28,2022-03-24,vivaan.dubois.81158@gmail.com,London,Greater London,United Kingdom,Europe,Paid Search
81164,Diya Robinson,Female,18,2025-09-15,diya.robinson.81164@gmail.com,Miami,Florida,United States,North America,Social Media
81197,Navya Brooks,Female,41,2025-09-17,navya.brooks.81197@protonmail.com,Houston,Texas,United States,North America,Social Media
81233,Heather Diaz,Female,43,2025-06-08,heather.diaz.81233@corporate.org,Bengaluru,Karnataka,India,Asia-Pacific,Direct
81242,Chloe White,Female,48,2021-11-21,chloe.white.81242@outlook.com,Chicago,Illinois,United States,North America,Organic Search
81260,Walter Wood,Male,39,2024-03-01,walter.wood.81260@gmail.com,Delhi,Delhi,India,Asia-Pacific,Social Media
81289,Jennifer Adams,Female,35,2022-03-30,jennifer.adams.81289@icloud.com,Atlanta,Georgia,United States,North America,Organic Search
81290,Charles Wood,Male,31,2024-12-12,charles.wood.81290@icloud.com,Atlanta,Georgia,United States,North America,Email
81343,Sophia Evans,Female,44,2023-04-11,sophia.evans.81343@gmail.com,London,Greater London,United Kingdom,Europe,Organic Search
81366,Amy Lee,Female,39,2023-03-08,amy.lee.81366@outlook.com,Melbourne,Victoria,Australia,Asia-Pacific,Paid Search
81375,Jacob Flores,Male,36,2025-09-27,jacob.flores.81375@icloud.com,Phoenix,Arizona,United States,North America,Referral
81381,Vincent Gonzalez,Non-Binary,27,2024-05-23,vincent.gonzalez.81381@gmail.com,Birmingham,West Midlands,United Kingdom,Europe,Paid Search
81392,Arjun Richardson,Male,28,2022-03-02,arjun.richardson.81392@gmail.com,Chicago,Illinois,United States,North America,Email
81411,James Evans,Male,39,2023-02-09,james.evans.81411@gmail.com,Seattle,Washington,United States,North America,Email
81417,Roger Wood,Male,20,2025-03-22,roger.wood.81417@gmail.com,Mumbai,Maharashtra,India,Asia-Pacific,Paid Search
81433,Gabriel Verma,Male,19,2023-05-19,gabriel.verma.81433@gmail.com,Sydney,New South Wales,Australia,Asia-Pacific,Referral
81470,Kelly Sanchez,Female,31,2024-10-11,kelly.sanchez.81470@outlook.com,Mumbai,Maharashtra,India,Asia-Pacific,Email
81487,Aria Patel,Female,45,2025-10-19,aria.patel.81487@outlook.com,London,Greater London,United Kingdom,Europe,Organic Search
81489,Natalie Hill,Female,56,2024-02-14,natalie.hill.81489@icloud.com,Mexico City,CDMX,Mexico,Latin America,Organic Search
81494,Aubrey Peterson,Female,40,2023-09-19,aubrey.peterson.81494@gmail.com,Seattle,Washington,United States,North America,Organic Search
81521,Sarah Wood,Female,22,2025-09-02,sarah.wood.81521@yahoo.com,Melbourne,Victoria,Australia,Asia-Pacific,Affiliate
81526,Barbara Gomez,Non-Binary,40,2023-05-04,barbara.gomez.81526@outlook.com,New York,New York,United States,North America,Social Media
81527,Grace Morales,Female,37,2023-12-31,grace.morales.81527@gmail.com,Dallas,Texas,United States,North America,Direct
81556,Gabriel Morales,Male,20,2023-08-15,gabriel.morales.81556@gmail.com,London,Greater London,United Kingdom,Europe,Organic Search
81591,Gabriel Castillo,Male,27,2021-09-08,gabriel.castillo.81591@gmail.com,Phoenix,Arizona,United States,North America,Organic Search
81632,Lily Jackson,Female,53,2023-05-30,lily.jackson.81632@gmail.com,Philadelphia,Pennsylvania,United States,North America,Affiliate
81642,James Alvarez,Non-Binary,42,2022-03-23,james.alvarez.81642@outlook.com,Berlin,Berlin,Germany,Europe,Email
81648,Tyler James,Male,43,2023-04-09,tyler.james.81648@gmail.com,Houston,Texas,United States,North America,Email
81649,Maria Adams,Female,35,2022-05-04,maria.adams.81649@outlook.com,Bengaluru,Karnataka,India,Asia-Pacific,Organic Search
81680,Karen Jackson,Female,49,2025-08-19,karen.jackson.81680@gmail.com,Miami,Florida,United States,North America,Paid Search
81694,Kyle Johnson,Male,49,2025-08-03,kyle.johnson.81694@protonmail.com,Lyon,Auvergne-Rhône-Alpes,France,Europe,Paid Search
81697,Ryan Chavez,Male,24,2025-03-22,ryan.chavez.81697@gmail.com,Manchester,Greater Manchester,United Kingdom,Europe,Affiliate
81728,Sandra Murphy,Female,18,2023-10-18,sandra.murphy.81728@icloud.com,New York,New York,United States,North America,Referral
81733,Cynthia Gomez,Female,46,2023-07-05,cynthia.gomez.81733@outlook.com,New York,New York,United States,North America,Paid Search
81743,Eric Alvarez,Male,50,2021-03-26,eric.alvarez.81743@gmail.com,Chicago,Illinois,United States,North America,Direct
81748,Arjun Allen,Male,38,2023-06-05,arjun.allen.81748@gmail.com,New York,New York,United States,North America,Organic Search
81751,Stephen Hernandez,Male,18,2025-05-14,stephen.hernandez.81751@gmail.com,Phoenix,Arizona,United States,North America,Paid Search
81752,Eugene Hill,Male,55,2025-03-23,eugene.hill.81752@gmail.com,Dallas,Texas,United States,North America,Organic Search
81759,Gloria Ward,Female,44,2021-03-30,gloria.ward.81759@gmail.com,Los Angeles,California,United States,North America,Paid Search
81766,Dylan Watson,Male,47,2022-03-16,dylan.watson.81766@gmail.com,Chicago,Illinois,United States,North America,Organic Search
81785,Heather Nelson,Female,35,2022-12-05,heather.nelson.81785@gmail.com,Los Angeles,California,United States,North America,Email
81818,Debra Young,Female,48,2024-05-16,debra.young.81818@gmail.com,Bengaluru,Karnataka,India,Asia-Pacific,Paid Search
81825,Katherine Rivera,Female,35,2022-06-30,katherine.rivera.81825@gmail.com,Toronto,Ontario,Canada,North America,Paid Search
81835,Ellie Campbell,Female,30,2024-07-07,ellie.campbell.81835@protonmail.com,Mumbai,Maharashtra,India,Asia-Pacific,Social Media
81841,Margaret Green,Female,44,2023-03-29,margaret.green.81841@gmail.com,Paris,Île-de-France,France,Europe,Organic Search
81845,Ananya Adams,Female,18,2024-11-12,ananya.adams.81845@gmail.com,Houston,Texas,United States,North America,Paid Search
81848,Robert Roberts,Male,35,2025-04-05,robert.roberts.81848@yahoo.com,Berlin,Berlin,Germany,Europe,Paid Search
81908,Michael Flores,Male,39,2024-03-21,michael.flores.81908@gmail.com,Vancouver,British Columbia,Canada,North America,Organic Search
81917,Shirley Moore,Female,47,2025-07-24,shirley.moore.81917@outlook.com,Miami,Florida,United States,North America,Referral
81919,Joshua Allen,Male,36,2023-06-10,joshua.allen.81919@gmail.com,Berlin,Berlin,Germany,Europe,Affiliate
81935,Amy Harris,Female,43,2024-04-28,amy.harris.81935@gmail.com,Toronto,Ontario,Canada,North America,Paid Search
81942,Gerald Walker,Male,49,2025-06-10,gerald.walker.81942@outlook.com,Mumbai,Maharashtra,India,Asia-Pacific,Email
81965,Aditya Ramos,Male,25,2024-10-14,aditya.ramos.81965@gmail.com,London,Greater London,United Kingdom,Europe,Email
81968,Julia Peterson,Female,41,2025-06-22,julia.peterson.81968@icloud.com,Sydney,New South Wales,Australia,Asia-Pacific,Paid Search
81985,Ellie Ortiz,Female,51,2025-03-28,ellie.ortiz.81985@yahoo.com,Houston,Texas,United States,North America,Social Media
82050,Susan Parker,Female,44,2021-07-14,susan.parker.82050@gmail.com,Dallas,Texas,United States,North America,Social Media
82078,Nora Kelly,Female,23,2022-04-01,nora.kelly.82078@yahoo.com,Munich,Bavaria,Germany,Europe,Paid Search
82087,Diane Lee,Female,50,2025-08-26,diane.lee.82087@outlook.com,London,Greater London,United Kingdom,Europe,Organic Search
82171,Adam Brown,Male,32,2025-03-25,adam.brown.82171@outlook.com,Sydney,New South Wales,Australia,Asia-Pacific,Social Media
82173,Amy Rivera,Female,44,2025-03-23,amy.rivera.82173@yahoo.com,Miami,Florida,United States,North America,Organic Search
82185,Thomas Sanders,Male,42,2024-05-03,thomas.sanders.82185@yahoo.com,New York,New York,United States,North America,Organic Search
82194,Avani Alvarez,Female,34,2024-08-10,avani.alvarez.82194@outlook.com,Bengaluru,Karnataka,India,Asia-Pacific,Organic Search
82205,Ethan Hall,Male,27,2025-06-17,ethan.hall.82205@yahoo.com,Delhi,Delhi,India,Asia-Pacific,Referral
82215,Victoria Evans,Female,20,2025-05-29,victoria.evans.82215@outlook.com,Vancouver,British Columbia,Canada,North America,Social Media
82224,Victoria Mitchell,Female,41,2022-05-19,victoria.mitchell.82224@icloud.com,Delhi,Delhi,India,Asia-Pacific,Direct
82310,Billy Ramirez,Male,37,2023-05-01,billy.ramirez.82310@gmail.com,New York,New York,United States,North America,Email
82318,Ethan White,Male,30,2025-07-16,ethan.white.82318@gmail.com,São Paulo,São Paulo,Brazil,Latin America,Referral
82343,Patrick Garcia,Male,51,2023-07-03,patrick.garcia.82343@gmail.com,New York,New York,United States,North America,Referral
82373,Heather Young,Female,49,2021-11-30,heather.young.82373@gmail.com,Vancouver,British Columbia,Canada,North America,Paid Search
82386,David Evans,Male,23,2023-12-04,david.evans.82386@icloud.com,London,Greater London,United Kingdom,Europe,Paid Search
82399,Carol Sanders,Female,25,2024-06-15,carol.sanders.82399@outlook.com,Seattle,Washington,United States,North America,Paid Search
82414,Maria Morgan,Female,32,2024-06-13,maria.morgan.82414@gmail.com,Birmingham,West Midlands,United Kingdom,Europe,Affiliate
82427,Jose Jones,Male,35,2024-04-19,jose.jones.82427@outlook.com,Sydney,New South Wales,Australia,Asia-Pacific,Organic Search
82444,Randy Stewart,Male,43,2025-01-27,randy.stewart.82444@outlook.com,Chicago,Illinois,United States,North America,Organic Search
82449,Ellie Martinez,Female,43,2024-06-26,ellie.martinez.82449@gmail.com,Toronto,Ontario,Canada,North America,Direct
82468,Victoria Morgan,Female,30,2024-10-27,victoria.morgan.82468@gmail.com,Phoenix,Arizona,United States,North America,Paid Search
82499,Penelope Flores,Female,22,2025-06-20,penelope.flores.82499@protonmail.com,Sydney,New South Wales,Australia,Asia-Pacific,Organic Search
82506,Luca Rivera,Male,53,2025-04-23,luca.rivera.82506@gmail.com,Toronto,Ontario,Canada,North America,Organic Search
82573,Paul Garcia,Male,29,2024-11-23,paul.garcia.82573@gmail.com,Seattle,Washington,United States,North America,Affiliate
82575,Aubrey Bailey,Female,36,2024-08-09,aubrey.bailey.82575@yahoo.com,Munich,Bavaria,Germany,Europe,Paid Search
82601,Rebecca King,Female,43,2024-11-05,rebecca.king.82601@gmail.com,Delhi,Delhi,India,Asia-Pacific,Social Media
82610,Michelle Alvarez,Female,38,2025-08-24,michelle.alvarez.82610@icloud.com,Toronto,Ontario,Canada,North America,Organic Search
82625,Avani Turner,Female,35,2022-09-20,avani.turner.82625@gmail.com,Seattle,Washington,United States,North America,Email
82638,Sarah Harris,Female,32,2025-06-23,sarah.harris.82638@outlook.com,Mumbai,Maharashtra,India,Asia-Pacific,Email
82646,Isha Allen,Female,46,2023-03-07,isha.allen.82646@gmail.com,Berlin,Berlin,Germany,Europe,Social Media
82665,Theo Weber,Male,36,2022-06-07,theo.weber.82665@gmail.com,Houston,Texas,United States,North America,Social Media
82711,Hudson King,Male,40,2024-01-27,hudson.king.82711@yahoo.com,Atlanta,Georgia,United States,North America,Paid Search
82774,Janet Brown,Female,25,2022-08-15,janet.brown.82774@gmail.com,London,Greater London,United Kingdom,Europe,Social Media
82790,Johnny Cruz,Male,39,2025-10-13,johnny.cruz.82790@yahoo.com,Toronto,Ontario,Canada,North America,Organic Search
82798,Michael Ramos,Male,35,2022-12-09,michael.ramos.82798@corporate.org,Los Angeles,California,United States,North America,Paid Search
82801,Jerry Castillo,Male,28,2025-03-28,jerry.castillo.82801@gmail.com,New York,New York,United States,North America,Paid Search
82825,Vincent Richardson,Male,22,2022-03-04,vincent.richardson.82825@gmail.com,Berlin,Berlin,Germany,Europe,Referral
82832,Aubrey Kelly,Female,38,2024-04-03,aubrey.kelly.82832@icloud.com,New York,New York,United States,North America,Affiliate
82848,Dennis Evans,Male,37,2024-06-20,dennis.evans.82848@gmail.com,Los Angeles,California,United States,North America,Organic Search
82871,Austin Ramirez,Male,28,2021-05-26,austin.ramirez.82871@gmail.com,Chicago,Illinois,United States,North America,Referral
82896,Riley Kelly,Female,33,2022-11-30,riley.kelly.82896@protonmail.com,Mumbai,Maharashtra,India,Asia-Pacific,Paid Search
82974,Gregory Mendoza,Male,27,2024-08-02,gregory.mendoza.82974@gmail.com,Vancouver,British Columbia,Canada,North America,Organic Search
82996,Matthew Bailey,Male,49,2025-10-20,matthew.bailey.82996@icloud.com,Bengaluru,Karnataka,India,Asia-Pacific,Referral
83013,Walter Edwards,Male,29,2024-05-28,walter.edwards.83013@yahoo.com,Toronto,Ontario,Canada,North America,Affiliate
83018,Robert Rodriguez,Male,22,2022-05-16,robert.rodriguez.83018@protonmail.com,Munich,Bavaria,Germany,Europe,Direct
83065,Madison Scott,Female,32,2025-02-27,madison.scott.83065@gmail.com,Melbourne,Victoria,Australia,Asia-Pacific,Affiliate
83125,Alice Moreau,Female,34,2022-01-27,alice.moreau.83125@outlook.com,Melbourne,Victoria,Australia,Asia-Pacific,Social Media
83139,Leo Ortiz,Male,40,2021-09-08,leo.ortiz.83139@yahoo.com,New York,New York,United States,North America,Direct
83172,Patrick Wilson,Male,20,2022-09-14,patrick.wilson.83172@gmail.com,Lyon,Auvergne-Rhône-Alpes,France,Europe,Organic Search
83200,Natalie Morgan,Female,42,2022-06-23,natalie.morgan.83200@gmail.com,Los Angeles,California,United States,North America,Email
83208,Judith Clark,Female,36,2023-03-16,judith.clark.83208@gmail.com,Mumbai,Maharashtra,India,Asia-Pacific,Social Media
83225,Cynthia Cook,Female,22,2025-03-20,cynthia.cook.83225@icloud.com,Chicago,Illinois,United States,North America,Email
83227,Roy Patel,Non-Binary,69,2025-05-15,roy.patel.83227@outlook.com,New York,New York,United States,North America,Organic Search
83240,Jerry Lee,Male,38,2025-01-11,jerry.lee.83240@yahoo.com,New York,New York,United States,North America,Paid Search
83330,Amy Allen,Female,44,2023-02-28,amy.allen.83330@outlook.com,Houston,Texas,United States,North America,Organic Search
83331,Sai Moreau,Male,48,2024-11-12,sai.moreau.83331@icloud.com,New York,New York,United States,North America,Direct
83392,Lauren Hill,Female,18,2023-06-06,lauren.hill.83392@yahoo.com,Philadelphia,Pennsylvania,United States,North America,Email
83424,Sharon Richardson,Female,32,2022-04-30,sharon.richardson.83424@gmail.com,London,Greater London,United Kingdom,Europe,Paid Search
83444,Elizabeth Green,Female,23,2025-06-29,elizabeth.green.83444@outlook.com,Los Angeles,California,United States,North America,Organic Search
83462,Kenneth White,Male,49,2025-10-17,kenneth.white.83462@outlook.com,Bengaluru,Karnataka,India,Asia-Pacific,Referral
83508,Stephen Kim,Male,29,2022-07-22,stephen.kim.83508@gmail.com,Seattle,Washington,United States,North America,Social Media
83510,Martha King,Female,34,2024-05-25,martha.king.83510@yahoo.com,Los Angeles,California,United States,North America,Organic Search
83516,Vivaan Thomas,Male,39,2022-10-02,vivaan.thomas.83516@gmail.com,Birmingham,West Midlands,United Kingdom,Europe,Email
83536,Diya Thomas,Female,37,2023-11-30,diya.thomas.83536@gmail.com,Bengaluru,Karnataka,India,Asia-Pacific,Organic Search
83537,Linda Patel,Female,31,2025-06-24,linda.patel.83537@yahoo.com,Chicago,Illinois,United States,North America,Social Media
83542,Alan Davis,Male,18,2023-12-10,alan.davis.83542@yahoo.com,Lyon,Auvergne-Rhône-Alpes,France,Europe,Paid Search
83547,Stella Gonzalez,Female,37,2025-10-06,stella.gonzalez.83547@yahoo.com,Toronto,Ontario,Canada,North America,Organic Search
83571,Zoe Johnson,Female,18,2025-07-15,zoe.johnson.83571@yahoo.com,Phoenix,Arizona,United States,North America,Email
83622,Theo Flores,Male,43,2025-07-05,theo.flores.83622@outlook.com,Seattle,Washington,United States,North America,Organic Search
83631,Riley Lee,Female,35,2021-11-21,riley.lee.83631@gmail.com,Dallas,Texas,United States,North America,Organic Search
83666,Russell Wood,Male,25,2023-06-17,russell.wood.83666@gmail.com,Bengaluru,Karnataka,India,Asia-Pacific,Organic Search
83710,Joseph Walker,Male,35,2021-08-27,joseph.walker.83710@gmail.com,Los Angeles,California,United States,North America,Paid Search
83755,Michael Wright,Male,23,2025-07-10,michael.wright.83755@gmail.com,Paris,Île-de-France,France,Europe,Email
83756,Avani Hall,Female,37,2024-04-20,avani.hall.83756@gmail.com,Mexico City,CDMX,Mexico,Latin America,Paid Search
83769,Kelly Martin,Female,44,2022-04-09,kelly.martin.83769@gmail.com,Houston,Texas,United States,North America,Referral
83776,Bradley Reed,Male,57,2023-07-20,bradley.reed.83776@icloud.com,São Paulo,São Paulo,Brazil,Latin America,Affiliate
83785,Ann Perez,Female,34,2022-08-18,ann.perez.83785@gmail.com,Toronto,Ontario,Canada,North America,Email
83790,Vihaan Fischer,Male,44,2025-04-12,vihaan.fischer.83790@yahoo.com,Bengaluru,Karnataka,India,Asia-Pacific,Organic Search
83797,Albert Evans,Male,19,2025-09-26,albert.evans.83797@yahoo.com,Los Angeles,California,United States,North America,Social Media
83821,Maria Becker,Female,35,2024-05-12,maria.becker.83821@gmail.com,Mumbai,Maharashtra,India,Asia-Pacific,Organic Search
83824,Donna Cooper,Female,42,2025-05-20,donna.cooper.83824@protonmail.com,Miami,Florida,United States,North America,Paid Search
83848,Roy Price,Male,50,2024-11-09,roy.price.83848@yahoo.com,Toronto,Ontario,Canada,North America,Organic Search
83897,Margaret Morris,Female,29,2022-12-16,margaret.morris.83897@gmail.com,Lyon,Auvergne-Rhône-Alpes,France,Europe,Direct
83922,Philip Smith,Male,26,2021-01-16,philip.smith.83922@gmail.com,New York,New York,United States,North America,Affiliate
83939,Lucas Lewis,Male,35,2022-09-22,lucas.lewis.83939@yahoo.com,Vancouver,British Columbia,Canada,North America,Social Media
83952,Louis Hernandez,Male,44,2024-02-22,louis.hernandez.83952@gmail.com,Toronto,Ontario,Canada,North America,Social Media
83993,Christina Mendoza,Female,34,2022-01-26,christina.mendoza.83993@gmail.com,London,Greater London,United Kingdom,Europe,Paid Search
84002,Russell Perez,Male,19,2024-10-14,russell.perez.84002@protonmail.com,Paris,Île-de-France,France,Europe,Direct
84065,Nancy Bennett,Female,52,2025-04-06,nancy.bennett.84065@outlook.com,Seattle,Washington,United States,North America,Organic Search
84071,Frank Weber,Male,34,2023-08-19,frank.weber.84071@yahoo.com,Miami,Florida,United States,North America,Social Media
84095,Gloria Williams,Female,35,2024-04-11,gloria.williams.84095@yahoo.com,New York,New York,United States,North America,Social Media
84111,Ananya Parker,Female,45,2022-08-03,ananya.parker.84111@gmail.com,Los Angeles,California,United States,North America,Email
84144,Emma Gutierrez,Female,33,2021-01-08,emma.gutierrez.84144@yahoo.com,Dallas,Texas,United States,North America,Social Media
84147,Janice Johnson,Female,28,2024-09-15,janice.johnson.84147@gmail.com,Birmingham,West Midlands,United Kingdom,Europe,Paid Search
84157,Justin Wagner,Non-Binary,48,2022-08-30,justin.wagner.84157@gmail.com,Houston,Texas,United States,North America,Direct
84210,Ezra Davis,Male,43,2025-02-15,ezra.davis.84210@outlook.com,São Paulo,São Paulo,Brazil,Latin America,Email
84242,Avani Martin,Female,38,2023-05-13,avani.martin.84242@yahoo.com,New York,New York,United States,North America,Email
84246,Gloria Carter,Female,32,2023-07-06,gloria.carter.84246@outlook.com,New York,New York,United States,North America,Affiliate
84255,Victoria Murphy,Female,44,2022-11-17,victoria.murphy.84255@yahoo.com,Munich,Bavaria,Germany,Europe,Referral
84260,Donna Edwards,Female,18,2023-09-15,donna.edwards.84260@gmail.com,Mexico City,CDMX,Mexico,Latin America,Paid Search
84267,Madison Rogers,Female,55,2022-07-14,madison.rogers.84267@outlook.com,Houston,Texas,United States,North America,Social Media
84322,Mark Moore,Male,32,2022-07-17,mark.moore.84322@gmail.com,Toronto,Ontario,Canada,North America,Social Media
84342,Hannah Turner,Female,29,2024-04-05,hannah.turner.84342@protonmail.com,Munich,Bavaria,Germany,Europe,Organic Search
84344,Raymond Stewart,Male,40,2024-04-30,raymond.stewart.84344@gmail.com,Paris,Île-de-France,France,Europe,Organic Search
84364,Reyansh Evans,Male,41,2024-07-24,reyansh.evans.84364@yahoo.com,Berlin,Berlin,Germany,Europe,Organic Search
84366,Frances Reed,Female,50,2023-05-12,frances.reed.84366@outlook.com,Chicago,Illinois,United States,North America,Organic Search
84406,Grace Adams,Female,41,2023-07-02,grace.adams.84406@protonmail.com,New York,New York,United States,North America,Organic Search
84428,Samuel Perez,Male,23,2021-01-14,samuel.perez.84428@yahoo.com,Manchester,Greater Manchester,United Kingdom,Europe,Direct
84430,Benjamin Reyes,Male,35,2022-04-12,benjamin.reyes.84430@gmail.com,Los Angeles,California,United States,North America,Referral
84436,Aaron Turner,Male,20,2024-09-18,aaron.turner.84436@yahoo.com,São Paulo,São Paulo,Brazil,Latin America,Email
84438,Albert Ramirez,Male,52,2025-07-22,albert.ramirez.84438@outlook.com,Melbourne,Victoria,Australia,Asia-Pacific,Paid Search
84453,Janet Weber,Female,43,2022-09-29,janet.weber.84453@gmail.com,Paris,Île-de-France,France,Europe,Organic Search
84474,Jeremy Wagner,Male,39,2025-05-05,jeremy.wagner.84474@gmail.com,New York,New York,United States,North America,Paid Search
84476,Brenda Becker,Female,51,2024-09-14,brenda.becker.84476@yahoo.com,Bengaluru,Karnataka,India,Asia-Pacific,Social Media
84511,Linda Chavez,Female,46,2025-05-23,linda.chavez.84511@gmail.com,São Paulo,São Paulo,Brazil,Latin America,Organic Search
84563,Jacqueline Collins,Female,38,2023-02-10,jacqueline.collins.84563@gmail.com,Chicago,Illinois,United States,North America,Paid Search
84576,Jennifer Mitchell,Female,33,2025-02-02,jennifer.mitchell.84576@outlook.com,New York,New York,United States,North America,Organic Search
84622,Eleanor Carter,Female,26,2021-10-13,eleanor.carter.84622@outlook.com,Chicago,Illinois,United States,North America,Organic Search
84627,Ryan Martinez,Male,43,2021-11-22,ryan.martinez.84627@yahoo.com,Berlin,Berlin,Germany,Europe,Paid Search
84651,Eugene Wagner,Male,40,2024-04-15,eugene.wagner.84651@outlook.com,Los Angeles,California,United States,North America,Email
84676,Nancy Anderson,Female,45,2024-10-22,nancy.anderson.84676@gmail.com,Sydney,New South Wales,Australia,Asia-Pacific,Affiliate
84725,Scott Davies,Male,34,2022-04-15,scott.davies.84725@gmail.com,Los Angeles,California,United States,North America,Organic Search
84756,Richard Peterson,Male,28,2023-04-01,richard.peterson.84756@gmail.com,Chicago,Illinois,United States,North America,Organic Search
84765,Chloe Gomez,Female,26,2023-08-02,chloe.gomez.84765@outlook.com,Melbourne,Victoria,Australia,Asia-Pacific,Paid Search
84807,Austin Rogers,Male,34,2023-09-28,austin.rogers.84807@gmail.com,Houston,Texas,United States,North America,Organic Search
84830,Anthony Rao,Male,49,2021-09-06,anthony.rao.84830@yahoo.com,Bengaluru,Karnataka,India,Asia-Pacific,Paid Search
84870,Vivaan Gonzalez,Male,42,2023-08-12,vivaan.gonzalez.84870@outlook.com,Paris,Île-de-France,France,Europe,Organic Search
84872,Kenneth Hill,Male,36,2023-12-06,kenneth.hill.84872@icloud.com,São Paulo,São Paulo,Brazil,Latin America,Paid Search
84888,Samuel Weber,Male,46,2021-10-03,samuel.weber.84888@yahoo.com,London,Greater London,United Kingdom,Europe,Paid Search
84919,Alice Gonzalez,Female,53,2022-05-02,alice.gonzalez.84919@yahoo.com,Seattle,Washington,United States,North America,Direct
84928,Philip Campbell,Male,18,2021-08-03,philip.campbell.84928@outlook.com,Los Angeles,California,United States,North America,Organic Search
84978,Jordan Dubois,Male,18,2024-08-05,jordan.dubois.84978@gmail.com,Philadelphia,Pennsylvania,United States,North America,Organic Search
85026,Julia Thompson,Female,36,2021-05-26,julia.thompson.85026@gmail.com,Toronto,Ontario,Canada,North America,Social Media
85033,Timothy Morales,Male,31,2024-08-05,timothy.morales.85033@gmail.com,New York,New York,United States,North America,Organic Search
85039,Leah Singh,Female,29,2022-12-12,leah.singh.85039@gmail.com,Sydney,New South Wales,Australia,Asia-Pacific,Paid Search
85046,Alice Smith,Female,46,2025-07-13,alice.smith.85046@yahoo.com,Toronto,Ontario,Canada,North America,Social Media
85055,Victoria White,Female,42,2024-06-14,victoria.white.85055@icloud.com,Toronto,Ontario,Canada,North America,Social Media
85071,Rebecca Bennett,Non-Binary,20,2024-10-22,rebecca.bennett.85071@gmail.com,Los Angeles,California,United States,North America,Organic Search
85114,Victoria Fischer,Female,36,2022-04-29,victoria.fischer.85114@gmail.com,Phoenix,Arizona,United States,North America,Paid Search
85167,Aaron Roberts,Male,36,2024-01-06,aaron.roberts.85167@protonmail.com,Philadelphia,Pennsylvania,United States,North America,Paid Search
85174,Judith Kim,Female,22,2025-03-05,judith.kim.85174@outlook.com,Frankfurt,Hesse,Germany,Europe,Email
85187,Albert Ramirez,Male,51,2023-10-05,albert.ramirez.85187@yahoo.com,Los Angeles,California,United States,North America,Paid Search
85203,Nicholas Verma,Male,44,2025-06-12,nicholas.verma.85203@gmail.com,Chicago,Illinois,United States,North America,Affiliate
85223,Richard Ortiz,Male,24,2022-12-30,richard.ortiz.85223@protonmail.com,Houston,Texas,United States,North America,Paid Search
85226,Barbara Wilson,Female,37,2022-11-27,barbara.wilson.85226@yahoo.com,Los Angeles,California,United States,North America,Organic Search
85230,Louis Price,Male,18,2025-09-02,louis.price.85230@gmail.com,Atlanta,Georgia,United States,North America,Social Media
85237,Louis Baker,Male,37,2024-07-06,louis.baker.85237@yahoo.com,New York,New York,United States,North America,Paid Search
85243,Shirley Bailey,Female,33,2024-07-08,shirley.bailey.85243@icloud.com,Vancouver,British Columbia,Canada,North America,Social Media
85285,Gregory Ramirez,Male,25,2023-02-05,gregory.ramirez.85285@gmail.com,Paris,Île-de-France,France,Europe,Social Media
85294,Frances Brooks,Female,51,2023-04-22,frances.brooks.85294@gmail.com,Los Angeles,California,United States,North America,Paid Search
85299,Susan Thomas,Female,28,2024-12-24,susan.thomas.85299@gmail.com,Paris,Île-de-France,France,Europe,Social Media
85336,David Chavez,Male,34,2023-04-08,david.chavez.85336@gmail.com,Seattle,Washington,United States,North America,Social Media
85368,David Baker,Male,37,2025-03-24,david.baker.85368@outlook.com,New York,New York,United States,North America,Paid Search
85405,Emma Cox,Female,44,2022-11-13,emma.cox.85405@yahoo.com,Delhi,Delhi,India,Asia-Pacific,Affiliate
85457,Jennifer Allen,Female,36,2024-07-23,jennifer.allen.85457@gmail.com,Seattle,Washington,United States,North America,Social Media
85496,Ryan Anderson,Male,44,2022-06-08,ryan.anderson.85496@outlook.com,Dallas,Texas,United States,North America,Organic Search
85511,Carl Singh,Male,19,2022-08-04,carl.singh.85511@gmail.com,Dallas,Texas,United States,North America,Organic Search
85543,Hannah Allen,Female,33,2025-04-16,hannah.allen.85543@protonmail.com,Bengaluru,Karnataka,India,Asia-Pacific,Organic Search
85628,Addison Green,Female,44,2024-08-25,addison.green.85628@yahoo.com,Chicago,Illinois,United States,North America,Organic Search
85631,Andrew Gutierrez,Male,44,2023-08-18,andrew.gutierrez.85631@outlook.com,Phoenix,Arizona,United States,North America,Paid Search
85654,George Stewart,Male,48,2025-10-27,george.stewart.85654@gmail.com,Los Angeles,California,United States,North America,Email
85660,Ezra Stewart,Male,37,2024-05-22,ezra.stewart.85660@gmail.com,Houston,Texas,United States,North America,Social Media
85705,Saanvi Ramos,Female,51,2023-06-12,saanvi.ramos.85705@gmail.com,Phoenix,Arizona,United States,North America,Email
85753,Larry Jackson,Male,40,2025-01-18,larry.jackson.85753@gmail.com,Frankfurt,Hesse,Germany,Europe,Organic Search
85774,Nora Evans,Female,25,2023-02-05,nora.evans.85774@outlook.com,Manchester,Greater Manchester,United Kingdom,Europe,Social Media
85845,Mary Thomas,Female,43,2024-06-16,mary.thomas.85845@gmail.com,Delhi,Delhi,India,Asia-Pacific,Paid Search
85855,Riya Collins,Non-Binary,39,2021-09-27,riya.collins.85855@gmail.com,New York,New York,United States,North America,Paid Search
85879,Justin Rivera,Male,36,2023-09-18,justin.rivera.85879@gmail.com,Mumbai,Maharashtra,India,Asia-Pacific,Affiliate
85910,Lucas Johnson,Non-Binary,28,2023-12-28,lucas.johnson.85910@yahoo.com,Los Angeles,California,United States,North America,Direct
85938,Ezra Ward,Male,40,2022-02-11,ezra.ward.85938@yahoo.com,Munich,Bavaria,Germany,Europe,Paid Search
85988,Stella Nguyen,Female,42,2023-11-16,stella.nguyen.85988@icloud.com,Paris,Île-de-France,France,Europe,Referral
85999,Austin Hall,Male,24,2025-10-29,austin.hall.85999@corporate.org,New York,New York,United States,North America,Organic Search
86021,Carl Evans,Male,37,2024-04-12,carl.evans.86021@gmail.com,Phoenix,Arizona,United States,North America,Social Media
86054,Philip Kumar,Male,42,2022-07-28,philip.kumar.86054@yahoo.com,Chicago,Illinois,United States,North America,Paid Search
86072,Ananya Smith,Female,26,2025-06-15,ananya.smith.86072@protonmail.com,Mumbai,Maharashtra,India,Asia-Pacific,Direct
86079,Heather Morgan,Female,22,2022-11-01,heather.morgan.86079@protonmail.com,Dallas,Texas,United States,North America,Paid Search
86093,Elijah Morgan,Male,49,2024-12-27,elijah.morgan.86093@gmail.com,Atlanta,Georgia,United States,North America,Paid Search
86121,Edward Nguyen,Non-Binary,38,2024-09-19,edward.nguyen.86121@gmail.com,Berlin,Berlin,Germany,Europe,Organic Search
86167,Christian Edwards,Male,27,2022-12-29,christian.edwards.86167@icloud.com,Philadelphia,Pennsylvania,United States,North America,Referral
86178,Philip Morris,Male,18,2023-04-25,philip.morris.86178@icloud.com,Seattle,Washington,United States,North America,Referral
86196,Natalie Morris,Female,18,2022-08-20,natalie.morris.86196@outlook.com,Seattle,Washington,United States,North America,Organic Search
86227,Zoe Wright,Female,51,2025-04-23,zoe.wright.86227@outlook.com,Delhi,Delhi,India,Asia-Pacific,Paid Search
86236,Andrea Wilson,Female,44,2023-10-05,andrea.wilson.86236@gmail.com,Paris,Île-de-France,France,Europe,Paid Search
86255,Jerry Williams,Male,31,2023-09-04,jerry.williams.86255@outlook.com,London,Greater London,United Kingdom,Europe,Organic Search
86274,Justin Rodriguez,Male,48,2023-05-29,justin.rodriguez.86274@outlook.com,Birmingham,West Midlands,United Kingdom,Europe,Email
86339,Saanvi Patel,Female,53,2025-10-17,saanvi.patel.86339@yahoo.com,Philadelphia,Pennsylvania,United States,North America,Social Media
86354,Joyce Adams,Female,47,2025-08-30,joyce.adams.86354@gmail.com,Seattle,Washington,United States,North America,Social Media
86360,Liam Garcia,Male,43,2025-08-07,liam.garcia.86360@gmail.com,Philadelphia,Pennsylvania,United States,North America,Email
86389,Janice Cruz,Female,34,2022-06-17,janice.cruz.86389@outlook.com,Atlanta,Georgia,United States,North America,Referral
86411,Joshua Cox,Male,20,2024-02-28,joshua.cox.86411@gmail.com,Atlanta,Georgia,United States,North America,Email
86431,Albert Hernandez,Male,39,2024-03-03,albert.hernandez.86431@protonmail.com,Los Angeles,California,United States,North America,Organic Search
86471,Amy Scott,Female,45,2022-04-14,amy.scott.86471@gmail.com,Los Angeles,California,United States,North America,Social Media
86498,Christine Cooper,Non-Binary,57,2022-11-05,christine.cooper.86498@gmail.com,Mexico City,CDMX,Mexico,Latin America,Organic Search
86542,Elizabeth Martin,Female,42,2023-12-31,elizabeth.martin.86542@gmail.com,Phoenix,Arizona,United States,North America,Affiliate
86549,Lisa Miller,Female,29,2023-05-11,lisa.miller.86549@gmail.com,Chicago,Illinois,United States,North America,Affiliate
86573,Cheryl Walker,Female,18,2024-10-12,cheryl.walker.86573@gmail.com,Chicago,Illinois,United States,North America,Social Media
86574,Pamela Alvarez,Female,46,2023-01-15,pamela.alvarez.86574@gmail.com,Philadelphia,Pennsylvania,United States,North America,Referral
86620,Patrick Wood,Male,56,2025-02-23,patrick.wood.86620@gmail.com,Toronto,Ontario,Canada,North America,Organic Search
86695,Sophia Kim,Female,50,2025-06-01,sophia.kim.86695@gmail.com,New York,New York,United States,North America,Email
86738,Maria Thomas,Female,51,2021-09-29,maria.thomas.86738@gmail.com,Phoenix,Arizona,United States,North America,Organic Search
86739,Albert Wood,Male,20,2023-06-05,albert.wood.86739@protonmail.com,Berlin,Berlin,Germany,Europe,Email
86744,Joe Taylor,Male,42,2024-11-13,joe.taylor.86744@yahoo.com,Delhi,Delhi,India,Asia-Pacific,Social Media
86763,Justin Cooper,Male,40,2021-07-16,justin.cooper.86763@gmail.com,Los Angeles,California,United States,North America,Organic Search
86792,James Allen,Male,47,2025-09-27,james.allen.86792@yahoo.com,Philadelphia,Pennsylvania,United States,North America,Organic Search
86815,Jerry Wagner,Male,44,2022-09-05,jerry.wagner.86815@gmail.com,Toronto,Ontario,Canada,North America,Social Media
86824,Olivia Cruz,Female,48,2022-10-24,olivia.cruz.86824@gmail.com,Phoenix,Arizona,United States,North America,Social Media
86910,Rachel Cruz,Female,37,2022-01-09,rachel.cruz.86910@icloud.com,Chicago,Illinois,United States,North America,Organic Search
86913,Luca Davies,Male,40,2022-03-20,luca.davies.86913@gmail.com,London,Greater London,United Kingdom,Europe,Paid Search
86942,Juan Rodriguez,Male,23,2025-08-25,juan.rodriguez.86942@gmail.com,Houston,Texas,United States,North America,Referral
86976,Susan Thompson,Female,56,2024-03-28,susan.thompson.86976@outlook.com,Miami,Florida,United States,North America,Social Media
87000,Lillian Cruz,Female,35,2024-07-27,lillian.cruz.87000@protonmail.com,Dallas,Texas,United States,North America,Social Media
87004,Joan Lopez,Female,40,2021-08-16,joan.lopez.87004@gmail.com,Los Angeles,California,United States,North America,Social Media
87026,Lisa Rogers,Female,43,2024-02-16,lisa.rogers.87026@yahoo.com,London,Greater London,United Kingdom,Europe,Organic Search
87052,Sandra Wilson,Female,35,2025-08-07,sandra.wilson.87052@outlook.com,Houston,Texas,United States,North America,Social Media
87091,Patrick Thomas,Male,39,2025-01-04,patrick.thomas.87091@yahoo.com,Los Angeles,California,United States,North America,Email
87161,Emma Peterson,Female,41,2023-09-21,emma.peterson.87161@icloud.com,New York,New York,United States,North America,Email
87174,Wayne Davies,Male,18,2025-07-26,wayne.davies.87174@gmail.com,Vancouver,British Columbia,Canada,North America,Social Media
87226,Lucas Adams,Male,45,2024-03-04,lucas.adams.87226@gmail.com,Berlin,Berlin,Germany,Europe,Social Media
87241,Betty Brown,Female,40,2024-01-02,betty.brown.87241@gmail.com,Berlin,Berlin,Germany,Europe,Social Media
87258,Addison Campbell,Female,40,2025-07-27,addison.campbell.87258@gmail.com,São Paulo,São Paulo,Brazil,Latin America,Social Media
87262,Diane King,Female,25,2025-03-07,diane.king.87262@outlook.com,Melbourne,Victoria,Australia,Asia-Pacific,Organic Search
87272,Isha Johnson,Female,33,2024-05-13,isha.johnson.87272@gmail.com,New York,New York,United States,North America,Organic Search
87321,Lawrence Castillo,Male,43,2024-09-28,lawrence.castillo.87321@yahoo.com,Birmingham,West Midlands,United Kingdom,Europe,Social Media
87333,Ellie Davies,Female,45,2023-12-29,ellie.davies.87333@outlook.com,São Paulo,São Paulo,Brazil,Latin America,Social Media
87335,Walter Wright,Male,33,2023-08-15,walter.wright.87335@protonmail.com,Houston,Texas,United States,North America,Organic Search
87356,Judith Cook,Female,21,2025-08-31,judith.cook.87356@outlook.com,Chicago,Illinois,United States,North America,Social Media
87365,Myra Adams,Female,49,2025-07-03,myra.adams.87365@yahoo.com,Berlin,Berlin,Germany,Europe,Email
87394,Hudson Nelson,Male,40,2025-07-28,hudson.nelson.87394@gmail.com,Delhi,Delhi,India,Asia-Pacific,Referral
87410,Jose Sharma,Male,29,2023-03-06,jose.sharma.87410@gmail.com,Paris,Île-de-France,France,Europe,Affiliate
87419,Teresa Morales,Female,53,2022-09-14,teresa.morales.87419@icloud.com,Mumbai,Maharashtra,India,Asia-Pacific,Paid Search
87449,Roger Scott,Male,51,2025-09-22,roger.scott.87449@icloud.com,Birmingham,West Midlands,United Kingdom,Europe,Paid Search
87553,Benjamin Roberts,Male,24,2022-07-01,benjamin.roberts.87553@gmail.com,New York,New York,United States,North America,Paid Search
87569,Terry Walker,Male,29,2022-06-15,terry.walker.87569@icloud.com,Los Angeles,California,United States,North America,Organic Search
87579,Susan Alvarez,Female,33,2024-01-20,susan.alvarez.87579@icloud.com,Delhi,Delhi,India,Asia-Pacific,Organic Search
87591,Jason Evans,Male,42,2022-06-13,jason.evans.87591@outlook.com,Chicago,Illinois,United States,North America,Organic Search
87605,Emily Miller,Female,40,2023-12-24,emily.miller.87605@outlook.com,Phoenix,Arizona,United States,North America,Email
87607,Austin Kim,Male,47,2025-10-24,austin.kim.87607@outlook.com,London,Greater London,United Kingdom,Europe,Organic Search
87608,Jennifer Harris,Female,32,2024-04-19,jennifer.harris.87608@gmail.com,Berlin,Berlin,Germany,Europe,Email
87701,Sophia Ward,Female,32,2025-09-11,sophia.ward.87701@yahoo.com,Berlin,Berlin,Germany,Europe,Email
87775,Stephanie Morgan,Female,35,2022-03-25,stephanie.morgan.87775@outlook.com,Houston,Texas,United States,North America,Email
87820,Rachel Evans,Female,21,2022-10-24,rachel.evans.87820@gmail.com,Bengaluru,Karnataka,India,Asia-Pacific,Affiliate
87833,Daniel Sanders,Male,41,2025-03-12,daniel.sanders.87833@corporate.org,Philadelphia,Pennsylvania,United States,North America,Organic Search
87846,Roger Stewart,Male,43,2025-01-14,roger.stewart.87846@yahoo.com,Delhi,Delhi,India,Asia-Pacific,Paid Search
87919,Dennis Martinez,Male,32,2025-05-12,dennis.martinez.87919@outlook.com,Vancouver,British Columbia,Canada,North America,Social Media
87928,Jerry Kumar,Male,20,2025-05-28,jerry.kumar.87928@yahoo.com,London,Greater London,United Kingdom,Europe,Organic Search
87933,Aria Gupta,Female,42,2025-02-11,aria.gupta.87933@gmail.com,New York,New York,United States,North America,Paid Search
87948,Amanda James,Female,49,2023-04-27,amanda.james.87948@gmail.com,Frankfurt,Hesse,Germany,Europe,Social Media
87955,Steven Murphy,Male,31,2023-03-27,steven.murphy.87955@outlook.com,Manchester,Greater Manchester,United Kingdom,Europe,Social Media
87976,Anthony Cruz,Male,54,2023-10-16,anthony.cruz.87976@gmail.com,Lyon,Auvergne-Rhône-Alpes,France,Europe,Social Media
87977,Aubrey Anderson,Female,39,2025-06-12,aubrey.anderson.87977@outlook.com,Berlin,Berlin,Germany,Europe,Referral
87978,Hannah Hughes,Female,48,2025-10-22,hannah.hughes.87978@protonmail.com,Paris,Île-de-France,France,Europe,Paid Search
87981,Kevin Nelson,Male,44,2024-04-05,kevin.nelson.87981@gmail.com,Toronto,Ontario,Canada,North America,Social Media
88005,Sean Singh,Male,61,2024-08-12,sean.singh.88005@outlook.com,Vancouver,British Columbia,Canada,North America,Direct
88038,Sharon Nelson,Female,28,2024-12-06,sharon.nelson.88038@yahoo.com,Los Angeles,California,United States,North America,Email
88067,Adam Jones,Male,54,2022-07-20,adam.jones.88067@icloud.com,São Paulo,São Paulo,Brazil,Latin America,Social Media
88105,Saanvi Sharma,Female,43,2024-12-16,saanvi.sharma.88105@gmail.com,Vancouver,British Columbia,Canada,North America,Direct
88112,Saanvi King,Female,24,2021-06-09,saanvi.king.88112@gmail.com,Phoenix,Arizona,United States,North America,Email
88126,Betty Young,Female,37,2024-07-24,betty.young.88126@corporate.org,Phoenix,Arizona,United States,North America,Organic Search
88183,Avani Brown,Female,26,2023-11-26,avani.brown.88183@gmail.com,Berlin,Berlin,Germany,Europe,Email
88236,Justin James,Male,23,2024-03-16,justin.james.88236@protonmail.com,Los Angeles,California,United States,North America,Email
88296,Helen Rivera,Female,34,2024-09-18,helen.rivera.88296@outlook.com,Phoenix,Arizona,United States,North America,Paid Search
88302,Frank Kumar,Male,23,2022-05-18,frank.kumar.88302@gmail.com,Philadelphia,Pennsylvania,United States,North America,Email
88311,Samantha Torres,Female,40,2022-05-01,samantha.torres.88311@outlook.com,New York,New York,United States,North America,Paid Search
88325,Pari Thomas,Female,18,2024-03-24,pari.thomas.88325@outlook.com,Phoenix,Arizona,United States,North America,Direct
88326,Anthony Jones,Male,21,2022-10-27,anthony.jones.88326@gmail.com,New York,New York,United States,North America,Social Media
88343,Brian Cooper,Male,18,2025-10-29,brian.cooper.88343@gmail.com,New York,New York,United States,North America,Social Media
88350,Olivia Ward,Female,43,2023-08-01,olivia.ward.88350@gmail.com,Lyon,Auvergne-Rhône-Alpes,France,Europe,Social Media
88366,Johnny Torres,Male,36,2025-08-10,johnny.torres.88366@yahoo.com,Chicago,Illinois,United States,North America,Social Media
88393,Brandon James,Male,31,2022-10-05,brandon.james.88393@gmail.com,New York,New York,United States,North America,Social Media
88412,Addison Bailey,Female,49,2023-05-30,addison.bailey.88412@icloud.com,London,Greater London,United Kingdom,Europe,Organic Search
88447,Eleanor Thompson,Female,36,2024-07-18,eleanor.thompson.88447@gmail.com,Atlanta,Georgia,United States,North America,Social Media
88501,Albert Kelly,Male,47,2021-07-14,albert.kelly.88501@gmail.com,Houston,Texas,United States,North America,Email
88503,Bryan Jackson,Male,30,2024-08-16,bryan.jackson.88503@gmail.com,Phoenix,Arizona,United States,North America,Social Media
88529,Donna Ward,Female,18,2023-09-17,donna.ward.88529@gmail.com,Munich,Bavaria,Germany,Europe,Referral
88543,Diane Miller,Female,31,2023-07-04,diane.miller.88543@gmail.com,Chicago,Illinois,United States,North America,Referral
88548,Aubrey Davis,Female,29,2023-11-17,aubrey.davis.88548@gmail.com,Miami,Florida,United States,North America,Paid Search
88551,Vihaan Stewart,Male,47,2022-09-16,vihaan.stewart.88551@gmail.com,London,Greater London,United Kingdom,Europe,Organic Search
88554,Alan Cooper,Male,24,2024-07-12,alan.cooper.88554@icloud.com,Houston,Texas,United States,North America,Organic Search
88570,Richard Edwards,Male,41,2022-06-03,richard.edwards.88570@gmail.com,Philadelphia,Pennsylvania,United States,North America,Direct
88579,Stella Peterson,Female,32,2024-08-15,stella.peterson.88579@outlook.com,Phoenix,Arizona,United States,North America,Affiliate
88589,Camila Ward,Female,37,2024-07-23,camila.ward.88589@gmail.com,New York,New York,United States,North America,Social Media
88595,Logan Gomez,Male,24,2023-03-23,logan.gomez.88595@icloud.com,Los Angeles,California,United States,North America,Social Media
88608,Dorothy Murphy,Female,19,2025-07-28,dorothy.murphy.88608@gmail.com,Vancouver,British Columbia,Canada,North America,Social Media
88612,Noah Cook,Male,37,2023-10-10,noah.cook.88612@gmail.com,Chicago,Illinois,United States,North America,Organic Search
88644,Jeffrey Collins,Male,47,2022-07-06,jeffrey.collins.88644@gmail.com,Houston,Texas,United States,North America,Paid Search
88689,Reyansh Clark,Male,38,2023-06-29,reyansh.clark.88689@gmail.com,Chicago,Illinois,United States,North America,Paid Search
88705,Johnny Dubois,Male,36,2025-07-19,johnny.dubois.88705@yahoo.com,Chicago,Illinois,United States,North America,Referral
88755,Vivaan Ortiz,Male,44,2023-06-19,vivaan.ortiz.88755@gmail.com,Seattle,Washington,United States,North America,Referral
88769,Helen Bennett,Female,48,2022-06-19,helen.bennett.88769@yahoo.com,Chicago,Illinois,United States,North America,Organic Search
88770,Frank Reyes,Male,41,2024-12-13,frank.reyes.88770@gmail.com,Los Angeles,California,United States,North America,Organic Search
88811,Jerry Rivera,Male,27,2024-03-26,jerry.rivera.88811@outlook.com,Delhi,Delhi,India,Asia-Pacific,Organic Search
88813,Kathleen Diaz,Female,19,2025-09-23,kathleen.diaz.88813@yahoo.com,Vancouver,British Columbia,Canada,North America,Email
88829,Lily Turner,Female,26,2021-12-23,lily.turner.88829@gmail.com,Los Angeles,California,United States,North America,Organic Search
88859,Brian Edwards,Male,39,2024-02-15,brian.edwards.88859@gmail.com,Delhi,Delhi,India,Asia-Pacific,Direct
88875,Navya White,Female,29,2022-07-09,navya.white.88875@corporate.org,Chicago,Illinois,United States,North America,Email
88877,Michael Mendoza,Male,35,2025-05-03,michael.mendoza.88877@gmail.com,Houston,Texas,United States,North America,Social Media
88896,Kyle Chavez,Male,58,2023-10-23,kyle.chavez.88896@outlook.com,Mumbai,Maharashtra,India,Asia-Pacific,Organic Search
88904,Tyler Harris,Male,25,2024-02-04,tyler.harris.88904@corporate.org,New York,New York,United States,North America,Paid Search
88989,Jeremy Miller,Male,37,2022-01-02,jeremy.miller.88989@corporate.org,Phoenix,Arizona,United States,North America,Paid Search
89048,Walter Kelly,Male,44,2021-07-31,walter.kelly.89048@yahoo.com,Paris,Île-de-France,France,Europe,Organic Search
89100,Aditya Becker,Male,36,2022-11-20,aditya.becker.89100@gmail.com,Vancouver,British Columbia,Canada,North America,Organic Search
89153,Paul Reed,Male,34,2021-07-07,paul.reed.89153@gmail.com,Mumbai,Maharashtra,India,Asia-Pacific,Organic Search
89163,Aubrey Martin,Non-Binary,33,2025-04-24,aubrey.martin.89163@outlook.com,Atlanta,Georgia,United States,North America,Paid Search
89177,Andrew Taylor,Male,31,2024-03-09,andrew.taylor.89177@gmail.com,Miami,Florida,United States,North America,Email
89228,Jordan Ortiz,Male,50,2024-11-10,jordan.ortiz.89228@yahoo.com,Dallas,Texas,United States,North America,Referral
89295,Margaret Adams,Female,43,2025-09-28,margaret.adams.89295@icloud.com,Philadelphia,Pennsylvania,United States,North America,Paid Search
89344,Zoe Wilson,Female,35,2025-07-14,zoe.wilson.89344@corporate.org,Philadelphia,Pennsylvania,United States,North America,Organic Search
89364,Kabir Lewis,Male,31,2021-08-12,kabir.lewis.89364@gmail.com,Phoenix,Arizona,United States,North America,Referral
89373,Scott Thompson,Male,26,2025-04-24,scott.thompson.89373@yahoo.com,São Paulo,São Paulo,Brazil,Latin America,Social Media
89379,Vihaan Williams,Male,42,2024-12-30,vihaan.williams.89379@yahoo.com,London,Greater London,United Kingdom,Europe,Direct
89429,Steven Davies,Male,50,2022-12-28,steven.davies.89429@gmail.com,Paris,Île-de-France,France,Europe,Paid Search
89433,Kathryn Ortiz,Female,23,2025-01-28,kathryn.ortiz.89433@gmail.com,Phoenix,Arizona,United States,North America,Social Media
89440,Anthony Hall,Male,28,2024-12-14,anthony.hall.89440@gmail.com,Lyon,Auvergne-Rhône-Alpes,France,Europe,Organic Search
89466,Alice Phillips,Female,22,2023-09-28,alice.phillips.89466@outlook.com,Berlin,Berlin,Germany,Europe,Social Media
89490,Rohan Gupta,Male,18,2021-09-04,rohan.gupta.89490@gmail.com,Houston,Texas,United States,North America,Social Media
89496,Raymond Ortiz,Male,18,2021-07-22,raymond.ortiz.89496@gmail.com,Los Angeles,California,United States,North America,Affiliate
89541,Kimberly Torres,Female,41,2024-06-24,kimberly.torres.89541@gmail.com,São Paulo,São Paulo,Brazil,Latin America,Paid Search
89548,Leah Perez,Female,60,2024-04-22,leah.perez.89548@gmail.com,Chicago,Illinois,United States,North America,Organic Search
89555,Adam Brooks,Non-Binary,42,2025-04-23,adam.brooks.89555@gmail.com,Chicago,Illinois,United States,North America,Paid Search
89568,Elijah Weber,Male,28,2024-12-16,elijah.weber.89568@gmail.com,Dallas,Texas,United States,North America,Paid Search
89602,Jennifer Cruz,Female,47,2021-07-16,jennifer.cruz.89602@gmail.com,Paris,Île-de-France,France,Europe,Referral
89614,Liam Wright,Male,37,2023-03-03,liam.wright.89614@icloud.com,Delhi,Delhi,India,Asia-Pacific,Organic Search
89626,Gerald Nelson,Male,31,2024-09-28,gerald.nelson.89626@gmail.com,Seattle,Washington,United States,North America,Referral
89645,Ethan Martinez,Male,31,2024-11-11,ethan.martinez.89645@gmail.com,London,Greater London,United Kingdom,Europe,Email
89663,Jeffrey Taylor,Male,50,2024-10-30,jeffrey.taylor.89663@yahoo.com,Toronto,Ontario,Canada,North America,Paid Search
89675,Christian Moreau,Male,24,2023-09-29,christian.moreau.89675@gmail.com,Paris,Île-de-France,France,Europe,Organic Search
89678,Walter Castillo,Male,53,2024-08-08,walter.castillo.89678@gmail.com,Berlin,Berlin,Germany,Europe,Organic Search
89686,Grace Howard,Female,41,2025-01-29,grace.howard.89686@gmail.com,Phoenix,Arizona,United States,North America,Direct
89701,Vivaan Schneider,Male,24,2025-06-23,vivaan.schneider.89701@icloud.com,Sydney,New South Wales,Australia,Asia-Pacific,Referral
89716,Daniel Martinez,Male,31,2023-09-18,daniel.martinez.89716@outlook.com,Munich,Bavaria,Germany,Europe,Organic Search
89720,Melissa Diaz,Female,57,2025-08-21,melissa.diaz.89720@gmail.com,Birmingham,West Midlands,United Kingdom,Europe,Paid Search
89750,Walter Wagner,Male,45,2022-01-25,walter.wagner.89750@yahoo.com,Atlanta,Georgia,United States,North America,Social Media
89759,Angela Turner,Female,34,2023-11-24,angela.turner.89759@icloud.com,Atlanta,Georgia,United States,North America,Paid Search
89761,Lawrence Diaz,Male,19,2024-07-05,lawrence.diaz.89761@gmail.com,London,Greater London,United Kingdom,Europe,Paid Search
89763,Karen Young,Female,40,2022-03-31,karen.young.89763@gmail.com,Houston,Texas,United States,North America,Social Media
89785,Patricia Scott,Female,18,2023-01-27,patricia.scott.89785@gmail.com,Berlin,Berlin,Germany,Europe,Email
89801,Elijah Flores,Male,59,2023-09-02,elijah.flores.89801@yahoo.com,Chicago,Illinois,United States,North America,Paid Search
89802,Krishna Turner,Male,49,2022-02-05,krishna.turner.89802@gmail.com,Bengaluru,Karnataka,India,Asia-Pacific,Referral
89858,Noah Cook,Male,28,2024-07-28,noah.cook.89858@gmail.com,Los Angeles,California,United States,North America,Organic Search
89875,Jordan Evans,Male,41,2025-03-23,jordan.evans.89875@outlook.com,São Paulo,São Paulo,Brazil,Latin America,Paid Search
89885,Andrea Morales,Female,32,2023-08-24,andrea.morales.89885@yahoo.com,New York,New York,United States,North America,Direct
89897,Saanvi White,Female,38,2025-08-22,saanvi.white.89897@icloud.com,Birmingham,West Midlands,United Kingdom,Europe,Social Media
89913,Sai Torres,Male,31,2025-03-03,sai.torres.89913@protonmail.com,New York,New York,United States,North America,Paid Search
89922,Peter Miller,Male,39,2022-03-13,peter.miller.89922@outlook.com,London,Greater London,United Kingdom,Europe,Social Media
89937,Timothy Bennett,Male,28,2024-11-27,timothy.bennett.89937@gmail.com,Sydney,New South Wales,Australia,Asia-Pacific,Paid Search
89946,Joe Sharma,Male,69,2022-11-17,joe.sharma.89946@yahoo.com,New York,New York,United States,North America,Paid Search
89973,Kabir James,Male,39,2024-05-04,kabir.james.89973@gmail.com,Manchester,Greater Manchester,United Kingdom,Europe,Organic Search
89990,Frances Weber,Female,28,2025-02-16,frances.weber.89990@gmail.com,Miami,Florida,United States,North America,Organic Search
90006,Lucas Robinson,Male,33,2024-08-17,lucas.robinson.90006@gmail.com,Seattle,Washington,United States,North America,Email
90010,Eleanor Morris,Female,53,2025-05-11,eleanor.morris.90010@gmail.com,Phoenix,Arizona,United States,North America,Organic Search
90055,Philip Morales,Male,40,2024-11-19,philip.morales.90055@yahoo.com,Houston,Texas,United States,North America,Organic Search
90071,Steven James,Male,36,2022-01-12,steven.james.90071@outlook.com,Melbourne,Victoria,Australia,Asia-Pacific,Social Media
90081,Zoe Alvarez,Female,46,2025-05-15,zoe.alvarez.90081@gmail.com,Birmingham,West Midlands,United Kingdom,Europe,Organic Search
90092,Abigail Hernandez,Female,44,2022-05-30,abigail.hernandez.90092@yahoo.com,Manchester,Greater Manchester,United Kingdom,Europe,Organic Search
90141,Alexander Patel,Male,38,2024-04-14,alexander.patel.90141@yahoo.com,Atlanta,Georgia,United States,North America,Direct
90149,Jordan Scott,Male,36,2023-08-31,jordan.scott.90149@outlook.com,London,Greater London,United Kingdom,Europe,Social Media
90164,Diane Williams,Female,51,2023-07-11,diane.williams.90164@yahoo.com,Vancouver,British Columbia,Canada,North America,Social Media
90167,Bobby Patel,Male,36,2021-06-02,bobby.patel.90167@outlook.com,New York,New York,United States,North America,Organic Search
90172,Diya Young,Female,25,2024-12-23,diya.young.90172@icloud.com,Bengaluru,Karnataka,India,Asia-Pacific,Social Media
90188,Andrew Rogers,Male,36,2023-06-25,andrew.rogers.90188@yahoo.com,Los Angeles,California,United States,North America,Social Media
90213,Dennis Dubois,Male,25,2023-11-09,dennis.dubois.90213@gmail.com,New York,New York,United States,North America,Organic Search
90226,Joseph Jones,Male,30,2023-02-13,joseph.jones.90226@gmail.com,Mumbai,Maharashtra,India,Asia-Pacific,Organic Search
90262,Carl Thompson,Male,20,2025-04-17,carl.thompson.90262@yahoo.com,London,Greater London,United Kingdom,Europe,Social Media
90288,Stella Kim,Female,23,2025-10-05,stella.kim.90288@gmail.com,Mumbai,Maharashtra,India,Asia-Pacific,Paid Search
90289,Grace Lee,Female,51,2025-10-06,grace.lee.90289@icloud.com,Miami,Florida,United States,North America,Social Media
90331,Penelope King,Female,38,2023-03-13,penelope.king.90331@gmail.com,Chicago,Illinois,United States,North America,Direct
90348,Judith Stewart,Female,36,2024-05-20,judith.stewart.90348@gmail.com,New York,New York,United States,North America,Direct
90349,Daniel Nguyen,Male,39,2024-03-28,daniel.nguyen.90349@gmail.com,Dallas,Texas,United States,North America,Social Media
90361,Robert Scott,Male,36,2023-10-04,robert.scott.90361@gmail.com,Chicago,Illinois,United States,North America,Organic Search
90388,Joan Wagner,Female,35,2022-04-05,joan.wagner.90388@gmail.com,Chicago,Illinois,United States,North America,Email
90389,Maria Ramos,Female,34,2023-11-11,maria.ramos.90389@outlook.com,Dallas,Texas,United States,North America,Direct
90407,Frances James,Female,18,2025-06-14,frances.james.90407@yahoo.com,Miami,Florida,United States,North America,Paid Search
90425,Lauren King,Female,45,2024-07-16,lauren.king.90425@yahoo.com,Berlin,Berlin,Germany,Europe,Social Media
90445,Dorothy Williams,Female,54,2023-12-31,dorothy.williams.90445@gmail.com,Berlin,Berlin,Germany,Europe,Social Media
90454,Diya Roberts,Female,42,2025-03-16,diya.roberts.90454@gmail.com,Chicago,Illinois,United States,North America,Paid Search
90536,Samantha Cook,Female,25,2024-01-26,samantha.cook.90536@outlook.com,New York,New York,United States,North America,Direct
90542,Michael Walker,Male,24,2025-08-28,michael.walker.90542@outlook.com,Chicago,Illinois,United States,North America,Direct
90571,Nicholas Campbell,Male,35,2024-04-07,nicholas.campbell.90571@outlook.com,Birmingham,West Midlands,United Kingdom,Europe,Organic Search
90595,Alice Scott,Female,43,2021-11-02,alice.scott.90595@gmail.com,London,Greater London,United Kingdom,Europe,Organic Search
90597,Aaron Ramirez,Male,18,2024-02-04,aaron.ramirez.90597@icloud.com,London,Greater London,United Kingdom,Europe,Social Media
90623,Samuel Kelly,Male,23,2024-02-05,samuel.kelly.90623@icloud.com,Houston,Texas,United States,North America,Direct
90625,Louis Gonzalez,Male,25,2023-12-01,louis.gonzalez.90625@yahoo.com,Los Angeles,California,United States,North America,Email
90628,Jessica Stewart,Female,22,2024-05-21,jessica.stewart.90628@gmail.com,Chicago,Illinois,United States,North America,Organic Search
90636,Alexander Rodriguez,Male,59,2022-02-25,alexander.rodriguez.90636@yahoo.com,Delhi,Delhi,India,Asia-Pacific,Social Media
90647,Cheryl Diaz,Female,36,2022-11-11,cheryl.diaz.90647@outlook.com,Houston,Texas,United States,North America,Paid Search
90677,Benjamin Collins,Male,28,2024-05-21,benjamin.collins.90677@gmail.com,Los Angeles,California,United States,North America,Direct
90690,Elizabeth Martin,Female,32,2022-08-28,elizabeth.martin.90690@yahoo.com,Dallas,Texas,United States,North America,Social Media
90692,Debra Becker,Female,34,2022-11-12,debra.becker.90692@gmail.com,Mexico City,CDMX,Mexico,Latin America,Direct
90699,Michael Wagner,Male,33,2022-12-27,michael.wagner.90699@corporate.org,Toronto,Ontario,Canada,North America,Paid Search
90726,Robert Walker,Male,31,2021-11-23,robert.walker.90726@yahoo.com,Paris,Île-de-France,France,Europe,Direct
90740,Mark Kim,Male,53,2024-08-13,mark.kim.90740@gmail.com,New York,New York,United States,North America,Paid Search
90752,Dennis Perez,Male,37,2022-02-03,dennis.perez.90752@outlook.com,London,Greater London,United Kingdom,Europe,Social Media
90799,Anna Morales,Female,50,2024-05-24,anna.morales.90799@gmail.com,Los Angeles,California,United States,North America,Organic Search
90820,Aanya Wright,Female,34,2024-05-10,aanya.wright.90820@gmail.com,Philadelphia,Pennsylvania,United States,North America,Organic Search
90841,Maria King,Female,32,2024-08-31,maria.king.90841@gmail.com,London,Greater London,United Kingdom,Europe,Paid Search
90845,Joan Sanders,Female,33,2022-08-20,joan.sanders.90845@corporate.org,London,Greater London,United Kingdom,Europe,Organic Search
90847,Rachel Murphy,Female,43,2025-09-26,rachel.murphy.90847@gmail.com,Mumbai,Maharashtra,India,Asia-Pacific,Organic Search
90866,Victoria Chavez,Female,42,2024-08-30,victoria.chavez.90866@gmail.com,Dallas,Texas,United States,North America,Social Media
90874,Angela Cruz,Female,50,2022-09-04,angela.cruz.90874@outlook.com,Mumbai,Maharashtra,India,Asia-Pacific,Email
90889,Betty Ramos,Female,51,2022-01-29,betty.ramos.90889@gmail.com,Phoenix,Arizona,United States,North America,Organic Search
90906,Noah Castillo,Male,42,2025-04-04,noah.castillo.90906@outlook.com,Delhi,Delhi,India,Asia-Pacific,Organic Search
90918,Grace Hall,Female,34,2025-05-02,grace.hall.90918@outlook.com,Seattle,Washington,United States,North America,Paid Search
90925,Grace White,Female,47,2025-01-06,grace.white.90925@corporate.org,Frankfurt,Hesse,Germany,Europe,Organic Search
90946,Joshua Sharma,Non-Binary,40,2025-04-22,joshua.sharma.90946@gmail.com,London,Greater London,United Kingdom,Europe,Paid Search
90970,Jennifer Davis,Female,34,2021-06-11,jennifer.davis.90970@gmail.com,Chicago,Illinois,United States,North America,Organic Search
91075,Donald Bailey,Male,42,2024-10-27,donald.bailey.91075@outlook.com,Delhi,Delhi,India,Asia-Pacific,Email
91113,Jennifer Hill,Female,51,2025-07-30,jennifer.hill.91113@gmail.com,Seattle,Washington,United States,North America,Paid Search
91192,Jose Kumar,Male,32,2021-12-27,jose.kumar.91192@yahoo.com,Los Angeles,California,United States,North America,Paid Search
91202,Kabir Nelson,Male,54,2021-10-12,kabir.nelson.91202@gmail.com,Chicago,Illinois,United States,North America,Paid Search
91257,Riley Turner,Female,32,2024-03-27,riley.turner.91257@gmail.com,Bengaluru,Karnataka,India,Asia-Pacific,Referral
91261,Karen Smith,Female,35,2025-09-28,karen.smith.91261@protonmail.com,Los Angeles,California,United States,North America,Paid Search
91271,Hannah Moore,Female,27,2024-11-09,hannah.moore.91271@gmail.com,Los Angeles,California,United States,North America,Organic Search
91280,Christine Howard,Female,56,2022-08-16,christine.howard.91280@yahoo.com,Miami,Florida,United States,North America,Social Media
91292,Grace Alvarez,Female,31,2023-08-08,grace.alvarez.91292@yahoo.com,Houston,Texas,United States,North America,Social Media
91293,Henry Baker,Male,34,2022-07-31,henry.baker.91293@gmail.com,Toronto,Ontario,Canada,North America,Organic Search
91340,Anna Kelly,Female,30,2024-03-17,anna.kelly.91340@outlook.com,Berlin,Berlin,Germany,Europe,Social Media
91346,Grace Gomez,Female,31,2025-01-07,grace.gomez.91346@outlook.com,Vancouver,British Columbia,Canada,North America,Paid Search
91351,Susan Harris,Female,34,2024-03-24,susan.harris.91351@gmail.com,London,Greater London,United Kingdom,Europe,Social Media
91357,Karen Hernandez,Female,51,2023-10-20,karen.hernandez.91357@gmail.com,Atlanta,Georgia,United States,North America,Social Media
91398,Kabir Meyer,Male,53,2022-10-18,kabir.meyer.91398@yahoo.com,Houston,Texas,United States,North America,Paid Search
91401,Riley Williams,Female,30,2025-04-14,riley.williams.91401@yahoo.com,Lyon,Auvergne-Rhône-Alpes,France,Europe,Direct
91410,Lily Jones,Female,25,2023-09-08,lily.jones.91410@gmail.com,Birmingham,West Midlands,United Kingdom,Europe,Paid Search
91435,Jose Moore,Male,33,2025-09-25,jose.moore.91435@gmail.com,Dallas,Texas,United States,North America,Organic Search
91480,Victoria Ward,Female,33,2021-10-25,victoria.ward.91480@outlook.com,Los Angeles,California,United States,North America,Social Media
91517,Anthony Richardson,Male,35,2025-05-28,anthony.richardson.91517@icloud.com,Frankfurt,Hesse,Germany,Europe,Social Media
91524,Krishna Evans,Male,41,2022-10-08,krishna.evans.91524@gmail.com,São Paulo,São Paulo,Brazil,Latin America,Social Media
91540,Virginia Diaz,Female,33,2022-04-28,virginia.diaz.91540@gmail.com,Los Angeles,California,United States,North America,Referral
91579,Michelle Hernandez,Female,18,2022-06-05,michelle.hernandez.91579@gmail.com,Sydney,New South Wales,Australia,Asia-Pacific,Email
91605,Bradley Cook,Male,31,2023-05-10,bradley.cook.91605@gmail.com,Philadelphia,Pennsylvania,United States,North America,Direct
91607,Justin Ramos,Male,29,2021-10-28,justin.ramos.91607@gmail.com,Phoenix,Arizona,United States,North America,Paid Search
91645,Christina Sanders,Female,43,2024-03-14,christina.sanders.91645@gmail.com,Paris,Île-de-France,France,Europe,Affiliate
91678,Heather Lee,Female,55,2023-05-14,heather.lee.91678@icloud.com,Los Angeles,California,United States,North America,Paid Search
91712,Jose Brown,Male,27,2024-11-27,jose.brown.91712@outlook.com,Melbourne,Victoria,Australia,Asia-Pacific,Paid Search
91718,Diya Flores,Female,18,2022-08-09,diya.flores.91718@outlook.com,New York,New York,United States,North America,Direct
91729,Gabriel Nguyen,Male,39,2024-03-20,gabriel.nguyen.91729@outlook.com,Chicago,Illinois,United States,North America,Social Media
91765,Aanya King,Female,31,2024-07-04,aanya.king.91765@gmail.com,London,Greater London,United Kingdom,Europe,Organic Search
91771,Reyansh Adams,Male,38,2024-05-25,reyansh.adams.91771@yahoo.com,Mumbai,Maharashtra,India,Asia-Pacific,Organic Search
91798,Noah Smith,Male,25,2025-10-12,noah.smith.91798@gmail.com,London,Greater London,United Kingdom,Europe,Organic Search
91828,Scott Cook,Male,30,2022-02-20,scott.cook.91828@gmail.com,Toronto,Ontario,Canada,North America,Social Media
91852,Gregory Jones,Male,42,2025-09-05,gregory.jones.91852@yahoo.com,Los Angeles,California,United States,North America,Organic Search
91861,Frank Chavez,Male,43,2022-02-01,frank.chavez.91861@gmail.com,Phoenix,Arizona,United States,North America,Paid Search
91869,Edward Miller,Male,43,2025-05-12,edward.miller.91869@gmail.com,Chicago,Illinois,United States,North America,Social Media
91892,Elijah Bailey,Male,40,2022-11-27,elijah.bailey.91892@gmail.com,Melbourne,Victoria,Australia,Asia-Pacific,Email
91901,Sharon Edwards,Female,29,2021-05-07,sharon.edwards.91901@yahoo.com,Houston,Texas,United States,North America,Paid Search
91904,Willie Moore,Male,37,2022-05-25,willie.moore.91904@gmail.com,Delhi,Delhi,India,Asia-Pacific,Direct
91907,Olivia Brown,Female,27,2024-03-16,olivia.brown.91907@gmail.com,Miami,Florida,United States,North America,Direct
91918,Elijah Cook,Male,23,2024-07-20,elijah.cook.91918@yahoo.com,Seattle,Washington,United States,North America,Paid Search
91924,Deborah Clark,Female,32,2022-07-30,deborah.clark.91924@gmail.com,New York,New York,United States,North America,Organic Search
91933,Jean Howard,Female,36,2025-05-27,jean.howard.91933@protonmail.com,Los Angeles,California,United States,North America,Social Media
91950,John Bennett,Male,31,2021-10-19,john.bennett.91950@gmail.com,Paris,Île-de-France,France,Europe,Social Media
91952,Patrick Cox,Male,42,2024-09-15,patrick.cox.91952@gmail.com,Philadelphia,Pennsylvania,United States,North America,Social Media
91967,Zoey Anderson,Female,24,2025-05-04,zoey.anderson.91967@outlook.com,Phoenix,Arizona,United States,North America,Paid Search
91976,Avani Cook,Female,23,2021-03-15,avani.cook.91976@outlook.com,Sydney,New South Wales,Australia,Asia-Pacific,Email
91987,Jesse Davis,Male,21,2023-07-08,jesse.davis.91987@gmail.com,Paris,Île-de-France,France,Europe,Paid Search
92025,Ann Kumar,Female,27,2024-08-15,ann.kumar.92025@gmail.com,Chicago,Illinois,United States,North America,Paid Search
92036,Sandra Hall,Female,33,2025-07-15,sandra.hall.92036@gmail.com,Los Angeles,California,United States,North America,Affiliate
92072,Vincent Scott,Male,39,2023-07-31,vincent.scott.92072@gmail.com,Philadelphia,Pennsylvania,United States,North America,Organic Search
92079,Raymond Lewis,Male,42,2025-01-09,raymond.lewis.92079@outlook.com,Dallas,Texas,United States,North America,Organic Search
92081,Lawrence Harris,Male,42,2025-04-11,lawrence.harris.92081@outlook.com,New York,New York,United States,North America,Paid Search
92104,Brenda Fischer,Female,54,2024-11-01,brenda.fischer.92104@gmail.com,Houston,Texas,United States,North America,Organic Search
92107,Addison Carter,Female,30,2023-08-14,addison.carter.92107@yahoo.com,Melbourne,Victoria,Australia,Asia-Pacific,Referral
92123,Raymond Cook,Male,35,2025-05-13,raymond.cook.92123@gmail.com,Chicago,Illinois,United States,North America,Social Media
92130,Kathleen Lee,Female,32,2024-11-16,kathleen.lee.92130@gmail.com,São Paulo,São Paulo,Brazil,Latin America,Social Media
92155,Gloria Jackson,Female,39,2025-10-20,gloria.jackson.92155@outlook.com,Frankfurt,Hesse,Germany,Europe,Paid Search
92190,Bobby Reyes,Male,47,2023-04-01,bobby.reyes.92190@yahoo.com,Sydney,New South Wales,Australia,Asia-Pacific,Paid Search
92195,Austin Carter,Male,38,2024-02-05,austin.carter.92195@gmail.com,Seattle,Washington,United States,North America,Social Media
92215,Pamela Young,Non-Binary,42,2024-12-03,pamela.young.92215@gmail.com,Los Angeles,California,United States,North America,Paid Search
92223,Megan Ward,Female,33,2021-11-12,megan.ward.92223@gmail.com,Houston,Texas,United States,North America,Direct
92277,Ryan Hughes,Male,42,2021-11-02,ryan.hughes.92277@gmail.com,New York,New York,United States,North America,Organic Search
92316,Amy Cox,Female,18,2025-08-06,amy.cox.92316@gmail.com,Houston,Texas,United States,North America,Social Media
92364,Lawrence Patel,Male,25,2022-01-03,lawrence.patel.92364@yahoo.com,Miami,Florida,United States,North America,Referral
92367,Billy Morales,Male,51,2021-07-20,billy.morales.92367@icloud.com,Chicago,Illinois,United States,North America,Social Media
92373,Dennis Rivera,Male,43,2024-03-15,dennis.rivera.92373@yahoo.com,Los Angeles,California,United States,North America,Direct
92375,John Lee,Male,40,2023-11-23,john.lee.92375@outlook.com,Paris,Île-de-France,France,Europe,Organic Search
92386,Terry Parker,Male,46,2021-04-24,terry.parker.92386@gmail.com,Houston,Texas,United States,North America,Organic Search
92392,Ronald Clark,Male,25,2022-04-01,ronald.clark.92392@gmail.com,Miami,Florida,United States,North America,Referral
92446,Frances Ramirez,Female,43,2024-09-08,frances.ramirez.92446@gmail.com,Philadelphia,Pennsylvania,United States,North America,Organic Search
92481,Sophia Johnson,Female,48,2023-07-23,sophia.johnson.92481@icloud.com,Phoenix,Arizona,United States,North America,Social Media
92505,Keith Peterson,Male,25,2024-08-05,keith.peterson.92505@gmail.com,Dallas,Texas,United States,North America,Email
92508,Scott Smith,Male,18,2024-12-08,scott.smith.92508@gmail.com,New York,New York,United States,North America,Email
92513,Wayne Howard,Male,31,2024-09-06,wayne.howard.92513@gmail.com,New York,New York,United States,North America,Referral
92540,Mary King,Female,41,2024-12-25,mary.king.92540@gmail.com,Los Angeles,California,United States,North America,Social Media
92587,Michelle Nguyen,Female,53,2025-09-20,michelle.nguyen.92587@gmail.com,Dallas,Texas,United States,North America,Social Media
92606,Kelly Weber,Female,43,2023-02-13,kelly.weber.92606@gmail.com,New York,New York,United States,North America,Social Media
92610,David Sanchez,Male,42,2021-03-27,david.sanchez.92610@gmail.com,New York,New York,United States,North America,Direct
92651,Ronald Cruz,Male,38,2023-02-25,ronald.cruz.92651@gmail.com,New York,New York,United States,North America,Social Media
92654,Dorothy Turner,Female,27,2025-06-30,dorothy.turner.92654@gmail.com,São Paulo,São Paulo,Brazil,Latin America,Organic Search
92655,Philip Howard,Male,45,2025-06-01,philip.howard.92655@outlook.com,Manchester,Greater Manchester,United Kingdom,Europe,Paid Search
92661,George Martin,Male,33,2023-09-04,george.martin.92661@gmail.com,Dallas,Texas,United States,North America,Paid Search
92698,Carolyn Rivera,Female,18,2023-07-03,carolyn.rivera.92698@gmail.com,London,Greater London,United Kingdom,Europe,Direct
92726,Jack Richardson,Male,38,2024-06-24,jack.richardson.92726@yahoo.com,New York,New York,United States,North America,Organic Search
92731,Thomas Cruz,Male,57,2024-11-14,thomas.cruz.92731@gmail.com,Manchester,Greater Manchester,United Kingdom,Europe,Organic Search
92768,Zoe James,Female,29,2023-03-18,zoe.james.92768@gmail.com,Los Angeles,California,United States,North America,Paid Search
92769,Martha Thomas,Female,39,2025-06-18,martha.thomas.92769@gmail.com,Los Angeles,California,United States,North America,Social Media
92772,Brian Becker,Male,49,2023-11-29,brian.becker.92772@icloud.com,London,Greater London,United Kingdom,Europe,Social Media
92781,Carl Ortiz,Male,18,2022-02-15,carl.ortiz.92781@gmail.com,Manchester,Greater Manchester,United Kingdom,Europe,Organic Search
92800,Navya Bailey,Female,53,2025-01-21,navya.bailey.92800@yahoo.com,Melbourne,Victoria,Australia,Asia-Pacific,Paid Search
92801,Samuel Lopez,Male,57,2024-10-13,samuel.lopez.92801@outlook.com,Vancouver,British Columbia,Canada,North America,Direct
92862,Zoey Gupta,Female,19,2025-03-15,zoey.gupta.92862@outlook.com,São Paulo,São Paulo,Brazil,Latin America,Paid Search
92893,Eugene Taylor,Male,50,2024-04-10,eugene.taylor.92893@gmail.com,Manchester,Greater Manchester,United Kingdom,Europe,Organic Search
92895,Madison Schneider,Female,52,2025-08-25,madison.schneider.92895@outlook.com,London,Greater London,United Kingdom,Europe,Social Media
93016,Krishna Ramos,Male,37,2022-12-11,krishna.ramos.93016@yahoo.com,Frankfurt,Hesse,Germany,Europe,Social Media
93021,Frank Kelly,Male,46,2023-05-10,frank.kelly.93021@gmail.com,Melbourne,Victoria,Australia,Asia-Pacific,Paid Search
93050,Theo Hill,Male,30,2024-06-12,theo.hill.93050@protonmail.com,Los Angeles,California,United States,North America,Email
93058,Ryan Taylor,Male,32,2022-05-10,ryan.taylor.93058@gmail.com,Chicago,Illinois,United States,North America,Paid Search
93066,Aarav Castillo,Male,40,2023-10-05,aarav.castillo.93066@gmail.com,Chicago,Illinois,United States,North America,Email
93156,Abigail Johnson,Female,37,2023-12-05,abigail.johnson.93156@gmail.com,Seattle,Washington,United States,North America,Social Media
93159,Jean Edwards,Female,24,2023-04-29,jean.edwards.93159@gmail.com,São Paulo,São Paulo,Brazil,Latin America,Email
93166,Jordan Morgan,Male,38,2025-02-16,jordan.morgan.93166@gmail.com,Toronto,Ontario,Canada,North America,Referral
93186,Lucas Green,Male,18,2025-08-03,lucas.green.93186@gmail.com,Manchester,Greater Manchester,United Kingdom,Europe,Organic Search
93208,Penelope Diaz,Female,42,2024-09-23,penelope.diaz.93208@outlook.com,Mumbai,Maharashtra,India,Asia-Pacific,Paid Search
93211,Leah Becker,Female,39,2024-12-04,leah.becker.93211@gmail.com,Los Angeles,California,United States,North America,Social Media
93213,Janet Gutierrez,Female,18,2022-07-11,janet.gutierrez.93213@yahoo.com,Munich,Bavaria,Germany,Europe,Direct
93222,Raymond Williams,Male,35,2025-01-11,raymond.williams.93222@gmail.com,Frankfurt,Hesse,Germany,Europe,Social Media
93223,Arjun Brooks,Male,37,2024-04-06,arjun.brooks.93223@icloud.com,Los Angeles,California,United States,North America,Referral
93242,Ellie Bailey,Female,43,2025-01-25,ellie.bailey.93242@outlook.com,Chicago,Illinois,United States,North America,Organic Search
93269,Gloria Nelson,Female,48,2022-04-04,gloria.nelson.93269@protonmail.com,Manchester,Greater Manchester,United Kingdom,Europe,Paid Search
93280,Camila Jones,Female,27,2025-09-15,camila.jones.93280@outlook.com,Los Angeles,California,United States,North America,Email
93286,Patricia Price,Female,59,2023-07-14,patricia.price.93286@gmail.com,Toronto,Ontario,Canada,North America,Social Media
93320,Sophia Ward,Female,47,2022-01-31,sophia.ward.93320@gmail.com,London,Greater London,United Kingdom,Europe,Organic Search
93323,Joyce Cook,Female,49,2023-12-27,joyce.cook.93323@gmail.com,Vancouver,British Columbia,Canada,North America,Organic Search
93340,Michelle Sharma,Female,38,2024-12-11,michelle.sharma.93340@yahoo.com,Mumbai,Maharashtra,India,Asia-Pacific,Paid Search
93356,Benjamin Johnson,Non-Binary,48,2022-12-13,benjamin.johnson.93356@gmail.com,New York,New York,United States,North America,Paid Search
93370,Melissa Thomas,Female,34,2021-03-16,melissa.thomas.93370@gmail.com,Frankfurt,Hesse,Germany,Europe,Organic Search
93387,Evelyn Cook,Female,34,2021-07-17,evelyn.cook.93387@yahoo.com,New York,New York,United States,North America,Email
93389,Theo Ortiz,Male,31,2025-02-10,theo.ortiz.93389@gmail.com,Mumbai,Maharashtra,India,Asia-Pacific,Social Media
93391,Justin Davis,Male,65,2025-10-07,justin.davis.93391@gmail.com,Toronto,Ontario,Canada,North America,Organic Search
93399,Cheryl Hill,Female,68,2025-08-15,cheryl.hill.93399@icloud.com,Chicago,Illinois,United States,North America,Paid Search
93430,Sandra Smith,Female,31,2023-03-08,sandra.smith.93430@gmail.com,Miami,Florida,United States,North America,Organic Search
93434,Anna Adams,Female,45,2024-07-28,anna.adams.93434@yahoo.com,Los Angeles,California,United States,North America,Affiliate
93451,Sarah Gupta,Female,31,2024-11-07,sarah.gupta.93451@yahoo.com,Sydney,New South Wales,Australia,Asia-Pacific,Email
93499,Terry Fischer,Male,34,2025-09-17,terry.fischer.93499@gmail.com,London,Greater London,United Kingdom,Europe,Paid Search
93596,Avani Castillo,Female,32,2025-09-02,avani.castillo.93596@gmail.com,Mumbai,Maharashtra,India,Asia-Pacific,Organic Search
93675,Teresa Collins,Female,52,2025-07-04,teresa.collins.93675@icloud.com,Phoenix,Arizona,United States,North America,Email
93724,Kabir Sanchez,Male,45,2024-05-21,kabir.sanchez.93724@yahoo.com,New York,New York,United States,North America,Email
93740,Randy Ramos,Male,51,2025-05-30,randy.ramos.93740@gmail.com,Los Angeles,California,United States,North America,Affiliate
93793,Camila Patel,Female,33,2024-07-14,camila.patel.93793@gmail.com,Manchester,Greater Manchester,United Kingdom,Europe,Paid Search
93799,Janet Cooper,Female,30,2023-12-19,janet.cooper.93799@gmail.com,Phoenix,Arizona,United States,North America,Organic Search
93802,Justin Morales,Male,55,2024-10-08,justin.morales.93802@gmail.com,Chicago,Illinois,United States,North America,Direct
93806,Carol Richardson,Female,18,2021-08-27,carol.richardson.93806@yahoo.com,London,Greater London,United Kingdom,Europe,Paid Search
93875,Carolyn Patel,Female,18,2023-06-08,carolyn.patel.93875@icloud.com,Chicago,Illinois,United States,North America,Organic Search
93899,Billy Clark,Male,46,2022-11-06,billy.clark.93899@outlook.com,Delhi,Delhi,India,Asia-Pacific,Social Media
93907,Philip Wagner,Male,23,2024-05-27,philip.wagner.93907@outlook.com,Miami,Florida,United States,North America,Referral
93965,Olivia Johnson,Female,45,2025-08-23,olivia.johnson.93965@protonmail.com,Philadelphia,Pennsylvania,United States,North America,Email
93986,Bradley Baker,Male,30,2023-03-08,bradley.baker.93986@gmail.com,Delhi,Delhi,India,Asia-Pacific,Social Media
94004,Thomas Evans,Male,46,2025-10-29,thomas.evans.94004@yahoo.com,Houston,Texas,United States,North America,Email
94011,Jacqueline Hughes,Female,32,2023-09-08,jacqueline.hughes.94011@gmail.com,Toronto,Ontario,Canada,North America,Social Media
94034,Aubrey Wilson,Female,32,2025-08-01,aubrey.wilson.94034@outlook.com,Sydney,New South Wales,Australia,Asia-Pacific,Social Media
94063,Sara Watson,Female,40,2024-08-16,sara.watson.94063@outlook.com,New York,New York,United States,North America,Paid Search
94094,Kevin James,Male,47,2021-07-01,kevin.james.94094@gmail.com,Dallas,Texas,United States,North America,Direct
94116,James Meyer,Male,33,2021-11-23,james.meyer.94116@gmail.com,Los Angeles,California,United States,North America,Affiliate
94123,Sara Kumar,Female,30,2024-04-26,sara.kumar.94123@gmail.com,New York,New York,United States,North America,Paid Search
94147,Matthew Reed,Male,42,2024-12-30,matthew.reed.94147@gmail.com,Mexico City,CDMX,Mexico,Latin America,Paid Search
94190,Lily Bailey,Female,41,2025-07-02,lily.bailey.94190@gmail.com,Dallas,Texas,United States,North America,Organic Search
94194,Amy Harris,Female,45,2024-10-24,amy.harris.94194@gmail.com,Phoenix,Arizona,United States,North America,Social Media
94226,Gregory Fischer,Male,34,2025-06-15,gregory.fischer.94226@outlook.com,Chicago,Illinois,United States,North America,Email
94229,Sean Jones,Male,60,2021-10-25,sean.jones.94229@outlook.com,Paris,Île-de-France,France,Europe,Organic Search
94233,Betty Adams,Female,48,2024-01-18,betty.adams.94233@gmail.com,New York,New York,United States,North America,Referral
94239,Joseph Perez,Male,18,2025-07-11,joseph.perez.94239@gmail.com,Houston,Texas,United States,North America,Social Media
94273,Vincent Dubois,Male,52,2023-08-29,vincent.dubois.94273@outlook.com,Philadelphia,Pennsylvania,United States,North America,Organic Search
94302,Krishna Rivera,Male,28,2023-11-19,krishna.rivera.94302@yahoo.com,Delhi,Delhi,India,Asia-Pacific,Organic Search
94314,Roy Baker,Male,48,2023-10-31,roy.baker.94314@yahoo.com,Houston,Texas,United States,North America,Affiliate
94322,Dennis Anderson,Male,49,2022-12-07,dennis.anderson.94322@outlook.com,Bengaluru,Karnataka,India,Asia-Pacific,Organic Search
94345,Camila Clark,Female,44,2025-06-25,camila.clark.94345@gmail.com,Houston,Texas,United States,North America,Email
94351,Ellie Walker,Female,39,2023-06-02,ellie.walker.94351@gmail.com,London,Greater London,United Kingdom,Europe,Social Media
94353,Camila Lewis,Female,42,2023-01-31,camila.lewis.94353@outlook.com,Seattle,Washington,United States,North America,Direct
94357,Angela Davis,Female,18,2021-05-11,angela.davis.94357@outlook.com,Atlanta,Georgia,United States,North America,Social Media
94366,Evelyn Stewart,Female,39,2022-08-05,evelyn.stewart.94366@gmail.com,Miami,Florida,United States,North America,Social Media
94374,Ronald Davies,Male,40,2024-12-20,ronald.davies.94374@outlook.com,Los Angeles,California,United States,North America,Social Media
94396,Ananya Brooks,Female,26,2021-07-28,ananya.brooks.94396@gmail.com,London,Greater London,United Kingdom,Europe,Email
94401,Samantha Ward,Female,47,2025-09-04,samantha.ward.94401@icloud.com,Lyon,Auvergne-Rhône-Alpes,France,Europe,Social Media
94403,Jerry Rivera,Male,31,2024-12-31,jerry.rivera.94403@yahoo.com,Paris,Île-de-France,France,Europe,Social Media
94437,Brandon Perez,Male,33,2025-01-15,brandon.perez.94437@gmail.com,Miami,Florida,United States,North America,Organic Search
94451,Albert Rivera,Male,35,2025-08-15,albert.rivera.94451@icloud.com,Dallas,Texas,United States,North America,Paid Search
94456,Saanvi Adams,Female,38,2023-06-25,saanvi.adams.94456@gmail.com,Seattle,Washington,United States,North America,Paid Search
94465,Stella Adams,Female,44,2025-02-28,stella.adams.94465@yahoo.com,Sydney,New South Wales,Australia,Asia-Pacific,Paid Search
94496,Heather Turner,Female,40,2021-09-04,heather.turner.94496@corporate.org,Chicago,Illinois,United States,North America,Paid Search
94534,Adam Ortiz,Male,57,2021-10-10,adam.ortiz.94534@icloud.com,Delhi,Delhi,India,Asia-Pacific,Social Media
94546,Victoria Edwards,Female,41,2025-04-01,victoria.edwards.94546@outlook.com,Seattle,Washington,United States,North America,Social Media
94594,Sarah Lopez,Female,18,2022-10-05,sarah.lopez.94594@gmail.com,Toronto,Ontario,Canada,North America,Organic Search
94607,Dennis Bennett,Male,71,2025-03-07,dennis.bennett.94607@yahoo.com,Philadelphia,Pennsylvania,United States,North America,Paid Search
94613,Andrew Collins,Male,50,2023-05-16,andrew.collins.94613@gmail.com,Chicago,Illinois,United States,North America,Paid Search
94624,Brian Bailey,Male,41,2025-08-12,brian.bailey.94624@gmail.com,Sydney,New South Wales,Australia,Asia-Pacific,Organic Search
94634,Randy Martin,Male,44,2025-08-07,randy.martin.94634@gmail.com,London,Greater London,United Kingdom,Europe,Paid Search
94637,Paul Alvarez,Male,39,2024-11-27,paul.alvarez.94637@yahoo.com,Delhi,Delhi,India,Asia-Pacific,Affiliate
94686,Billy Bennett,Male,18,2025-01-12,billy.bennett.94686@outlook.com,Houston,Texas,United States,North America,Affiliate
94732,Jacob Bennett,Male,46,2023-01-27,jacob.bennett.94732@gmail.com,Paris,Île-de-France,France,Europe,Organic Search
94736,Nicholas Lopez,Non-Binary,26,2024-10-03,nicholas.lopez.94736@yahoo.com,Bengaluru,Karnataka,India,Asia-Pacific,Affiliate
94746,Deborah Becker,Female,53,2021-10-31,deborah.becker.94746@gmail.com,London,Greater London,United Kingdom,Europe,Referral
94750,Aubrey Hernandez,Female,45,2023-05-14,aubrey.hernandez.94750@gmail.com,Chicago,Illinois,United States,North America,Email
94754,Nathan Wright,Male,32,2022-03-09,nathan.wright.94754@gmail.com,Mumbai,Maharashtra,India,Asia-Pacific,Social Media
94756,Peter Moore,Male,38,2024-10-06,peter.moore.94756@gmail.com,New York,New York,United States,North America,Paid Search
94785,Joan Collins,Female,53,2024-10-17,joan.collins.94785@gmail.com,Vancouver,British Columbia,Canada,North America,Paid Search
94811,Riley Martin,Female,20,2025-10-24,riley.martin.94811@gmail.com,Houston,Texas,United States,North America,Affiliate
94832,Debra Adams,Female,28,2023-08-19,debra.adams.94832@outlook.com,Lyon,Auvergne-Rhône-Alpes,France,Europe,Social Media
94844,Joseph Peterson,Male,47,2025-05-08,joseph.peterson.94844@gmail.com,Manchester,Greater Manchester,United Kingdom,Europe,Organic Search
94876,Oliver Moreau,Male,36,2023-10-13,oliver.moreau.94876@gmail.com,Delhi,Delhi,India,Asia-Pacific,Email
94880,Dennis Morgan,Male,51,2025-05-23,dennis.morgan.94880@gmail.com,Los Angeles,California,United States,North America,Social Media
94904,Louis White,Male,40,2025-09-26,louis.white.94904@yahoo.com,London,Greater London,United Kingdom,Europe,Organic Search
94962,Donna Rivera,Female,26,2023-04-03,donna.rivera.94962@gmail.com,Phoenix,Arizona,United States,North America,Affiliate
94970,Robert Lewis,Male,26,2025-09-03,robert.lewis.94970@yahoo.com,London,Greater London,United Kingdom,Europe,Organic Search
94978,Abigail Rodriguez,Non-Binary,45,2021-10-07,abigail.rodriguez.94978@icloud.com,Berlin,Berlin,Germany,Europe,Direct
95001,Nathan Kumar,Male,38,2024-06-28,nathan.kumar.95001@icloud.com,Mumbai,Maharashtra,India,Asia-Pacific,Social Media
95043,Larry Flores,Male,34,2024-07-10,larry.flores.95043@yahoo.com,London,Greater London,United Kingdom,Europe,Organic Search
95056,Dylan Lee,Male,41,2023-06-14,dylan.lee.95056@yahoo.com,Philadelphia,Pennsylvania,United States,North America,Organic Search
95059,Stephanie Jones,Female,37,2024-11-15,stephanie.jones.95059@outlook.com,London,Greater London,United Kingdom,Europe,Referral
95061,Andrea Williams,Female,31,2023-08-27,andrea.williams.95061@gmail.com,Sydney,New South Wales,Australia,Asia-Pacific,Organic Search
95085,Mary Cruz,Female,32,2024-05-28,mary.cruz.95085@yahoo.com,Houston,Texas,United States,North America,Paid Search
95114,Hudson Torres,Male,35,2021-10-06,hudson.torres.95114@icloud.com,Los Angeles,California,United States,North America,Social Media
95126,Myra Cook,Female,38,2023-08-04,myra.cook.95126@outlook.com,Birmingham,West Midlands,United Kingdom,Europe,Referral
95143,Cheryl Evans,Female,47,2021-01-11,cheryl.evans.95143@gmail.com,Dallas,Texas,United States,North America,Social Media
95144,Myra Kim,Female,23,2025-07-10,myra.kim.95144@gmail.com,Philadelphia,Pennsylvania,United States,North America,Affiliate
95151,Eleanor King,Female,37,2022-09-16,eleanor.king.95151@outlook.com,São Paulo,São Paulo,Brazil,Latin America,Affiliate
95152,Deborah Reyes,Female,31,2024-07-11,deborah.reyes.95152@gmail.com,Houston,Texas,United States,North America,Paid Search
95163,Carl Weber,Male,26,2022-06-17,carl.weber.95163@outlook.com,Chicago,Illinois,United States,North America,Email
95169,Noah Bailey,Male,53,2024-08-29,noah.bailey.95169@yahoo.com,New York,New York,United States,North America,Organic Search
95175,Penelope Campbell,Female,33,2024-05-03,penelope.campbell.95175@gmail.com,Manchester,Greater Manchester,United Kingdom,Europe,Referral
95182,Anna Wilson,Female,35,2023-11-14,anna.wilson.95182@icloud.com,São Paulo,São Paulo,Brazil,Latin America,Referral
95191,Janet Moreau,Female,47,2025-04-25,janet.moreau.95191@gmail.com,Philadelphia,Pennsylvania,United States,North America,Social Media
95216,Margaret Lee,Female,26,2022-10-28,margaret.lee.95216@outlook.com,Sydney,New South Wales,Australia,Asia-Pacific,Paid Search
95218,Elijah Mitchell,Male,52,2024-10-15,elijah.mitchell.95218@gmail.com,Houston,Texas,United States,North America,Referral
95248,Ronald Alvarez,Male,47,2024-09-11,ronald.alvarez.95248@outlook.com,New York,New York,United States,North America,Social Media
95249,Ellie Ramirez,Female,46,2024-01-20,ellie.ramirez.95249@gmail.com,New York,New York,United States,North America,Paid Search
95267,Ethan Johnson,Male,18,2024-05-23,ethan.johnson.95267@gmail.com,Munich,Bavaria,Germany,Europe,Social Media
95274,Maria Taylor,Female,28,2023-04-16,maria.taylor.95274@outlook.com,New York,New York,United States,North America,Social Media
95288,Edward Reyes,Male,37,2022-12-01,edward.reyes.95288@yahoo.com,Atlanta,Georgia,United States,North America,Organic Search
95292,Luca Ramos,Male,34,2024-04-12,luca.ramos.95292@gmail.com,Dallas,Texas,United States,North America,Social Media
95293,Carl Cook,Male,43,2021-03-12,carl.cook.95293@gmail.com,New York,New York,United States,North America,Paid Search
95312,Bobby Rao,Male,42,2024-01-14,bobby.rao.95312@gmail.com,Sydney,New South Wales,Australia,Asia-Pacific,Paid Search
95342,Ezra Castillo,Male,29,2025-10-02,ezra.castillo.95342@gmail.com,Bengaluru,Karnataka,India,Asia-Pacific,Direct
95383,Roy Peterson,Male,38,2023-11-30,roy.peterson.95383@gmail.com,Manchester,Greater Manchester,United Kingdom,Europe,Social Media
95428,Kathryn Adams,Female,20,2022-11-22,kathryn.adams.95428@gmail.com,New York,New York,United States,North America,Organic Search
95441,Christina Davies,Female,46,2024-04-26,christina.davies.95441@protonmail.com,Los Angeles,California,United States,North America,Social Media
95447,Aria Wright,Female,49,2025-01-24,aria.wright.95447@gmail.com,Atlanta,Georgia,United States,North America,Organic Search
95470,Anthony Torres,Male,47,2024-04-01,anthony.torres.95470@gmail.com,Munich,Bavaria,Germany,Europe,Email
95476,Richard Brooks,Male,40,2025-10-19,richard.brooks.95476@yahoo.com,London,Greater London,United Kingdom,Europe,Organic Search
95513,Linda Bennett,Female,24,2024-12-04,linda.bennett.95513@gmail.com,Chicago,Illinois,United States,North America,Paid Search
95542,Angela Martinez,Female,47,2024-04-01,angela.martinez.95542@gmail.com,Phoenix,Arizona,United States,North America,Paid Search
95545,Lillian Walker,Non-Binary,24,2021-10-02,lillian.walker.95545@outlook.com,London,Greater London,United Kingdom,Europe,Social Media
95584,Megan Smith,Female,45,2024-09-01,megan.smith.95584@corporate.org,Los Angeles,California,United States,North America,Organic Search
95587,Donald Rodriguez,Male,38,2021-05-09,donald.rodriguez.95587@gmail.com,Houston,Texas,United States,North America,Direct
95592,Aanya Meyer,Female,30,2022-07-21,aanya.meyer.95592@outlook.com,Berlin,Berlin,Germany,Europe,Direct
95598,Peter Wood,Male,46,2024-03-25,peter.wood.95598@gmail.com,Seattle,Washington,United States,North America,Paid Search
95609,Deborah Ramos,Female,57,2024-02-25,deborah.ramos.95609@outlook.com,Atlanta,Georgia,United States,North America,Referral
95647,Bruce Morgan,Male,38,2023-10-17,bruce.morgan.95647@gmail.com,Los Angeles,California,United States,North America,Email
95652,Dorothy Carter,Female,19,2025-05-07,dorothy.carter.95652@yahoo.com,Phoenix,Arizona,United States,North America,Email
95665,Scott Schneider,Male,47,2021-12-15,scott.schneider.95665@icloud.com,London,Greater London,United Kingdom,Europe,Social Media
95683,Walter Rodriguez,Male,46,2024-12-27,walter.rodriguez.95683@outlook.com,Manchester,Greater Manchester,United Kingdom,Europe,Social Media
95702,Lillian Flores,Female,42,2025-09-19,lillian.flores.95702@outlook.com,Miami,Florida,United States,North America,Direct
95764,Elizabeth Green,Female,45,2022-03-05,elizabeth.green.95764@gmail.com,Los Angeles,California,United States,North America,Referral
95777,Anthony Moore,Male,41,2024-07-28,anthony.moore.95777@gmail.com,Delhi,Delhi,India,Asia-Pacific,Affiliate
95810,Henry Kelly,Male,26,2025-04-14,henry.kelly.95810@gmail.com,Delhi,Delhi,India,Asia-Pacific,Paid Search
95861,Riya King,Female,40,2025-06-28,riya.king.95861@gmail.com,Phoenix,Arizona,United States,North America,Organic Search
95875,Nancy Jones,Female,53,2024-09-15,nancy.jones.95875@yahoo.com,Mumbai,Maharashtra,India,Asia-Pacific,Email
95915,Ethan Perez,Male,40,2024-06-03,ethan.perez.95915@gmail.com,Houston,Texas,United States,North America,Social Media
95920,Helen Nguyen,Female,38,2025-03-14,helen.nguyen.95920@outlook.com,Mumbai,Maharashtra,India,Asia-Pacific,Organic Search
95927,Riley Lewis,Female,41,2023-01-03,riley.lewis.95927@corporate.org,London,Greater London,United Kingdom,Europe,Referral
95958,Evelyn Morgan,Female,28,2025-10-17,evelyn.morgan.95958@yahoo.com,New York,New York,United States,North America,Paid Search
95963,Walter Reed,Male,44,2023-04-17,walter.reed.95963@gmail.com,Los Angeles,California,United States,North America,Social Media
96005,Betty Thompson,Female,33,2024-04-16,betty.thompson.96005@outlook.com,New York,New York,United States,North America,Social Media
96007,William Flores,Male,26,2024-01-05,william.flores.96007@gmail.com,Frankfurt,Hesse,Germany,Europe,Paid Search
96020,Saanvi Taylor,Female,35,2025-02-26,saanvi.taylor.96020@gmail.com,Philadelphia,Pennsylvania,United States,North America,Direct
96059,Abigail Ward,Female,58,2023-10-06,abigail.ward.96059@outlook.com,Los Angeles,California,United States,North America,Direct
96076,Arthur Mendoza,Male,48,2025-09-19,arthur.mendoza.96076@yahoo.com,Houston,Texas,United States,North America,Paid Search
96082,Christina Rao,Non-Binary,32,2025-04-20,christina.rao.96082@gmail.com,London,Greater London,United Kingdom,Europe,Referral
96091,Rachel Jackson,Female,18,2021-09-02,rachel.jackson.96091@gmail.com,Paris,Île-de-France,France,Europe,Direct
96119,Dorothy White,Female,39,2023-05-15,dorothy.white.96119@yahoo.com,Miami,Florida,United States,North America,Organic Search
96128,Joshua Williams,Male,33,2023-09-30,joshua.williams.96128@icloud.com,Phoenix,Arizona,United States,North America,Paid Search
96174,Amy Diaz,Female,42,2025-09-30,amy.diaz.96174@gmail.com,Frankfurt,Hesse,Germany,Europe,Paid Search
96195,Reyansh Singh,Male,35,2021-12-23,reyansh.singh.96195@gmail.com,Toronto,Ontario,Canada,North America,Social Media
96256,Dorothy Martinez,Female,18,2025-08-26,dorothy.martinez.96256@protonmail.com,Phoenix,Arizona,United States,North America,Referral
96277,Thomas Edwards,Male,27,2023-01-20,thomas.edwards.96277@icloud.com,London,Greater London,United Kingdom,Europe,Organic Search
96309,Joseph Richardson,Non-Binary,49,2023-08-17,joseph.richardson.96309@outlook.com,Delhi,Delhi,India,Asia-Pacific,Social Media
96313,Henry Bennett,Male,55,2024-05-16,henry.bennett.96313@gmail.com,Chicago,Illinois,United States,North America,Social Media
96369,Jean Davies,Female,34,2023-09-22,jean.davies.96369@gmail.com,Manchester,Greater Manchester,United Kingdom,Europe,Organic Search
96399,Daniel Morris,Male,67,2025-06-21,daniel.morris.96399@outlook.com,Mumbai,Maharashtra,India,Asia-Pacific,Paid Search
96419,Nancy Wood,Female,58,2025-08-27,nancy.wood.96419@gmail.com,Delhi,Delhi,India,Asia-Pacific,Organic Search
96459,Charles Clark,Male,36,2024-10-09,charles.clark.96459@gmail.com,Mumbai,Maharashtra,India,Asia-Pacific,Organic Search
96464,Brenda Hernandez,Female,55,2023-11-02,brenda.hernandez.96464@gmail.com,Chicago,Illinois,United States,North America,Paid Search
96530,Ethan Gomez,Male,40,2022-10-11,ethan.gomez.96530@yahoo.com,New York,New York,United States,North America,Email
96533,Vivaan Gomez,Male,37,2023-04-05,vivaan.gomez.96533@gmail.com,New York,New York,United States,North America,Organic Search
96538,Nicole Morales,Female,29,2022-02-05,nicole.morales.96538@outlook.com,Seattle,Washington,United States,North America,Email
96557,Roy Gonzalez,Male,25,2023-07-27,roy.gonzalez.96557@outlook.com,Philadelphia,Pennsylvania,United States,North America,Organic Search
96589,Louis Martinez,Male,31,2024-12-31,louis.martinez.96589@gmail.com,Munich,Bavaria,Germany,Europe,Referral
96626,Scott Gutierrez,Male,35,2025-07-31,scott.gutierrez.96626@gmail.com,São Paulo,São Paulo,Brazil,Latin America,Social Media
96663,Christina Parker,Female,18,2024-11-25,christina.parker.96663@corporate.org,São Paulo,São Paulo,Brazil,Latin America,Paid Search
96701,Anna Fischer,Female,36,2021-03-31,anna.fischer.96701@outlook.com,Toronto,Ontario,Canada,North America,Paid Search
96722,David Wilson,Non-Binary,50,2025-03-29,david.wilson.96722@gmail.com,Chicago,Illinois,United States,North America,Organic Search
96742,Margaret Fischer,Female,32,2021-04-02,margaret.fischer.96742@gmail.com,Vancouver,British Columbia,Canada,North America,Paid Search
96766,Timothy Sanders,Male,24,2023-06-05,timothy.sanders.96766@outlook.com,Miami,Florida,United States,North America,Affiliate
96789,Laura Morgan,Female,44,2021-10-05,laura.morgan.96789@protonmail.com,New York,New York,United States,North America,Direct
96805,Brian King,Male,39,2025-06-24,brian.king.96805@yahoo.com,Mumbai,Maharashtra,India,Asia-Pacific,Email
96806,Cynthia Kelly,Female,49,2024-12-25,cynthia.kelly.96806@yahoo.com,Houston,Texas,United States,North America,Social Media
96820,Joyce Robinson,Female,30,2022-07-30,joyce.robinson.96820@gmail.com,Toronto,Ontario,Canada,North America,Email
96846,Rebecca Parker,Female,33,2022-04-01,rebecca.parker.96846@gmail.com,New York,New York,United States,North America,Organic Search
96847,Aria Jones,Female,39,2024-07-21,aria.jones.96847@protonmail.com,Mumbai,Maharashtra,India,Asia-Pacific,Paid Search
96878,Zachary Howard,Male,42,2025-06-14,zachary.howard.96878@gmail.com,Munich,Bavaria,Germany,Europe,Organic Search
96885,Johnny Campbell,Male,57,2024-09-09,johnny.campbell.96885@gmail.com,Paris,Île-de-France,France,Europe,Affiliate
96914,George Castillo,Male,39,2023-06-25,george.castillo.96914@gmail.com,New York,New York,United States,North America,Paid Search
96924,Ezra Wright,Male,35,2025-10-09,ezra.wright.96924@outlook.com,Seattle,Washington,United States,North America,Referral
96939,Hudson Wright,Male,38,2024-07-03,hudson.wright.96939@icloud.com,Los Angeles,California,United States,North America,Direct
96941,Michael Hernandez,Male,39,2022-02-07,michael.hernandez.96941@gmail.com,Dallas,Texas,United States,North America,Paid Search
96944,Myra Verma,Female,22,2025-01-27,myra.verma.96944@gmail.com,Manchester,Greater Manchester,United Kingdom,Europe,Referral
96956,Samuel Jones,Male,40,2025-08-17,samuel.jones.96956@gmail.com,Philadelphia,Pennsylvania,United States,North America,Paid Search
96967,Jessica Bennett,Female,29,2024-06-30,jessica.bennett.96967@outlook.com,Miami,Florida,United States,North America,Paid Search
96972,Joyce Flores,Female,24,2024-05-16,joyce.flores.96972@outlook.com,Los Angeles,California,United States,North America,Social Media
96989,Aanya Rivera,Female,26,2023-01-28,aanya.rivera.96989@gmail.com,Manchester,Greater Manchester,United Kingdom,Europe,Social Media
97000,Benjamin Moreau,Male,33,2025-09-14,benjamin.moreau.97000@gmail.com,Manchester,Greater Manchester,United Kingdom,Europe,Organic Search
97048,Daniel Brooks,Male,35,2025-10-19,daniel.brooks.97048@icloud.com,Berlin,Berlin,Germany,Europe,Organic Search
97059,Joyce Rogers,Female,30,2022-02-05,joyce.rogers.97059@outlook.com,Dallas,Texas,United States,North America,Social Media
97060,Keith Cook,Male,51,2023-10-21,keith.cook.97060@yahoo.com,Chicago,Illinois,United States,North America,Paid Search
97106,Carl Baker,Male,28,2024-10-04,carl.baker.97106@protonmail.com,Manchester,Greater Manchester,United Kingdom,Europe,Organic Search
97142,Hudson Jones,Male,24,2024-10-13,hudson.jones.97142@gmail.com,Munich,Bavaria,Germany,Europe,Social Media
97147,Saanvi Bennett,Female,56,2023-06-20,saanvi.bennett.97147@outlook.com,Dallas,Texas,United States,North America,Paid Search
97187,Judith Alvarez,Female,38,2025-02-14,judith.alvarez.97187@gmail.com,Manchester,Greater Manchester,United Kingdom,Europe,Email
97193,Ashley Flores,Female,41,2025-02-22,ashley.flores.97193@gmail.com,Mumbai,Maharashtra,India,Asia-Pacific,Referral
97196,Roy Baker,Male,48,2022-06-06,roy.baker.97196@gmail.com,Los Angeles,California,United States,North America,Organic Search
97209,Sandra Lopez,Female,34,2023-09-27,sandra.lopez.97209@gmail.com,Miami,Florida,United States,North America,Email
97237,Brenda Collins,Female,35,2024-05-07,brenda.collins.97237@yahoo.com,Los Angeles,California,United States,North America,Organic Search
97244,Saanvi Castillo,Female,28,2023-08-26,saanvi.castillo.97244@gmail.com,Lyon,Auvergne-Rhône-Alpes,France,Europe,Social Media
97252,Mark Chavez,Male,24,2023-06-13,mark.chavez.97252@gmail.com,Mumbai,Maharashtra,India,Asia-Pacific,Social Media
97292,Jacob Baker,Male,38,2024-03-10,jacob.baker.97292@yahoo.com,Houston,Texas,United States,North America,Paid Search
97340,Nicholas Castillo,Male,30,2023-08-13,nicholas.castillo.97340@gmail.com,New York,New York,United States,North America,Social Media
97381,Reyansh Wood,Male,34,2024-04-09,reyansh.wood.97381@icloud.com,Los Angeles,California,United States,North America,Affiliate
97405,Victoria Taylor,Female,22,2022-07-02,victoria.taylor.97405@gmail.com,Mexico City,CDMX,Mexico,Latin America,Organic Search
97440,Ralph Gomez,Male,43,2025-06-10,ralph.gomez.97440@gmail.com,Seattle,Washington,United States,North America,Organic Search
97445,Oliver Martin,Male,38,2022-09-04,oliver.martin.97445@gmail.com,Toronto,Ontario,Canada,North America,Email
97452,Joan Thompson,Female,18,2023-11-26,joan.thompson.97452@outlook.com,Seattle,Washington,United States,North America,Paid Search
97499,Ryan Ward,Male,37,2023-07-05,ryan.ward.97499@gmail.com,Birmingham,West Midlands,United Kingdom,Europe,Referral
97501,Ralph Meyer,Male,44,2025-03-09,ralph.meyer.97501@gmail.com,Toronto,Ontario,Canada,North America,Organic Search
97503,Ann Sanders,Female,19,2024-08-29,ann.sanders.97503@yahoo.com,Seattle,Washington,United States,North America,Social Media
97546,Lawrence Lopez,Male,28,2023-06-24,lawrence.lopez.97546@gmail.com,Philadelphia,Pennsylvania,United States,North America,Email
97558,Anna Watson,Female,38,2023-11-23,anna.watson.97558@gmail.com,Mumbai,Maharashtra,India,Asia-Pacific,Email
97571,Eugene Hill,Male,45,2022-10-12,eugene.hill.97571@gmail.com,New York,New York,United States,North America,Affiliate
97575,Charles Lopez,Male,45,2025-07-09,charles.lopez.97575@gmail.com,Los Angeles,California,United States,North America,Organic Search
97597,Kelly Rogers,Female,43,2024-08-06,kelly.rogers.97597@gmail.com,Dallas,Texas,United States,North America,Affiliate
97623,Gary White,Male,44,2023-08-15,gary.white.97623@gmail.com,Houston,Texas,United States,North America,Social Media
97701,Sarah Ward,Female,33,2022-11-04,sarah.ward.97701@gmail.com,Miami,Florida,United States,North America,Referral
97723,Angela Bailey,Female,40,2025-05-24,angela.bailey.97723@yahoo.com,Mumbai,Maharashtra,India,Asia-Pacific,Email
97734,Rohan Verma,Male,27,2022-03-21,rohan.verma.97734@gmail.com,Seattle,Washington,United States,North America,Email
97744,Riley Roberts,Female,27,2025-10-22,riley.roberts.97744@protonmail.com,London,Greater London,United Kingdom,Europe,Social Media
97765,Chloe Chavez,Female,40,2022-03-05,chloe.chavez.97765@gmail.com,Seattle,Washington,United States,North America,Direct
97772,Navya Perez,Female,53,2024-08-25,navya.perez.97772@gmail.com,Dallas,Texas,United States,North America,Email
97777,Krishna Perez,Male,42,2025-05-07,krishna.perez.97777@yahoo.com,Bengaluru,Karnataka,India,Asia-Pacific,Social Media
97782,Douglas Wagner,Male,43,2025-09-24,douglas.wagner.97782@corporate.org,Seattle,Washington,United States,North America,Organic Search
97790,Lily Murphy,Female,45,2025-09-16,lily.murphy.97790@gmail.com,Chicago,Illinois,United States,North America,Affiliate
97813,Russell Johnson,Male,30,2023-09-02,russell.johnson.97813@outlook.com,Paris,Île-de-France,France,Europe,Organic Search
97829,Louis Murphy,Male,31,2024-03-18,louis.murphy.97829@gmail.com,Berlin,Berlin,Germany,Europe,Social Media
97834,Jerry Weber,Male,34,2024-11-03,jerry.weber.97834@gmail.com,Melbourne,Victoria,Australia,Asia-Pacific,Social Media
97836,Ryan Roberts,Male,43,2024-01-20,ryan.roberts.97836@yahoo.com,Los Angeles,California,United States,North America,Social Media
97848,Brenda Howard,Female,35,2023-05-29,brenda.howard.97848@gmail.com,London,Greater London,United Kingdom,Europe,Organic Search
97913,Kathleen Jackson,Female,29,2022-01-26,kathleen.jackson.97913@protonmail.com,Manchester,Greater Manchester,United Kingdom,Europe,Paid Search
97930,Joe Reed,Male,53,2023-04-12,joe.reed.97930@gmail.com,New York,New York,United States,North America,Referral
97943,Aria Adams,Female,46,2025-01-20,aria.adams.97943@gmail.com,Phoenix,Arizona,United States,North America,Referral
97947,Aarav Wagner,Male,50,2023-12-10,aarav.wagner.97947@icloud.com,Mexico City,CDMX,Mexico,Latin America,Paid Search
97962,Randy White,Male,23,2024-04-18,randy.white.97962@outlook.com,Mumbai,Maharashtra,India,Asia-Pacific,Social Media
97963,Sarah Diaz,Female,35,2023-12-15,sarah.diaz.97963@gmail.com,Los Angeles,California,United States,North America,Email
97967,Ethan Weber,Male,19,2023-10-03,ethan.weber.97967@gmail.com,Seattle,Washington,United States,North America,Paid Search
97982,Luca Castillo,Male,18,2023-04-25,luca.castillo.97982@corporate.org,Delhi,Delhi,India,Asia-Pacific,Social Media
98045,Brenda Jones,Female,38,2023-07-13,brenda.jones.98045@gmail.com,Vancouver,British Columbia,Canada,North America,Organic Search
98049,Judith Cruz,Female,50,2023-01-31,judith.cruz.98049@outlook.com,Chicago,Illinois,United States,North America,Email
98055,Heather Gupta,Female,38,2024-01-06,heather.gupta.98055@icloud.com,New York,New York,United States,North America,Organic Search
98076,Ethan Gomez,Male,37,2022-04-07,ethan.gomez.98076@gmail.com,Chicago,Illinois,United States,North America,Social Media
98081,Zoe Young,Female,32,2023-10-24,zoe.young.98081@gmail.com,Philadelphia,Pennsylvania,United States,North America,Organic Search
98088,Kelly Hall,Female,39,2025-06-03,kelly.hall.98088@yahoo.com,Birmingham,West Midlands,United Kingdom,Europe,Social Media
98094,Victoria Ramos,Female,47,2021-06-12,victoria.ramos.98094@gmail.com,Mumbai,Maharashtra,India,Asia-Pacific,Paid Search
98110,Nicholas Collins,Male,40,2021-03-29,nicholas.collins.98110@gmail.com,Sydney,New South Wales,Australia,Asia-Pacific,Social Media
98139,Nicole Sanders,Female,58,2022-04-16,nicole.sanders.98139@yahoo.com,Miami,Florida,United States,North America,Direct
98160,Sean Gomez,Male,29,2025-03-21,sean.gomez.98160@gmail.com,Seattle,Washington,United States,North America,Social Media
98217,Wayne Campbell,Male,45,2024-03-23,wayne.campbell.98217@yahoo.com,Seattle,Washington,United States,North America,Organic Search
98249,Dylan Allen,Male,33,2023-02-28,dylan.allen.98249@gmail.com,Dallas,Texas,United States,North America,Social Media
98252,Lucas Mendoza,Male,48,2023-03-27,lucas.mendoza.98252@gmail.com,Seattle,Washington,United States,North America,Affiliate
98268,Oliver Price,Male,29,2024-01-18,oliver.price.98268@yahoo.com,Los Angeles,California,United States,North America,Email
98288,Emma Walker,Female,33,2024-03-30,emma.walker.98288@gmail.com,Houston,Texas,United States,North America,Social Media
98294,Samantha Singh,Female,33,2023-05-26,samantha.singh.98294@outlook.com,New York,New York,United States,North America,Organic Search
98299,Avani Wagner,Female,18,2024-10-30,avani.wagner.98299@gmail.com,Chicago,Illinois,United States,North America,Referral
98339,Vincent Williams,Male,34,2023-02-26,vincent.williams.98339@gmail.com,Houston,Texas,United States,North America,Direct
98352,Emma Edwards,Female,47,2025-05-19,emma.edwards.98352@outlook.com,Chicago,Illinois,United States,North America,Email
98354,Leah Carter,Female,38,2022-11-18,leah.carter.98354@gmail.com,São Paulo,São Paulo,Brazil,Latin America,Direct
98376,Andrea Martinez,Female,36,2025-07-25,andrea.martinez.98376@gmail.com,Chicago,Illinois,United States,North America,Organic Search
98381,Bradley Parker,Male,26,2024-07-06,bradley.parker.98381@gmail.com,Sydney,New South Wales,Australia,Asia-Pacific,Social Media
98399,Zoe Lee,Female,43,2022-11-11,zoe.lee.98399@gmail.com,Houston,Texas,United States,North America,Paid Search
98400,Virginia Garcia,Female,22,2023-04-12,virginia.garcia.98400@yahoo.com,Munich,Bavaria,Germany,Europe,Email
98468,Stella Price,Female,36,2025-01-10,stella.price.98468@gmail.com,Seattle,Washington,United States,North America,Affiliate
98474,Roy Sanchez,Male,50,2024-08-07,roy.sanchez.98474@gmail.com,Dallas,Texas,United States,North America,Organic Search
98514,Jordan Wood,Male,29,2022-12-25,jordan.wood.98514@yahoo.com,Vancouver,British Columbia,Canada,North America,Organic Search
98528,Zoe James,Female,38,2022-02-14,zoe.james.98528@icloud.com,Manchester,Greater Manchester,United Kingdom,Europe,Referral
98601,Stephanie Rodriguez,Female,43,2024-10-16,stephanie.rodriguez.98601@gmail.com,Seattle,Washington,United States,North America,Email
98615,Eleanor James,Female,18,2025-10-19,eleanor.james.98615@gmail.com,Philadelphia,Pennsylvania,United States,North America,Social Media
98621,Navya Price,Female,33,2023-02-01,navya.price.98621@outlook.com,Paris,Île-de-France,France,Europe,Paid Search
98653,Karen Garcia,Female,49,2023-09-17,karen.garcia.98653@outlook.com,Toronto,Ontario,Canada,North America,Social Media
98659,Heather Wood,Female,35,2023-10-30,heather.wood.98659@gmail.com,Chicago,Illinois,United States,North America,Affiliate
98662,Kabir Wood,Male,42,2025-06-17,kabir.wood.98662@gmail.com,Miami,Florida,United States,North America,Social Media
98691,Leah Cooper,Female,33,2025-08-08,leah.cooper.98691@gmail.com,New York,New York,United States,North America,Email
98713,Austin Sharma,Male,40,2025-03-25,austin.sharma.98713@yahoo.com,Chicago,Illinois,United States,North America,Direct
98743,Elizabeth Ramos,Female,31,2022-01-14,elizabeth.ramos.98743@yahoo.com,Los Angeles,California,United States,North America,Organic Search
98784,Nicole James,Female,55,2024-03-25,nicole.james.98784@icloud.com,Phoenix,Arizona,United States,North America,Organic Search
98792,Timothy Jackson,Male,24,2025-04-28,timothy.jackson.98792@outlook.com,Sydney,New South Wales,Australia,Asia-Pacific,Paid Search
98802,Alexander Cox,Male,32,2022-11-13,alexander.cox.98802@gmail.com,London,Greater London,United Kingdom,Europe,Paid Search
98821,Robert Anderson,Male,38,2023-11-04,robert.anderson.98821@yahoo.com,New York,New York,United States,North America,Affiliate
98830,Keith Martin,Male,34,2024-07-27,keith.martin.98830@icloud.com,Bengaluru,Karnataka,India,Asia-Pacific,Organic Search
98838,Lisa Stewart,Female,25,2022-05-16,lisa.stewart.98838@outlook.com,Manchester,Greater Manchester,United Kingdom,Europe,Direct
98854,Jack Roberts,Male,26,2025-09-24,jack.roberts.98854@gmail.com,Phoenix,Arizona,United States,North America,Paid Search
98864,Robert Bailey,Male,37,2022-12-12,robert.bailey.98864@yahoo.com,Houston,Texas,United States,North America,Paid Search
98868,Roger Cooper,Male,23,2025-03-20,roger.cooper.98868@gmail.com,Toronto,Ontario,Canada,North America,Social Media
98871,Douglas Meyer,Male,38,2025-06-18,douglas.meyer.98871@gmail.com,Melbourne,Victoria,Australia,Asia-Pacific,Social Media
98886,Jesse Morales,Male,31,2022-09-21,jesse.morales.98886@gmail.com,Birmingham,West Midlands,United Kingdom,Europe,Organic Search
98892,Jacqueline Phillips,Female,27,2022-07-23,jacqueline.phillips.98892@gmail.com,London,Greater London,United Kingdom,Europe,Social Media
98926,Grace Chavez,Female,33,2024-05-10,grace.chavez.98926@gmail.com,London,Greater London,United Kingdom,Europe,Social Media
98931,Mary Reyes,Female,31,2025-08-30,mary.reyes.98931@outlook.com,London,Greater London,United Kingdom,Europe,Social Media
98960,Johnny Kim,Non-Binary,26,2022-09-27,johnny.kim.98960@yahoo.com,Mumbai,Maharashtra,India,Asia-Pacific,Organic Search
98998,Dorothy Peterson,Female,43,2023-11-02,dorothy.peterson.98998@outlook.com,New York,New York,United States,North America,Social Media
99040,Diya Ramos,Female,54,2023-02-02,diya.ramos.99040@yahoo.com,Mumbai,Maharashtra,India,Asia-Pacific,Organic Search
99042,Brandon Scott,Male,35,2022-09-29,brandon.scott.99042@outlook.com,New York,New York,United States,North America,Referral
99051,Jean Bailey,Female,30,2023-03-08,jean.bailey.99051@yahoo.com,Delhi,Delhi,India,Asia-Pacific,Direct
99076,Rohan Flores,Male,41,2023-12-11,rohan.flores.99076@gmail.com,Miami,Florida,United States,North America,Paid Search
99103,Carl Garcia,Male,46,2025-02-10,carl.garcia.99103@gmail.com,London,Greater London,United Kingdom,Europe,Referral
99104,Debra Watson,Female,19,2021-10-03,debra.watson.99104@gmail.com,Lyon,Auvergne-Rhône-Alpes,France,Europe,Social Media
99105,Timothy Bailey,Male,21,2023-03-30,timothy.bailey.99105@gmail.com,Philadelphia,Pennsylvania,United States,North America,Email
99139,Roy Perez,Male,19,2021-09-10,roy.perez.99139@outlook.com,Houston,Texas,United States,North America,Organic Search
99142,Ralph Moore,Male,30,2024-04-29,ralph.moore.99142@gmail.com,Berlin,Berlin,Germany,Europe,Affiliate
99148,Joan Davis,Female,28,2023-12-25,joan.davis.99148@gmail.com,Chicago,Illinois,United States,North America,Referral
99151,Scott Cruz,Male,37,2024-07-28,scott.cruz.99151@outlook.com,Chicago,Illinois,United States,North America,Direct
99164,Gary Hall,Male,37,2024-11-23,gary.hall.99164@gmail.com,Mumbai,Maharashtra,India,Asia-Pacific,Organic Search
99199,Oliver Gomez,Male,40,2022-10-25,oliver.gomez.99199@outlook.com,Manchester,Greater Manchester,United Kingdom,Europe,Social Media
99218,Kathleen Verma,Female,30,2023-03-05,kathleen.verma.99218@gmail.com,Frankfurt,Hesse,Germany,Europe,Organic Search
99273,Oliver Stewart,Male,34,2025-02-07,oliver.stewart.99273@outlook.com,Berlin,Berlin,Germany,Europe,Affiliate
99296,Samuel Gupta,Male,34,2023-08-13,samuel.gupta.99296@gmail.com,Houston,Texas,United States,North America,Paid Search
99302,Ananya James,Female,34,2022-04-25,ananya.james.99302@gmail.com,Mumbai,Maharashtra,India,Asia-Pacific,Direct
99309,Jessica Baker,Female,40,2025-01-31,jessica.baker.99309@icloud.com,Delhi,Delhi,India,Asia-Pacific,Paid Search
99313,Jack Cooper,Male,34,2025-06-06,jack.cooper.99313@icloud.com,Delhi,Delhi,India,Asia-Pacific,Social Media
99361,Bruce Torres,Male,57,2025-02-25,bruce.torres.99361@yahoo.com,Houston,Texas,United States,North America,Direct
99363,Henry Ward,Male,42,2024-10-02,henry.ward.99363@gmail.com,Chicago,Illinois,United States,North America,Paid Search
99381,Elijah Evans,Male,37,2025-04-19,elijah.evans.99381@gmail.com,Frankfurt,Hesse,Germany,Europe,Paid Search
99406,Frances Kelly,Female,47,2024-02-08,frances.kelly.99406@gmail.com,Paris,Île-de-France,France,Europe,Paid Search
99410,Larry Reyes,Male,52,2024-07-03,larry.reyes.99410@gmail.com,New York,New York,United States,North America,Email
99421,Alexander Reyes,Male,21,2022-11-25,alexander.reyes.99421@icloud.com,London,Greater London,United Kingdom,Europe,Social Media
99459,Lillian Ortiz,Female,54,2022-07-18,lillian.ortiz.99459@gmail.com,Phoenix,Arizona,United States,North America,Direct
99477,Deborah Hernandez,Female,44,2023-03-02,deborah.hernandez.99477@gmail.com,Vancouver,British Columbia,Canada,North America,Organic Search
99618,Christine Fischer,Female,35,2023-02-08,christine.fischer.99618@corporate.org,Los Angeles,California,United States,North America,Organic Search
99619,Pari Rao,Female,39,2023-10-11,pari.rao.99619@outlook.com,Munich,Bavaria,Germany,Europe,Paid Search
99622,Amanda Sanchez,Female,33,2024-08-15,amanda.sanchez.99622@gmail.com,Los Angeles,California,United States,North America,Organic Search
99647,Zoey Davies,Female,27,2022-12-13,zoey.davies.99647@outlook.com,Houston,Texas,United States,North America,Paid Search
99701,Shirley Lopez,Female,43,2025-04-24,shirley.lopez.99701@gmail.com,Paris,Île-de-France,France,Europe,Paid Search
99715,Aanya Diaz,Female,43,2024-11-26,aanya.diaz.99715@gmail.com,Sydney,New South Wales,Australia,Asia-Pacific,Social Media
99726,Navya Young,Female,43,2025-01-06,navya.young.99726@gmail.com,Houston,Texas,United States,North America,Organic Search
99744,Carol Clark,Female,45,2023-05-02,carol.clark.99744@corporate.org,Sydney,New South Wales,Australia,Asia-Pacific,Referral
99757,Ryan Watson,Male,32,2025-07-19,ryan.watson.99757@yahoo.com,Houston,Texas,United States,North America,Social Media
99761,Vihaan Morris,Male,35,2025-04-02,vihaan.morris.99761@protonmail.com,Seattle,Washington,United States,North America,Social Media
99863,Jonathan Thompson,Male,41,2025-10-12,jonathan.thompson.99863@outlook.com,Melbourne,Victoria,Australia,Asia-Pacific,Social Media
99876,Donald Edwards,Male,47,2024-03-27,donald.edwards.99876@gmail.com,Melbourne,Victoria,Australia,Asia-Pacific,Organic Search
99931,Aria Robinson,Female,27,2021-07-18,aria.robinson.99931@gmail.com,New York,New York,United States,North America,Organic Search
99949,Hudson Thomas,Male,49,2023-03-24,hudson.thomas.99949@gmail.com,Seattle,Washington,United States,North America,Email
99955,Jeremy Chavez,Male,32,2021-11-06,jeremy.chavez.99955@gmail.com,London,Greater London,United Kingdom,Europe,Social Media
99987,Kathryn Torres,Female,34,2022-06-22,kathryn.torres.99987@yahoo.com,Phoenix,Arizona,United States,North America,Referral
99993,Saanvi Johnson,Female,25,2022-11-11,saanvi.johnson.99993@gmail.com,New York,New York,United States,North America,Email
