OrderID,CustomerID,OrderDate,ShippingDate,DeliveryDate,OrderStatus,PaymentMethod,ShippingMethod,Discount,TotalAmount
104242,5774,2025-12-23,2025-12-26,2025-12-28,Delivered,Debit Card,Express Shipping,0.2,847.43
199677,46771,2025-12-26,2025-12-29,2026-01-03,Delivered,Credit Card,Priority Overnight,0.0,898.12
140200,6459,2024-02-14,2024-02-15,2024-02-18,Delivered,Net Banking,Economy Shipping,0.0,1176.53
132815,21457,2024-06-30,2024-07-02,2024-07-06,Delivered,Net Banking,Express Shipping,0.0,5283.58
408698,26511,2025-06-18,2025-06-19,2025-06-22,Delivered,Credit Card,Priority Overnight,0.05,3528.51
163281,26693,2025-08-23,2025-08-25,2025-08-28,Delivered,UPI,Standard Shipping,0.2,990.47
215759,23929,2025-08-10,2025-08-12,2025-08-16,Delivered,Credit Card,Standard Shipping,0.0,2521.03
442317,3365,2024-12-03,2024-12-06,2024-12-10,Delivered,UPI,Standard Shipping,0.15,402.93
6941,24354,2024-10-16,2024-10-17,2024-10-19,Delivered,UPI,Standard Shipping,0.0,1760.43
382311,59298,2025-09-12,2025-09-13,2025-09-15,Delivered,Credit Card,Express Shipping,0.15,701.17
472237,98998,2024-11-04,2024-11-05,2024-11-09,Delivered,Credit Card,Priority Overnight,0.0,896.01
309087,12578,2025-08-29,2025-08-30,2025-09-03,Delivered,UPI,Standard Shipping,0.05,4196.18
230673,94229,2023-12-09,2023-12-12,2023-12-14,Delivered,Debit Card,Standard Shipping,0.05,448.37
209237,41735,2025-05-19,2025-05-20,2025-05-22,Delivered,Credit Card,Express Shipping,0.05,898.66
102954,28755,2025-09-12,2025-09-14,2025-09-18,Delivered,Debit Card,Express Shipping,0.0,962.77
419700,10395,2024-11-11,2024-11-12,2024-11-14,Delivered,Credit Card,Express Shipping,0.15,255.84
81781,8962,2025-12-16,2025-12-17,2025-12-19,Returned,Credit Card,Standard Shipping,0.15,3569.19
274642,91410,2024-11-19,2024-11-21,2024-11-24,Delivered,Credit Card,Express Shipping,0.15,1250.5
133795,28840,2025-10-28,2025-10-30,2025-11-01,Delivered,Debit Card,Standard Shipping,0.1,1220.08
230533,6909,2025-12-07,2025-12-08,2025-12-10,Delivered,Credit Card,Standard Shipping,0.0,704.75
305857,33456,2024-12-20,2024-12-22,2024-12-25,Delivered,Credit Card,Express Shipping,0.0,2085.54
194412,9106,2024-01-09,2024-01-10,2024-01-13,Delivered,Credit Card,Standard Shipping,0.0,4766.51
173648,69539,2025-02-21,2025-02-23,2025-02-28,Delivered,Net Banking,Express Shipping,0.05,730.49
76147,78575,2025-03-22,2025-03-23,2025-03-28,Delivered,Debit Card,Economy Shipping,0.0,955.97
452805,33394,2024-11-25,2024-11-26,2024-11-30,Delivered,Credit Card,Express Shipping,0.0,2645.42
119496,27781,2025-06-15,2025-06-17,2025-06-20,Delivered,Debit Card,Standard Shipping,0.0,1755.86
3750,63242,2023-01-07,,,Cancelled,Credit Card,Express Shipping,0.0,1417.97
158068,80313,2024-11-07,2024-11-08,2024-11-11,Returned,Net Banking,Economy Shipping,0.1,317.62
423414,56629,2025-12-01,,,Cancelled,Credit Card,Standard Shipping,0.0,386.09
255716,34488,2025-11-13,2025-11-16,2025-11-19,Delivered,Credit Card,Priority Overnight,0.05,7129.46
81048,21335,2024-09-27,2024-09-29,2024-10-02,Delivered,UPI,Priority Overnight,0.0,2603.95
259442,60192,2024-12-19,2024-12-21,2024-12-23,Delivered,Credit Card,Standard Shipping,0.1,747.13
226643,19346,2024-08-27,2024-08-29,2024-08-31,Delivered,Credit Card,Standard Shipping,0.1,3200.11
80409,60683,2025-10-10,2025-10-11,2025-10-14,Delivered,Net Banking,Economy Shipping,0.0,420.27
179266,9115,2023-08-06,2023-08-07,2023-08-09,Delivered,Credit Card,Express Shipping,0.05,418.93
429382,84246,2024-11-10,2024-11-12,2024-11-14,Delivered,UPI,Express Shipping,0.0,1693.17
443376,85226,2025-11-28,2025-12-01,2025-12-05,Delivered,Net Banking,Standard Shipping,0.15,1151.69
136653,19770,2025-05-30,,,Pending,Wallet,Standard Shipping,0.0,5376.93
447626,87579,2025-01-25,2025-01-28,2025-01-31,Delivered,Credit Card,Standard Shipping,0.15,7026.94
263902,16492,2024-07-04,2024-07-06,2024-07-10,Delivered,UPI,Priority Overnight,0.05,754.26
340120,31772,2023-11-27,2023-11-28,2023-11-30,Delivered,Credit Card,Standard Shipping,0.2,2498.18
43172,82610,2025-12-18,2025-12-19,2025-12-21,Delivered,Credit Card,Standard Shipping,0.0,1078.16
246412,11999,2025-11-25,2025-11-26,2025-11-30,Delivered,UPI,Economy Shipping,0.05,895.59
314882,71022,2025-11-11,2025-11-12,2025-11-16,Delivered,Debit Card,Standard Shipping,0.0,1390.95
302088,50057,2025-06-22,2025-06-24,2025-06-26,Delivered,UPI,Standard Shipping,0.1,924.06
186083,36128,2024-10-02,2024-10-04,2024-10-07,Delivered,Net Banking,Express Shipping,0.0,4355.25
148767,29059,2024-09-15,2024-09-16,2024-09-19,Delivered,UPI,Standard Shipping,0.05,1287.75
319416,734,2025-10-11,2025-10-12,2025-10-14,Delivered,Debit Card,Express Shipping,0.0,480.92
86173,37633,2024-03-19,2024-03-21,2024-03-23,Delivered,UPI,Express Shipping,0.2,849.59
133648,28783,2024-07-17,2024-07-18,2024-07-21,Delivered,Credit Card,Standard Shipping,0.0,853.11
259271,22831,2024-07-12,2024-07-14,2024-07-17,Delivered,COD,Standard Shipping,0.0,353.96
232596,94353,2023-04-18,2023-04-20,2023-04-22,Delivered,Debit Card,Express Shipping,0.05,658.88
214740,23835,2024-09-12,2024-09-14,2024-09-16,Delivered,Debit Card,Priority Overnight,0.0,2881.51
397925,68198,2022-12-01,2022-12-03,2022-12-06,Returned,Debit Card,Express Shipping,0.0,679.23
99407,76743,2025-08-15,2025-08-17,2025-08-21,Delivered,Wallet,Express Shipping,0.05,1616.86
230884,4604,2025-07-31,2025-08-01,2025-08-06,Delivered,Debit Card,Express Shipping,0.0,348.99
261174,24979,2024-03-19,2024-03-20,2024-03-23,Delivered,Debit Card,Standard Shipping,0.0,4089.36
479492,81260,2024-06-04,2024-06-05,2024-06-10,Delivered,Debit Card,Express Shipping,0.1,2382.59
462672,64921,2025-07-26,2025-07-27,2025-07-30,Delivered,Credit Card,Express Shipping,0.0,3435.43
224949,59366,2024-12-19,2024-12-21,2024-12-23,Delivered,Credit Card,Standard Shipping,0.0,1830.01
421374,32729,2023-09-28,2023-09-30,2023-10-03,Delivered,Credit Card,Standard Shipping,0.1,5154.22
378075,59887,2025-04-01,2025-04-03,2025-04-06,Delivered,Credit Card,Standard Shipping,0.15,452.91
284121,45138,2025-11-30,2025-12-01,2025-12-03,Delivered,Debit Card,Express Shipping,0.0,4929.48
107866,98864,2022-12-29,2022-12-31,2023-01-02,Delivered,Net Banking,Standard Shipping,0.05,17.09
137413,31203,2023-04-04,2023-04-06,2023-04-11,Delivered,UPI,Standard Shipping,0.1,2268.4
100204,88769,2024-11-14,2024-11-17,2024-11-19,Delivered,Debit Card,Standard Shipping,0.0,3011.22
285815,68353,2025-09-22,2025-09-24,2025-09-28,Delivered,Debit Card,Standard Shipping,0.0,1768.97
168012,5001,2025-12-30,,,Pending,UPI,Standard Shipping,0.1,3177.63
159581,80319,2025-12-14,2025-12-17,2025-12-19,Delivered,UPI,Standard Shipping,0.0,1470.97
490936,64990,2025-07-20,2025-07-23,2025-07-25,Delivered,COD,Standard Shipping,0.0,1334.79
59417,82601,2025-11-15,2025-11-17,2025-11-19,Delivered,UPI,Express Shipping,0.0,3176.88
251204,80315,2025-10-26,2025-10-28,2025-10-31,Delivered,Wallet,Express Shipping,0.05,346.51
483961,61631,2025-11-10,2025-11-11,2025-11-14,Delivered,Credit Card,Standard Shipping,0.0,471.78
128701,10881,2025-10-07,2025-10-08,2025-10-11,Delivered,Credit Card,Priority Overnight,0.0,2317.46
425411,82427,2025-12-05,2025-12-08,2025-12-12,Delivered,Net Banking,Economy Shipping,0.0,343.74
292871,51811,2025-04-09,2025-04-10,2025-04-12,Delivered,Credit Card,Express Shipping,0.0,1038.65
24188,83897,2023-06-03,2023-06-04,2023-06-07,Delivered,Wallet,Express Shipping,0.0,866.75
314266,16316,2024-02-22,,,Pending,Debit Card,Standard Shipping,0.0,118.98
232499,26438,2024-10-11,2024-10-13,2024-10-15,Delivered,Credit Card,Economy Shipping,0.05,400.03
451683,64806,2025-03-01,2025-03-04,2025-03-09,Delivered,Credit Card,Standard Shipping,0.05,3273.48
291520,12632,2024-09-21,2024-09-22,2024-09-24,Delivered,UPI,Economy Shipping,0.0,48.44
20766,17572,2025-08-08,2025-08-10,2025-08-12,Delivered,Debit Card,Standard Shipping,0.0,1274.32
109210,85631,2024-08-03,2024-08-04,2024-08-08,Returned,UPI,Standard Shipping,0.15,673.36
279506,26359,2025-08-22,2025-08-25,2025-08-29,Delivered,Credit Card,Express Shipping,0.0,1195.02
417937,86360,2025-09-09,2025-09-11,2025-09-14,Delivered,Credit Card,Standard Shipping,0.15,2921.82
52934,84144,2025-12-05,2025-12-07,2025-12-09,Delivered,Credit Card,Express Shipping,0.0,5303.61
233367,83331,2025-04-30,2025-05-02,2025-05-04,Delivered,Credit Card,Standard Shipping,0.0,5963.96
5970,3389,2025-03-18,2025-03-21,2025-03-24,Delivered,UPI,Standard Shipping,0.0,786.66
206188,38910,2025-07-19,,,Cancelled,Credit Card,Express Shipping,0.0,2098.8
172888,58486,2023-12-12,2023-12-13,2023-12-16,Delivered,Net Banking,Express Shipping,0.05,767.81
393805,77459,2024-07-01,2024-07-03,2024-07-06,Delivered,UPI,Standard Shipping,0.05,52.24
378514,68440,2023-12-23,2023-12-25,2023-12-28,Delivered,Wallet,Standard Shipping,0.15,2959.28
38385,84765,2025-07-17,2025-07-18,2025-07-22,Delivered,Wallet,Express Shipping,0.05,1417.17
127577,77329,2025-09-17,2025-09-19,2025-09-21,Delivered,Credit Card,Express Shipping,0.0,3951.39
428203,95810,2025-11-16,2025-11-17,2025-11-22,Delivered,Debit Card,Express Shipping,0.0,1612.4
18637,27692,2022-09-01,2022-09-03,2022-09-06,Delivered,Debit Card,Standard Shipping,0.0,1106.85
297828,9486,2025-10-02,2025-10-03,2025-10-05,Delivered,UPI,Standard Shipping,0.15,1779.0
204337,59458,2024-02-23,2024-02-24,2024-02-27,Delivered,Credit Card,Express Shipping,0.0,1439.9
334902,98468,2025-02-25,2025-02-26,2025-03-01,Delivered,Credit Card,Standard Shipping,0.0,1379.95
196565,95652,2025-11-01,2025-11-02,2025-11-05,Delivered,Net Banking,Standard Shipping,0.0,927.46
208706,20487,2025-12-10,2025-12-12,2025-12-15,Delivered,Debit Card,Express Shipping,0.05,1094.16
409743,6423,2025-12-29,2025-12-30,2026-01-01,Delivered,Credit Card,Express Shipping,0.0,1252.06
135579,32986,2025-09-08,2025-09-10,2025-09-13,Delivered,Debit Card,Express Shipping,0.05,5130.02
213421,21209,2023-05-28,2023-05-29,2023-06-01,Returned,Credit Card,Standard Shipping,0.05,707.37
371803,13130,2024-08-30,2024-08-31,2024-09-02,Delivered,Credit Card,Priority Overnight,0.0,1433.97
57332,91271,2025-06-10,2025-06-11,2025-06-13,Delivered,Credit Card,Express Shipping,0.0,497.06
453047,99761,2025-08-17,2025-08-19,2025-08-24,Delivered,Credit Card,Economy Shipping,0.0,35.99
438355,97340,2025-11-14,2025-11-15,2025-11-17,Delivered,Credit Card,Standard Shipping,0.15,612.25
17720,24496,2024-09-07,2024-09-09,2024-09-13,Delivered,Debit Card,Standard Shipping,0.0,2136.88
73915,8829,2025-12-14,2025-12-16,2025-12-20,Delivered,Debit Card,Standard Shipping,0.1,2555.46
324344,50879,2025-05-03,2025-05-04,2025-05-09,Delivered,UPI,Standard Shipping,0.0,1523.88
118933,45243,2025-06-11,2025-06-13,2025-06-15,Delivered,Credit Card,Standard Shipping,0.05,1588.6
433005,92540,2025-01-30,2025-01-31,2025-02-04,Delivered,Debit Card,Standard Shipping,0.2,1821.9
466758,40286,2025-01-20,,,Cancelled,Net Banking,Standard Shipping,0.05,931.91
306896,64122,2024-05-28,2024-05-30,2024-06-01,Delivered,Credit Card,Standard Shipping,0.1,1510.61
286330,74545,2025-10-10,2025-10-12,2025-10-16,Delivered,UPI,Standard Shipping,0.0,2481.94
34473,36641,2024-04-06,2024-04-07,2024-04-12,Delivered,Debit Card,Standard Shipping,0.0,3059.72
318162,83516,2024-11-22,2024-11-25,2024-11-28,Delivered,Net Banking,Express Shipping,0.1,2527.05
174547,80657,2025-01-01,2025-01-03,2025-01-07,Delivered,Debit Card,Standard Shipping,0.2,1523.17
135081,25460,2025-12-19,2025-12-21,2025-12-24,Delivered,Credit Card,Standard Shipping,0.0,2970.0
433438,55071,2025-12-04,,,Cancelled,UPI,Economy Shipping,0.0,984.27
82606,88236,2025-06-15,2025-06-17,2025-06-21,Delivered,UPI,Economy Shipping,0.0,2113.4
389671,61060,2024-11-12,2024-11-14,2024-11-18,Delivered,Net Banking,Express Shipping,0.0,899.94
432423,73600,2025-11-03,2025-11-04,2025-11-06,Returned,Debit Card,Priority Overnight,0.0,1622.57
194801,34499,2022-11-22,2022-11-23,2022-11-25,Delivered,Debit Card,Priority Overnight,0.0,3576.81
208453,69957,2025-07-30,2025-07-31,2025-08-02,Delivered,UPI,Priority Overnight,0.15,315.32
274369,97782,2025-10-14,2025-10-15,2025-10-19,Delivered,Debit Card,Standard Shipping,0.1,1515.69
467216,21222,2025-09-05,2025-09-07,2025-09-10,Returned,Debit Card,Standard Shipping,0.1,456.11
113810,87000,2024-10-23,2024-10-24,2024-10-27,Delivered,Net Banking,Express Shipping,0.1,2577.47
336381,43230,2025-11-25,2025-11-27,2025-11-30,Returned,Credit Card,Standard Shipping,0.05,1683.17
213765,34334,2025-05-30,2025-05-31,2025-06-02,Delivered,Credit Card,Standard Shipping,0.0,5082.03
16486,92375,2024-12-13,2024-12-14,2024-12-16,Delivered,UPI,Priority Overnight,0.1,898.55
144635,43361,2024-03-06,,,Cancelled,Debit Card,Express Shipping,0.0,1057.32
165516,92446,2024-12-01,2024-12-02,2024-12-05,Returned,Debit Card,Priority Overnight,0.15,1416.49
406003,97701,2023-11-24,2023-11-25,2023-11-28,Delivered,Credit Card,Standard Shipping,0.15,377.35
260630,5227,2023-05-21,2023-05-23,2023-05-28,Delivered,Net Banking,Standard Shipping,0.0,3418.16
240691,12900,2024-12-28,2024-12-29,2024-12-31,Delivered,Credit Card,Express Shipping,0.0,642.26
268176,6406,2024-12-13,,,Cancelled,Wallet,Economy Shipping,0.0,1776.61
162557,77164,2025-08-31,2025-09-01,2025-09-03,Delivered,Debit Card,Standard Shipping,0.0,7342.24
117376,59821,2024-11-13,2024-11-15,2024-11-18,Delivered,Credit Card,Express Shipping,0.0,1060.7
128649,38376,2025-11-22,2025-11-24,2025-11-26,Delivered,Credit Card,Express Shipping,0.0,232.56
496938,4352,2024-11-16,2024-11-17,2024-11-22,Delivered,Net Banking,Express Shipping,0.05,1226.77
133706,23607,2024-12-29,2025-01-01,2025-01-04,Delivered,COD,Express Shipping,0.0,2448.97
332366,47166,2025-11-01,2025-11-03,2025-11-06,Delivered,Credit Card,Standard Shipping,0.0,2832.56
136954,16872,2025-06-05,2025-06-06,2025-06-11,Delivered,Credit Card,Standard Shipping,0.05,489.85
179040,70216,2025-04-05,2025-04-08,2025-04-10,Delivered,Credit Card,Standard Shipping,0.05,2431.55
360606,92155,2025-10-23,2025-10-26,2025-10-30,Delivered,Credit Card,Standard Shipping,0.0,985.15
87091,79967,2025-06-06,2025-06-08,2025-06-10,Delivered,Wallet,Standard Shipping,0.0,2683.04
334754,97765,2024-06-11,2024-06-12,2024-06-17,Delivered,Credit Card,Express Shipping,0.0,1292.35
419797,73739,2023-12-18,2023-12-21,2023-12-24,Delivered,Credit Card,Express Shipping,0.2,541.57
72867,48710,2025-10-13,2025-10-15,2025-10-17,Returned,Credit Card,Priority Overnight,0.0,1936.48
102399,8547,2025-12-28,2025-12-30,2026-01-02,Delivered,Credit Card,Express Shipping,0.0,1509.06
322451,88126,2025-04-04,2025-04-05,2025-04-07,Delivered,UPI,Express Shipping,0.0,1639.71
262574,77909,2023-11-21,2023-11-22,2023-11-25,Delivered,Debit Card,Standard Shipping,0.0,3622.05
162329,90164,2025-11-18,2025-11-20,2025-11-25,Delivered,UPI,Express Shipping,0.0,1508.72
224654,44995,2025-06-15,2025-06-16,2025-06-18,Delivered,Debit Card,Express Shipping,0.15,325.54
205553,90542,2025-12-13,2025-12-14,2025-12-17,Delivered,Credit Card,Express Shipping,0.05,899.63
388154,85294,2025-12-04,2025-12-07,2025-12-10,Delivered,Wallet,Express Shipping,0.05,504.83
458571,25105,2025-11-28,,,Cancelled,Net Banking,Priority Overnight,0.05,2882.59
375363,4061,2025-11-02,2025-11-03,2025-11-06,Delivered,COD,Standard Shipping,0.05,1002.17
235479,23342,2022-12-17,2022-12-19,2022-12-22,Delivered,UPI,Standard Shipping,0.0,2743.4
349148,55684,2025-12-11,2025-12-12,2025-12-14,Delivered,Debit Card,Standard Shipping,0.0,2368.28
248072,66055,2025-03-22,2025-03-23,2025-03-25,Delivered,Credit Card,Standard Shipping,0.15,601.78
457196,41241,2024-11-24,,,Pending,UPI,Express Shipping,0.0,4648.59
464562,48628,2024-04-12,2024-04-13,2024-04-15,Delivered,Debit Card,Economy Shipping,0.1,1509.99
457671,78905,2024-09-10,2024-09-12,2024-09-15,Delivered,UPI,Standard Shipping,0.0,2191.38
451860,19333,2023-12-16,2023-12-17,2023-12-19,Delivered,UPI,Standard Shipping,0.0,979.41
87924,36267,2025-09-24,2025-09-25,2025-09-27,Returned,Net Banking,Standard Shipping,0.0,4270.96
409504,13043,2025-07-12,2025-07-13,2025-07-18,Delivered,Credit Card,Standard Shipping,0.0,119.28
348970,83848,2025-03-13,2025-03-15,2025-03-18,Delivered,COD,Express Shipping,0.0,1244.75
120951,64896,2025-06-30,2025-07-01,2025-07-06,Delivered,UPI,Express Shipping,0.0,6416.06
260204,12223,2025-01-16,2025-01-18,2025-01-23,Delivered,Credit Card,Standard Shipping,0.0,3372.42
4089,8300,2025-07-13,2025-07-16,2025-07-19,Delivered,Credit Card,Standard Shipping,0.1,169.08
342985,53452,2024-08-26,2024-08-28,2024-09-01,Delivered,Net Banking,Express Shipping,0.2,4850.37
252230,79546,2025-06-15,2025-06-17,2025-06-19,Delivered,Credit Card,Express Shipping,0.15,75.19
11987,90454,2025-11-05,2025-11-08,2025-11-11,Delivered,UPI,Express Shipping,0.0,1166.92
464897,33569,2025-11-08,2025-11-09,2025-11-13,Returned,Credit Card,Standard Shipping,0.0,764.77
476521,14024,2022-11-23,2022-11-25,2022-11-28,Delivered,Debit Card,Express Shipping,0.05,2554.49
79249,44629,2025-06-08,2025-06-11,2025-06-14,Delivered,Net Banking,Standard Shipping,0.05,1396.98
156300,21209,2023-07-05,2023-07-06,2023-07-08,Delivered,Credit Card,Standard Shipping,0.15,3023.36
385105,19142,2025-04-12,2025-04-15,2025-04-18,Delivered,Credit Card,Express Shipping,0.0,6094.75
369213,95292,2024-08-22,,,Pending,Net Banking,Economy Shipping,0.0,3673.72
41150,50974,2025-05-26,2025-05-27,2025-05-29,Delivered,COD,Standard Shipping,0.0,3256.79
210080,2231,2025-03-30,2025-03-31,2025-04-02,Delivered,Net Banking,Standard Shipping,0.0,2798.66
360352,39225,2024-06-24,2024-06-26,2024-06-30,Delivered,Credit Card,Standard Shipping,0.05,579.38
189762,47554,2024-07-26,2024-07-27,2024-07-30,Delivered,UPI,Standard Shipping,0.0,4938.13
30966,19192,2024-03-06,2024-03-08,2024-03-11,Delivered,Wallet,Priority Overnight,0.0,1293.09
368890,52926,2025-10-12,2025-10-13,2025-10-16,Delivered,Credit Card,Express Shipping,0.05,1208.92
174978,67140,2025-09-04,,,Pending,Credit Card,Express Shipping,0.0,1679.95
171716,64788,2025-06-07,2025-06-09,2025-06-12,Delivered,Wallet,Standard Shipping,0.0,1910.97
170581,23713,2025-12-05,2025-12-08,2025-12-10,Delivered,Credit Card,Standard Shipping,0.0,294.47
299092,53774,2023-10-14,2023-10-15,2023-10-17,Delivered,Credit Card,Standard Shipping,0.1,1271.79
34457,17919,2024-07-27,,,Cancelled,Wallet,Express Shipping,0.0,8915.36
86100,15258,2025-05-17,2025-05-18,2025-05-21,Delivered,Net Banking,Express Shipping,0.0,1185.38
495667,30007,2025-08-18,2025-08-20,2025-08-23,Delivered,Credit Card,Express Shipping,0.0,2790.8
365258,48935,2024-04-05,2024-04-07,2024-04-09,Delivered,Credit Card,Express Shipping,0.0,2860.09
382058,21771,2025-08-06,2025-08-08,2025-08-12,Delivered,Debit Card,Express Shipping,0.0,4680.64
266182,9475,2024-03-16,2024-03-17,2024-03-19,Delivered,Credit Card,Economy Shipping,0.05,141.63
454387,22659,2025-06-07,2025-06-08,2025-06-10,Delivered,COD,Standard Shipping,0.0,1580.69
432159,98886,2023-01-26,2023-01-28,2023-01-30,Delivered,Net Banking,Standard Shipping,0.05,1773.99
191931,79998,2025-10-21,2025-10-22,2025-10-26,Delivered,Credit Card,Priority Overnight,0.0,584.28
111610,89990,2025-10-14,2025-10-17,2025-10-20,Delivered,COD,Standard Shipping,0.15,4029.88
102647,51578,2024-11-25,2024-11-26,2024-12-01,Delivered,Credit Card,Economy Shipping,0.1,203.37
233411,74643,2025-04-03,,,Pending,Credit Card,Priority Overnight,0.2,340.67
282251,32084,2025-02-08,2025-02-10,2025-02-12,Delivered,Credit Card,Priority Overnight,0.0,3696.04
34251,88350,2024-12-05,2024-12-08,2024-12-10,Delivered,Credit Card,Standard Shipping,0.0,1050.56
104929,73948,2025-06-30,2025-07-02,2025-07-06,Delivered,Debit Card,Express Shipping,0.1,1448.06
276060,18219,2025-10-09,2025-10-11,2025-10-14,Delivered,Debit Card,Economy Shipping,0.05,369.53
243712,12775,2025-05-06,2025-05-07,2025-05-09,Delivered,Debit Card,Express Shipping,0.05,7704.04
152560,11898,2024-07-13,2024-07-16,2024-07-19,Delivered,Credit Card,Standard Shipping,0.1,879.27
36253,34106,2024-08-13,,,Pending,Debit Card,Express Shipping,0.0,855.05
30129,72850,2025-12-06,2025-12-08,2025-12-11,Delivered,UPI,Priority Overnight,0.0,2071.93
3162,66165,2025-04-20,2025-04-21,2025-04-23,Delivered,Credit Card,Economy Shipping,0.05,1498.66
267226,81728,2024-11-08,2024-11-10,2024-11-14,Delivered,Credit Card,Standard Shipping,0.15,1684.16
116031,7971,2025-12-21,2025-12-22,2025-12-27,Delivered,Credit Card,Standard Shipping,0.0,313.62
420650,59010,2025-05-06,2025-05-08,2025-05-11,Delivered,Credit Card,Express Shipping,0.0,654.31
472317,37855,2025-12-15,,,Cancelled,Net Banking,Standard Shipping,0.0,786.86
121214,87004,2023-06-03,2023-06-04,2023-06-06,Delivered,Debit Card,Standard Shipping,0.2,1414.7
490457,37139,2024-09-05,,,Cancelled,Debit Card,Standard Shipping,0.0,2720.46
246951,79498,2025-04-07,2025-04-08,2025-04-11,Delivered,Credit Card,Priority Overnight,0.1,2928.14
295868,19892,2024-12-26,2024-12-29,2025-01-02,Returned,Debit Card,Express Shipping,0.1,7834.26
139121,50615,2024-12-27,2024-12-29,2024-12-31,Delivered,COD,Express Shipping,0.0,970.93
347674,19856,2024-02-28,2024-03-01,2024-03-05,Delivered,UPI,Express Shipping,0.1,1141.85
277695,94226,2025-07-15,2025-07-17,2025-07-19,Delivered,Credit Card,Standard Shipping,0.0,2008.96
4725,97967,2023-11-10,2023-11-12,2023-11-17,Delivered,Credit Card,Express Shipping,0.0,2737.99
183050,45318,2024-12-22,2024-12-25,2024-12-28,Delivered,Credit Card,Economy Shipping,0.2,2083.66
419803,40176,2025-01-08,,,Cancelled,Credit Card,Economy Shipping,0.1,2544.22
371136,55276,2025-07-16,2025-07-18,2025-07-21,Delivered,Debit Card,Standard Shipping,0.0,1864.52
234333,89548,2024-05-01,2024-05-02,2024-05-05,Delivered,Credit Card,Standard Shipping,0.0,2829.93
23833,77593,2022-06-07,2022-06-08,2022-06-11,Delivered,UPI,Express Shipping,0.15,137.89
139418,29454,2025-01-27,2025-01-29,2025-01-31,Delivered,Debit Card,Standard Shipping,0.1,1817.1
299538,44507,2025-10-01,2025-10-03,2025-10-08,Delivered,Wallet,Priority Overnight,0.2,2098.81
385149,10810,2024-11-09,2024-11-12,2024-11-17,Delivered,Credit Card,Express Shipping,0.0,190.17
288612,30245,2025-02-07,2025-02-08,2025-02-10,Delivered,Credit Card,Express Shipping,0.05,3576.17
383211,60343,2023-10-04,2023-10-05,2023-10-07,Delivered,Credit Card,Express Shipping,0.1,1647.24
195239,3851,2025-09-09,2025-09-10,2025-09-14,Delivered,COD,Standard Shipping,0.0,2357.61
447180,59183,2025-10-21,2025-10-22,2025-10-24,Delivered,Debit Card,Express Shipping,0.2,1527.92
371780,65764,2025-12-12,2025-12-13,2025-12-16,Delivered,Debit Card,Priority Overnight,0.05,3627.13
385990,63650,2024-12-22,2024-12-23,2024-12-26,Delivered,Debit Card,Express Shipping,0.1,1257.31
350782,46232,2025-08-11,2025-08-12,2025-08-15,Delivered,Net Banking,Standard Shipping,0.0,1741.09
380398,92364,2024-09-07,2024-09-10,2024-09-12,Delivered,Credit Card,Priority Overnight,0.0,4482.45
464543,54480,2025-09-04,2025-09-07,2025-09-09,Returned,Debit Card,Express Shipping,0.0,1803.25
47194,53769,2024-06-17,2024-06-18,2024-06-23,Delivered,Net Banking,Express Shipping,0.0,961.95
32596,46886,2024-09-09,,,Cancelled,COD,Standard Shipping,0.15,646.3
285860,90623,2024-03-26,2024-03-28,2024-03-30,Delivered,Debit Card,Express Shipping,0.0,820.45
355926,10073,2025-05-26,2025-05-28,2025-06-01,Delivered,Wallet,Standard Shipping,0.0,3673.85
316593,66929,2022-09-14,2022-09-15,2022-09-17,Delivered,Debit Card,Express Shipping,0.0,2134.98
301554,60633,2025-09-24,2025-09-26,2025-10-01,Delivered,UPI,Express Shipping,0.0,1242.12
176589,75530,2024-05-05,2024-05-06,2024-05-08,Returned,Credit Card,Standard Shipping,0.0,3832.92
490213,94978,2022-11-05,2022-11-07,2022-11-12,Delivered,UPI,Standard Shipping,0.0,1307.03
441606,52868,2024-10-16,2024-10-18,2024-10-20,Returned,UPI,Standard Shipping,0.0,503.18
225403,14302,2025-04-04,2025-04-06,2025-04-09,Delivered,Credit Card,Express Shipping,0.0,2578.24
158632,98268,2024-02-14,2024-02-15,2024-02-19,Delivered,Debit Card,Standard Shipping,0.0,1673.84
168222,28794,2024-12-13,2024-12-14,2024-12-19,Delivered,UPI,Standard Shipping,0.15,236.03
111755,75852,2025-12-30,2025-12-31,2026-01-02,Delivered,UPI,Priority Overnight,0.05,929.09
387079,85026,2024-02-17,2024-02-19,2024-02-23,Delivered,Credit Card,Priority Overnight,0.0,2853.2
201114,83769,2023-04-23,2023-04-26,2023-04-29,Delivered,Credit Card,Economy Shipping,0.0,35.99
171123,15091,2023-11-09,2023-11-11,2023-11-13,Delivered,Net Banking,Express Shipping,0.05,2998.54
366188,36874,2022-11-29,2022-12-01,2022-12-04,Delivered,Debit Card,Priority Overnight,0.0,644.27
257110,23501,2025-10-23,2025-10-24,2025-10-28,Delivered,Debit Card,Standard Shipping,0.2,245.97
497763,43244,2025-12-01,2025-12-02,2025-12-05,Delivered,Credit Card,Standard Shipping,0.05,1323.31
105552,95163,2023-01-13,2023-01-16,2023-01-19,Delivered,Credit Card,Priority Overnight,0.0,3196.08
52338,43258,2025-01-06,2025-01-07,2025-01-10,Delivered,Credit Card,Express Shipping,0.0,2009.63
54956,18976,2022-11-25,2022-11-27,2022-11-29,Delivered,Debit Card,Standard Shipping,0.2,2016.83
219180,30841,2024-12-25,2024-12-27,2024-12-29,Delivered,UPI,Express Shipping,0.05,2346.48
48699,63316,2025-01-28,2025-01-29,2025-02-01,Delivered,Credit Card,Standard Shipping,0.0,784.35
360625,6126,2024-12-17,2024-12-18,2024-12-23,Delivered,Credit Card,Standard Shipping,0.05,1497.53
111813,95702,2025-09-23,,,Cancelled,Debit Card,Express Shipping,0.0,2621.62
212505,72927,2025-10-30,2025-10-31,2025-11-02,Delivered,UPI,Express Shipping,0.0,901.63
26294,30112,2025-02-18,2025-02-19,2025-02-22,Delivered,Credit Card,Standard Shipping,0.0,944.98
385022,46905,2024-03-14,,,Pending,UPI,Standard Shipping,0.0,2392.27
326091,70386,2025-12-31,2026-01-02,2026-01-04,Delivered,Credit Card,Standard Shipping,0.0,1186.94
323009,75639,2025-12-21,2025-12-23,2025-12-26,Delivered,COD,Standard Shipping,0.0,1200.0
201483,8401,2023-08-02,2023-08-03,2023-08-06,Delivered,Credit Card,Economy Shipping,0.1,2548.85
332906,24568,2024-10-20,2024-10-22,2024-10-25,Delivered,UPI,Economy Shipping,0.15,130.58
438827,75246,2024-05-20,2024-05-21,2024-05-25,Delivered,Credit Card,Standard Shipping,0.0,4724.52
476820,7691,2025-06-25,2025-06-26,2025-06-29,Delivered,Net Banking,Standard Shipping,0.0,331.98
344583,97048,2025-11-29,2025-12-02,2025-12-04,Delivered,Credit Card,Standard Shipping,0.0,757.12
309818,25883,2025-10-03,2025-10-04,2025-10-06,Delivered,Credit Card,Express Shipping,0.0,457.93
107907,40050,2025-11-21,2025-11-22,2025-11-25,Delivered,Debit Card,Express Shipping,0.05,5198.56
338605,83952,2025-08-04,2025-08-05,2025-08-10,Delivered,UPI,Standard Shipping,0.0,4746.46
86830,4801,2024-09-05,2024-09-06,2024-09-09,Delivered,Net Banking,Standard Shipping,0.1,207.88
194873,53058,2025-07-07,2025-07-08,2025-07-12,Delivered,Wallet,Standard Shipping,0.2,929.54
109515,3122,2023-02-10,2023-02-12,2023-02-17,Delivered,UPI,Express Shipping,0.05,389.88
122679,26008,2024-02-08,2024-02-11,2024-02-13,Delivered,Wallet,Standard Shipping,0.0,1237.93
321037,75138,2025-10-05,2025-10-06,2025-10-08,Delivered,Credit Card,Standard Shipping,0.0,1338.1
134290,18951,2025-03-21,2025-03-22,2025-03-24,Delivered,Wallet,Express Shipping,0.05,2658.03
386421,1966,2025-07-14,2025-07-16,2025-07-19,Delivered,Net Banking,Standard Shipping,0.1,4163.58
252556,52525,2023-10-21,2023-10-24,2023-10-27,Returned,Credit Card,Standard Shipping,0.0,494.13
3951,61212,2024-05-25,2024-05-26,2024-05-28,Delivered,Net Banking,Standard Shipping,0.0,1872.36
340252,7672,2025-11-02,2025-11-04,2025-11-06,Delivered,Credit Card,Standard Shipping,0.0,1801.2
199438,79128,2025-10-08,2025-10-09,2025-10-14,Delivered,Credit Card,Standard Shipping,0.0,6396.25
168944,48206,2025-12-13,2025-12-15,2025-12-18,Delivered,Debit Card,Standard Shipping,0.0,1728.64
45696,48115,2025-04-09,2025-04-10,2025-04-13,Delivered,Credit Card,Standard Shipping,0.0,2692.02
499770,19043,2025-02-20,2025-02-22,2025-02-26,Delivered,UPI,Standard Shipping,0.0,2892.17
346054,65081,2022-12-11,,,Cancelled,Debit Card,Standard Shipping,0.2,3705.56
306554,55237,2023-07-20,,,Cancelled,Debit Card,Express Shipping,0.0,1098.97
159022,67823,2025-06-12,2025-06-13,2025-06-15,Delivered,Credit Card,Express Shipping,0.1,1282.0
325051,44712,2024-10-02,2024-10-03,2024-10-08,Delivered,Debit Card,Economy Shipping,0.05,6561.57
104288,99744,2023-06-20,2023-06-22,2023-06-25,Delivered,Debit Card,Express Shipping,0.1,2622.25
82894,83922,2025-10-02,2025-10-04,2025-10-07,Delivered,COD,Standard Shipping,0.05,1102.89
449563,43113,2025-02-18,,,Cancelled,Credit Card,Standard Shipping,0.05,1849.83
124,68379,2024-12-23,2024-12-26,2024-12-28,Delivered,Credit Card,Standard Shipping,0.1,2071.87
323105,25950,2025-12-26,2025-12-27,2025-12-29,Delivered,COD,Standard Shipping,0.0,5127.25
338592,97244,2023-11-03,2023-11-05,2023-11-07,Delivered,UPI,Priority Overnight,0.15,480.21
147929,83462,2025-10-30,2025-11-02,2025-11-05,Delivered,COD,Standard Shipping,0.05,1841.18
290035,96939,2025-10-22,2025-10-23,2025-10-27,Delivered,UPI,Express Shipping,0.0,833.53
307415,12920,2025-10-07,2025-10-09,2025-10-12,Delivered,Wallet,Express Shipping,0.0,3063.96
243588,36813,2022-02-16,2022-02-19,2022-02-23,Delivered,Credit Card,Standard Shipping,0.0,6902.99
334143,50708,2022-12-05,2022-12-08,2022-12-12,Delivered,Wallet,Standard Shipping,0.0,3322.25
449105,54410,2023-12-12,2023-12-14,2023-12-16,Delivered,UPI,Standard Shipping,0.1,4803.68
150563,91607,2024-07-15,2024-07-17,2024-07-19,Delivered,Net Banking,Express Shipping,0.0,2742.43
465019,57654,2024-10-07,2024-10-09,2024-10-13,Delivered,COD,Standard Shipping,0.15,2708.9
247342,18198,2025-12-06,2025-12-07,2025-12-09,Delivered,Credit Card,Standard Shipping,0.0,2761.93
350321,72625,2024-01-23,2024-01-24,2024-01-26,Delivered,Net Banking,Standard Shipping,0.0,984.71
275239,75345,2025-04-05,2025-04-07,2025-04-10,Delivered,UPI,Express Shipping,0.0,4067.83
457205,31574,2024-09-06,2024-09-07,2024-09-09,Delivered,Credit Card,Standard Shipping,0.05,1086.02
322687,98076,2025-05-19,2025-05-21,2025-05-24,Delivered,Wallet,Express Shipping,0.1,1339.69
118721,43258,2025-12-04,2025-12-05,2025-12-07,Delivered,UPI,Standard Shipping,0.0,1882.17
288128,10123,2025-05-30,2025-05-31,2025-06-03,Delivered,UPI,Express Shipping,0.0,2217.08
469721,61997,2024-04-26,2024-04-28,2024-05-03,Returned,Net Banking,Priority Overnight,0.0,2195.87
357548,74793,2024-11-12,,,Pending,Credit Card,Standard Shipping,0.0,816.89
401353,31373,2024-04-23,2024-04-26,2024-04-28,Delivered,Credit Card,Standard Shipping,0.0,2014.42
107953,81917,2025-10-10,2025-10-12,2025-10-15,Delivered,Credit Card,Express Shipping,0.0,484.2
101835,18596,2024-12-28,2024-12-30,2025-01-03,Delivered,Debit Card,Standard Shipping,0.1,1120.46
459983,81591,2025-03-08,,,Cancelled,UPI,Economy Shipping,0.0,337.23
383429,88183,2024-05-19,2024-05-20,2024-05-22,Delivered,Credit Card,Standard Shipping,0.1,1573.97
492727,84157,2025-06-04,2025-06-06,2025-06-09,Returned,Credit Card,Express Shipping,0.1,1392.27
70274,40333,2025-12-16,2025-12-18,2025-12-20,Delivered,Net Banking,Standard Shipping,0.15,1699.69
450598,89429,2024-03-03,2024-03-04,2024-03-07,Delivered,Debit Card,Standard Shipping,0.05,2124.73
411860,91257,2025-03-24,2025-03-26,2025-03-29,Delivered,Credit Card,Standard Shipping,0.0,2815.91
84397,47951,2025-10-21,2025-10-22,2025-10-24,Delivered,UPI,Standard Shipping,0.0,3653.6
307668,85368,2025-09-03,2025-09-04,2025-09-06,Delivered,Debit Card,Priority Overnight,0.0,1410.43
87835,21040,2025-03-16,2025-03-17,2025-03-21,Delivered,Credit Card,Standard Shipping,0.2,1435.13
453754,3211,2025-11-28,2025-11-29,2025-12-01,Delivered,Credit Card,Economy Shipping,0.15,483.61
5312,33591,2025-07-09,2025-07-10,2025-07-13,Delivered,Credit Card,Express Shipping,0.0,2599.83
259034,45400,2025-10-31,2025-11-01,2025-11-03,Delivered,COD,Standard Shipping,0.15,1823.41
111003,98045,2025-10-18,2025-10-19,2025-10-24,Delivered,Debit Card,Standard Shipping,0.0,1576.43
196506,29160,2025-06-25,2025-06-28,2025-06-30,Delivered,Credit Card,Standard Shipping,0.0,2333.65
189420,11997,2023-11-03,2023-11-05,2023-11-10,Delivered,Wallet,Express Shipping,0.0,2918.13
381320,34644,2025-07-02,2025-07-04,2025-07-08,Delivered,Credit Card,Express Shipping,0.2,1687.96
120439,54260,2024-03-31,2024-04-01,2024-04-03,Delivered,Debit Card,Express Shipping,0.05,1545.08
358496,96020,2025-08-26,2025-08-27,2025-08-29,Delivered,Debit Card,Express Shipping,0.0,1638.56
136811,65631,2024-06-01,2024-06-03,2024-06-06,Delivered,Credit Card,Standard Shipping,0.05,1915.86
151324,95447,2025-12-26,,,Cancelled,Credit Card,Priority Overnight,0.0,1929.27
314332,19322,2023-06-18,2023-06-20,2023-06-23,Delivered,Credit Card,Express Shipping,0.0,652.82
173245,86121,2025-09-10,2025-09-11,2025-09-14,Delivered,Wallet,Standard Shipping,0.15,724.07
37899,54972,2025-06-13,2025-06-15,2025-06-17,Delivered,Credit Card,Express Shipping,0.1,620.97
189273,66693,2025-09-04,2025-09-05,2025-09-07,Delivered,Debit Card,Standard Shipping,0.1,1788.55
32462,83571,2025-10-26,2025-10-28,2025-10-30,Returned,UPI,Express Shipping,0.2,856.92
65572,48820,2025-09-15,2025-09-17,2025-09-20,Delivered,Credit Card,Standard Shipping,0.0,2915.97
86836,12312,2023-08-05,2023-08-06,2023-08-09,Delivered,Credit Card,Standard Shipping,0.05,545.25
349285,98299,2025-07-20,2025-07-21,2025-07-23,Returned,Credit Card,Standard Shipping,0.1,3693.97
472377,42152,2024-11-21,2024-11-24,2024-11-28,Delivered,Credit Card,Priority Overnight,0.0,967.1
189738,17268,2025-02-22,2025-02-25,2025-02-27,Delivered,Net Banking,Standard Shipping,0.0,1498.76
176890,1965,2025-05-11,2025-05-13,2025-05-17,Delivered,Debit Card,Economy Shipping,0.05,706.62
413647,51204,2025-05-04,2025-05-05,2025-05-09,Delivered,Credit Card,Express Shipping,0.0,128.24
242297,51570,2023-12-10,2023-12-12,2023-12-15,Delivered,Credit Card,Economy Shipping,0.05,1080.77
392568,60156,2025-01-29,2025-01-30,2025-02-02,Delivered,Credit Card,Standard Shipping,0.0,2991.04
31134,27146,2025-12-26,2025-12-29,2026-01-01,Delivered,Debit Card,Express Shipping,0.05,1139.5
276835,18146,2024-12-15,2024-12-16,2024-12-18,Delivered,Credit Card,Standard Shipping,0.1,1761.25
119666,62316,2025-09-14,2025-09-17,2025-09-21,Delivered,UPI,Standard Shipping,0.0,3177.97
116066,99105,2023-07-24,2023-07-25,2023-07-29,Delivered,Debit Card,Standard Shipping,0.0,2252.34
37411,4735,2025-10-07,2025-10-08,2025-10-10,Delivered,UPI,Economy Shipping,0.1,2295.17
463828,60847,2025-10-06,2025-10-07,2025-10-10,Delivered,Credit Card,Standard Shipping,0.0,3510.58
422413,73224,2023-03-19,2023-03-20,2023-03-23,Delivered,Credit Card,Standard Shipping,0.2,1826.38
135493,35165,2025-07-28,2025-07-30,2025-08-01,Delivered,UPI,Express Shipping,0.0,622.86
121203,22019,2024-12-31,2025-01-01,2025-01-03,Delivered,Credit Card,Express Shipping,0.0,4503.54
171270,85845,2025-12-25,2025-12-27,2025-12-29,Delivered,Net Banking,Standard Shipping,0.0,1414.2
447239,20362,2024-05-12,2024-05-14,2024-05-18,Delivered,UPI,Express Shipping,0.1,2861.64
179025,36073,2025-11-06,2025-11-09,2025-11-11,Delivered,Credit Card,Express Shipping,0.05,3978.57
470900,89496,2023-08-06,2023-08-09,2023-08-13,Delivered,COD,Priority Overnight,0.0,1944.11
479046,47540,2024-12-11,2024-12-12,2024-12-15,Delivered,Debit Card,Express Shipping,0.1,1384.89
198942,54676,2023-12-11,2023-12-13,2023-12-15,Delivered,Debit Card,Standard Shipping,0.1,2064.88
264406,6592,2025-03-17,2025-03-18,2025-03-21,Delivered,COD,Express Shipping,0.0,209.96
498639,18730,2023-10-21,2023-10-22,2023-10-26,Delivered,Debit Card,Standard Shipping,0.0,1163.96
269767,44063,2024-11-14,2024-11-16,2024-11-19,Delivered,Credit Card,Standard Shipping,0.15,3668.98
182702,42032,2025-11-02,2025-11-04,2025-11-08,Delivered,UPI,Priority Overnight,0.0,2817.84
476040,507,2023-09-19,2023-09-21,2023-09-23,Delivered,Net Banking,Standard Shipping,0.2,1049.62
221238,1995,2025-09-23,2025-09-26,2025-09-29,Delivered,Debit Card,Economy Shipping,0.0,427.98
373166,84651,2024-07-14,2024-07-16,2024-07-20,Delivered,UPI,Priority Overnight,0.1,2786.0
489449,13289,2023-12-28,2023-12-29,2024-01-02,Delivered,Credit Card,Standard Shipping,0.05,1237.75
465376,92036,2025-08-04,,,Cancelled,Net Banking,Standard Shipping,0.15,503.0
344807,18210,2025-12-11,2025-12-12,2025-12-14,Delivered,Debit Card,Priority Overnight,0.05,2410.85
127902,42479,2024-05-19,2024-05-20,2024-05-24,Delivered,Credit Card,Standard Shipping,0.0,349.97
399736,38790,2025-07-22,2025-07-23,2025-07-25,Delivered,Credit Card,Standard Shipping,0.2,1351.48
239923,13423,2024-11-29,2024-12-02,2024-12-04,Delivered,Credit Card,Express Shipping,0.1,2155.6
191939,12101,2024-09-07,2024-09-08,2024-09-12,Delivered,Credit Card,Standard Shipping,0.0,2466.02
434005,94011,2024-01-22,2024-01-24,2024-01-27,Delivered,Credit Card,Priority Overnight,0.1,1780.29
249518,76772,2025-11-16,2025-11-17,2025-11-20,Delivered,Debit Card,Standard Shipping,0.1,2784.05
123099,88689,2025-07-26,2025-07-27,2025-07-29,Delivered,Debit Card,Standard Shipping,0.1,1864.5
137365,67960,2025-03-22,2025-03-23,2025-03-25,Delivered,UPI,Standard Shipping,0.1,1340.01
64665,9499,2024-09-13,2024-09-15,2024-09-20,Delivered,UPI,Standard Shipping,0.15,1883.05
144729,76722,2025-06-12,2025-06-14,2025-06-17,Delivered,Credit Card,Standard Shipping,0.0,3998.38
130361,15128,2024-05-20,2024-05-21,2024-05-23,Delivered,Net Banking,Express Shipping,0.05,1856.95
489324,75026,2025-04-24,2025-04-26,2025-04-30,Delivered,Credit Card,Standard Shipping,0.0,2220.71
144496,6348,2025-09-28,,,Cancelled,Debit Card,Standard Shipping,0.05,587.93
398369,85879,2024-01-27,2024-01-28,2024-01-30,Delivered,Debit Card,Priority Overnight,0.15,493.63
9238,36037,2025-07-19,2025-07-22,2025-07-25,Delivered,Debit Card,Standard Shipping,0.15,2652.38
191295,57017,2024-10-12,2024-10-13,2024-10-16,Delivered,Debit Card,Standard Shipping,0.15,1505.3
67319,64474,2025-04-12,2025-04-13,2025-04-16,Delivered,Credit Card,Express Shipping,0.05,2600.4
44001,88447,2024-09-09,2024-09-10,2024-09-12,Delivered,Credit Card,Priority Overnight,0.0,1878.18
296919,43213,2024-12-09,2024-12-11,2024-12-14,Delivered,Debit Card,Express Shipping,0.0,1318.03
355688,58198,2023-10-30,2023-10-31,2023-11-02,Delivered,Credit Card,Standard Shipping,0.0,313.38
30769,42976,2025-09-08,2025-09-09,2025-09-11,Delivered,Wallet,Express Shipping,0.05,2391.08
174518,41886,2025-11-02,2025-11-04,2025-11-07,Delivered,Credit Card,Standard Shipping,0.05,92.64
430067,24927,2025-10-21,2025-10-23,2025-10-26,Returned,Credit Card,Standard Shipping,0.0,1483.16
137275,52071,2025-08-19,2025-08-20,2025-08-24,Delivered,Credit Card,Priority Overnight,0.15,1411.05
28915,17275,2024-08-05,2024-08-07,2024-08-10,Delivered,Credit Card,Standard Shipping,0.1,1181.66
302462,8984,2025-10-12,2025-10-13,2025-10-15,Delivered,Wallet,Express Shipping,0.0,700.26
387638,7787,2025-05-03,,,Cancelled,Debit Card,Express Shipping,0.0,1158.31
78952,94401,2025-10-03,2025-10-05,2025-10-07,Delivered,Net Banking,Priority Overnight,0.15,380.38
335866,42542,2025-12-21,2025-12-24,2025-12-26,Delivered,Wallet,Express Shipping,0.0,1014.21
97172,59062,2023-02-09,2023-02-10,2023-02-13,Delivered,UPI,Express Shipping,0.05,1068.6
7034,90690,2025-11-12,2025-11-13,2025-11-18,Returned,UPI,Economy Shipping,0.1,3110.55
315560,47022,2025-06-19,2025-06-22,2025-06-26,Delivered,Credit Card,Express Shipping,0.05,4264.85
54012,15744,2025-11-19,2025-11-21,2025-11-24,Delivered,UPI,Standard Shipping,0.0,2273.19
59122,90740,2024-12-08,2024-12-11,2024-12-14,Delivered,Credit Card,Standard Shipping,0.0,3631.86
396488,81648,2025-10-06,2025-10-08,2025-10-13,Delivered,Debit Card,Economy Shipping,0.1,1044.54
226888,67807,2025-11-26,2025-11-27,2025-11-29,Delivered,Net Banking,Standard Shipping,0.1,1570.23
423514,27418,2025-03-10,,,Pending,Wallet,Standard Shipping,0.0,601.92
293167,54018,2025-11-09,2025-11-10,2025-11-15,Delivered,Debit Card,Express Shipping,0.0,608.45
64291,65795,2023-10-12,2023-10-15,2023-10-17,Delivered,Debit Card,Express Shipping,0.05,1684.18
466144,74793,2025-04-19,2025-04-22,2025-04-24,Delivered,Debit Card,Standard Shipping,0.05,3686.29
171417,23413,2024-11-18,2024-11-19,2024-11-23,Delivered,Credit Card,Economy Shipping,0.0,925.55
322162,30964,2024-04-27,2024-04-29,2024-05-02,Delivered,COD,Express Shipping,0.1,1209.29
23670,29273,2025-10-15,2025-10-17,2025-10-19,Delivered,Net Banking,Standard Shipping,0.0,1731.03
233364,33504,2022-10-07,2022-10-09,2022-10-12,Delivered,Credit Card,Standard Shipping,0.15,1961.81
336562,50677,2025-11-21,2025-11-22,2025-11-26,Delivered,Net Banking,Express Shipping,0.05,2917.55
440975,71259,2025-12-19,2025-12-21,2025-12-23,Delivered,Credit Card,Express Shipping,0.1,3167.4
352322,42028,2025-08-14,,,Cancelled,Credit Card,Standard Shipping,0.0,5476.89
212961,28061,2025-11-17,2025-11-18,2025-11-20,Delivered,Credit Card,Standard Shipping,0.05,1364.92
81102,7196,2025-09-23,2025-09-25,2025-09-27,Delivered,Credit Card,Standard Shipping,0.05,3901.13
9509,75318,2024-12-03,2024-12-06,2024-12-09,Delivered,Credit Card,Standard Shipping,0.0,847.88
396046,50216,2025-10-26,2025-10-27,2025-10-30,Returned,Wallet,Standard Shipping,0.0,1413.57
263478,68289,2025-12-20,2025-12-21,2025-12-26,Delivered,Wallet,Standard Shipping,0.05,1567.04
299892,39919,2025-11-13,2025-11-14,2025-11-18,Delivered,UPI,Standard Shipping,0.0,1150.63
25556,11662,2025-06-05,2025-06-06,2025-06-08,Delivered,Net Banking,Standard Shipping,0.05,3038.97
136240,61190,2025-09-23,2025-09-24,2025-09-27,Delivered,Credit Card,Standard Shipping,0.1,569.6
69081,45292,2025-05-04,,,Cancelled,Credit Card,Standard Shipping,0.15,547.97
134194,92895,2025-08-28,2025-08-31,2025-09-02,Delivered,Net Banking,Standard Shipping,0.15,2216.19
136838,77885,2025-08-10,,,Cancelled,Credit Card,Express Shipping,0.1,1133.39
39375,80921,2025-10-18,2025-10-19,2025-10-22,Delivered,Debit Card,Express Shipping,0.0,1278.96
210833,81919,2023-12-02,2023-12-05,2023-12-07,Delivered,UPI,Standard Shipping,0.1,1196.55
462980,40659,2025-08-21,2025-08-22,2025-08-24,Delivered,Wallet,Standard Shipping,0.2,1780.48
451892,41085,2024-12-19,2024-12-20,2024-12-23,Delivered,COD,Standard Shipping,0.15,1470.51
373908,78949,2025-07-09,2025-07-10,2025-07-12,Delivered,Credit Card,Express Shipping,0.0,4870.52
236561,55604,2025-05-16,2025-05-17,2025-05-19,Delivered,UPI,Express Shipping,0.05,4412.42
78422,68501,2023-08-15,2023-08-17,2023-08-20,Delivered,Credit Card,Standard Shipping,0.15,1109.62
93183,73045,2025-11-26,,,Cancelled,Credit Card,Priority Overnight,0.2,1367.96
154542,52017,2025-01-07,,,Pending,Net Banking,Standard Shipping,0.1,35.09
242340,21541,2024-12-02,2024-12-05,2024-12-08,Delivered,UPI,Express Shipping,0.0,2134.7
302458,72653,2025-04-20,2025-04-21,2025-04-23,Returned,Wallet,Standard Shipping,0.0,1366.05
189112,65545,2024-09-22,2024-09-23,2024-09-28,Delivered,Debit Card,Standard Shipping,0.0,2437.13
12045,62702,2025-11-23,2025-11-25,2025-11-28,Delivered,Debit Card,Standard Shipping,0.05,3104.07
264302,65657,2023-11-14,2023-11-15,2023-11-19,Delivered,UPI,Express Shipping,0.1,1132.16
332392,93451,2024-12-23,,,Pending,Credit Card,Standard Shipping,0.1,2872.55
166682,40254,2025-06-08,2025-06-10,2025-06-12,Delivered,Credit Card,Standard Shipping,0.2,2040.43
155425,49810,2023-02-18,2023-02-19,2023-02-21,Delivered,UPI,Standard Shipping,0.1,1335.55
239413,56731,2024-01-30,2024-01-31,2024-02-03,Delivered,Wallet,Express Shipping,0.1,2299.09
459062,94970,2025-10-07,2025-10-08,2025-10-10,Delivered,Credit Card,Economy Shipping,0.05,2573.04
129050,55806,2025-12-02,2025-12-05,2025-12-09,Delivered,Debit Card,Standard Shipping,0.0,1993.03
99381,76121,2025-12-31,,,Pending,Debit Card,Standard Shipping,0.1,7379.23
320065,24645,2025-06-07,2025-06-09,2025-06-13,Delivered,Credit Card,Express Shipping,0.1,797.65
118919,47814,2024-05-14,2024-05-16,2024-05-21,Delivered,Wallet,Express Shipping,0.1,158.68
379757,8515,2025-10-20,2025-10-21,2025-10-24,Delivered,Debit Card,Express Shipping,0.1,466.56
257338,68948,2024-10-10,2024-10-12,2024-10-16,Delivered,Debit Card,Standard Shipping,0.0,1990.26
287819,50350,2025-11-14,2025-11-16,2025-11-19,Delivered,Debit Card,Express Shipping,0.0,1179.23
318968,48113,2025-02-11,2025-02-12,2025-02-15,Delivered,Credit Card,Priority Overnight,0.0,224.03
35132,64881,2025-12-26,2025-12-27,2025-12-30,Delivered,Credit Card,Express Shipping,0.0,695.52
268344,71300,2025-05-20,2025-05-21,2025-05-24,Delivered,Debit Card,Standard Shipping,0.0,2259.93
314611,36609,2025-04-29,2025-04-30,2025-05-02,Delivered,Credit Card,Standard Shipping,0.1,825.71
90774,37614,2025-08-16,2025-08-18,2025-08-23,Delivered,COD,Standard Shipping,0.1,1174.35
125600,12284,2025-01-08,2025-01-09,2025-01-11,Delivered,Credit Card,Economy Shipping,0.0,1470.53
173476,10005,2025-12-10,2025-12-11,2025-12-14,Returned,Debit Card,Express Shipping,0.1,1413.42
70742,73573,2024-12-29,2024-12-30,2025-01-04,Delivered,UPI,Standard Shipping,0.0,2503.58
175528,96082,2025-11-30,2025-12-01,2025-12-04,Delivered,Credit Card,Standard Shipping,0.2,880.16
177522,60845,2024-04-22,2024-04-23,2024-04-27,Delivered,Net Banking,Standard Shipping,0.0,2349.27
440957,98713,2025-06-14,2025-06-15,2025-06-17,Delivered,COD,Standard Shipping,0.0,157.98
298052,88813,2025-11-22,2025-11-23,2025-11-27,Returned,Credit Card,Standard Shipping,0.15,1727.99
227751,37474,2024-04-06,2024-04-07,2024-04-10,Delivered,Debit Card,Standard Shipping,0.0,28.99
378129,81825,2025-08-10,2025-08-11,2025-08-16,Delivered,Wallet,Express Shipping,0.0,2898.94
96755,73490,2024-09-23,2024-09-24,2024-09-27,Delivered,Credit Card,Standard Shipping,0.1,1818.85
138292,75278,2024-12-10,2024-12-11,2024-12-13,Delivered,UPI,Express Shipping,0.0,3708.79
304494,49984,2024-10-12,2024-10-15,2024-10-17,Delivered,Debit Card,Standard Shipping,0.05,1069.55
251505,25666,2023-05-15,2023-05-17,2023-05-20,Delivered,UPI,Express Shipping,0.0,4313.06
274161,60273,2025-04-30,,,Pending,Wallet,Express Shipping,0.0,2093.03
65153,94876,2024-11-02,2024-11-03,2024-11-06,Delivered,UPI,Standard Shipping,0.2,855.37
111069,73135,2023-12-21,2023-12-22,2023-12-24,Delivered,Credit Card,Economy Shipping,0.0,954.86
189480,91293,2023-11-29,2023-12-01,2023-12-04,Delivered,UPI,Economy Shipping,0.0,1206.86
88566,70840,2025-06-12,,,Cancelled,Credit Card,Standard Shipping,0.15,925.7
191856,73713,2025-11-29,2025-12-02,2025-12-05,Delivered,Credit Card,Standard Shipping,0.1,1062.48
382504,54401,2023-04-16,2023-04-19,2023-04-21,Delivered,UPI,Express Shipping,0.05,891.34
467911,5374,2025-07-29,,,Cancelled,Credit Card,Standard Shipping,0.0,654.08
59539,32911,2024-06-07,2024-06-09,2024-06-11,Delivered,Net Banking,Standard Shipping,0.15,1221.77
170399,24062,2024-11-23,2024-11-26,2024-11-28,Delivered,COD,Standard Shipping,0.05,1975.19
261946,80951,2024-12-12,2024-12-14,2024-12-16,Delivered,Debit Card,Priority Overnight,0.05,1484.87
254518,13285,2023-11-26,,,Pending,Credit Card,Express Shipping,0.05,1211.21
180204,69201,2025-12-29,2025-12-30,2026-01-02,Delivered,UPI,Express Shipping,0.05,1817.46
23855,72244,2025-10-21,,,Cancelled,Debit Card,Express Shipping,0.0,2174.87
52520,53300,2024-11-05,2024-11-07,2024-11-09,Delivered,Credit Card,Standard Shipping,0.0,2740.59
439654,40706,2025-11-30,,,Pending,Credit Card,Priority Overnight,0.1,443.61
400735,95542,2024-12-22,2024-12-23,2024-12-25,Delivered,Debit Card,Standard Shipping,0.05,3107.35
403541,16642,2024-08-19,2024-08-21,2024-08-23,Delivered,Credit Card,Priority Overnight,0.0,2030.93
90964,1493,2025-12-14,2025-12-17,2025-12-19,Delivered,Net Banking,Priority Overnight,0.0,4290.99
309874,51701,2025-12-22,2025-12-23,2025-12-26,Delivered,Net Banking,Express Shipping,0.0,1053.94
427529,78876,2023-11-09,2023-11-11,2023-11-13,Delivered,Debit Card,Standard Shipping,0.05,1053.38
231585,84576,2025-04-28,2025-04-29,2025-05-02,Delivered,Debit Card,Standard Shipping,0.1,219.67
437771,46645,2025-07-16,2025-07-18,2025-07-20,Delivered,Credit Card,Priority Overnight,0.05,2691.2
364399,49354,2024-12-12,2024-12-13,2024-12-15,Delivered,Net Banking,Standard Shipping,0.1,660.31
360240,3365,2025-11-15,2025-11-18,2025-11-22,Delivered,Credit Card,Standard Shipping,0.05,2219.6
312524,58032,2024-11-10,2024-11-12,2024-11-14,Delivered,Credit Card,Priority Overnight,0.0,4424.36
449439,12377,2022-11-29,2022-12-01,2022-12-04,Delivered,Credit Card,Standard Shipping,0.0,857.86
384531,23969,2025-01-11,2025-01-12,2025-01-17,Delivered,COD,Economy Shipping,0.05,2795.52
467932,79705,2025-07-08,2025-07-10,2025-07-15,Delivered,Credit Card,Standard Shipping,0.1,775.51
482311,69309,2025-11-21,2025-11-23,2025-11-25,Delivered,Credit Card,Standard Shipping,0.05,2826.82
15803,11999,2025-07-15,,,Cancelled,Credit Card,Standard Shipping,0.15,402.04
124500,58386,2025-05-12,2025-05-13,2025-05-17,Delivered,UPI,Standard Shipping,0.1,1135.19
453602,20541,2025-02-09,2025-02-11,2025-02-14,Delivered,UPI,Standard Shipping,0.0,1294.3
363408,49078,2025-12-28,2025-12-30,2026-01-01,Delivered,Wallet,Standard Shipping,0.05,1856.55
267191,9826,2025-03-21,,,Cancelled,Net Banking,Express Shipping,0.05,927.88
152699,81494,2024-08-18,2024-08-21,2024-08-23,Delivered,Net Banking,Standard Shipping,0.0,830.96
13578,33627,2022-11-29,2022-11-30,2022-12-05,Delivered,Debit Card,Express Shipping,0.0,206.57
207400,90226,2025-05-31,2025-06-02,2025-06-05,Delivered,Credit Card,Economy Shipping,0.0,2035.82
284188,31390,2025-03-08,2025-03-09,2025-03-12,Delivered,UPI,Express Shipping,0.0,649.87
85751,38866,2025-11-08,2025-11-09,2025-11-11,Delivered,UPI,Express Shipping,0.05,775.75
196406,58209,2025-12-08,2025-12-10,2025-12-12,Delivered,UPI,Standard Shipping,0.05,377.76
220418,45362,2025-10-29,2025-10-31,2025-11-03,Delivered,Net Banking,Economy Shipping,0.0,1704.97
16934,29093,2025-12-29,2025-12-31,2026-01-04,Delivered,UPI,Express Shipping,0.05,1284.37
465175,81366,2025-09-01,2025-09-04,2025-09-06,Delivered,Wallet,Standard Shipping,0.05,2085.66
180680,12389,2022-06-19,2022-06-20,2022-06-22,Returned,Credit Card,Standard Shipping,0.0,1367.2
298348,88595,2025-08-05,2025-08-07,2025-08-09,Delivered,COD,Standard Shipping,0.0,8439.08
492380,59602,2025-11-09,2025-11-12,2025-11-14,Delivered,Net Banking,Express Shipping,0.0,1500.05
214891,44636,2025-07-14,2025-07-15,2025-07-17,Delivered,Credit Card,Express Shipping,0.0,465.47
421285,67743,2025-05-23,,,Pending,Debit Card,Standard Shipping,0.2,2660.24
155297,78857,2025-01-01,2025-01-03,2025-01-06,Delivered,Credit Card,Standard Shipping,0.1,1308.28
301683,85654,2025-11-09,2025-11-11,2025-11-14,Delivered,Wallet,Standard Shipping,0.05,340.19
175843,68489,2024-12-30,2024-12-31,2025-01-02,Delivered,Wallet,Standard Shipping,0.0,2989.03
203434,49680,2025-10-17,2025-10-19,2025-10-21,Delivered,Credit Card,Express Shipping,0.0,2497.53
483836,9330,2025-07-12,2025-07-13,2025-07-15,Delivered,Debit Card,Express Shipping,0.2,2084.8
199041,40973,2024-11-04,2024-11-06,2024-11-09,Delivered,Credit Card,Standard Shipping,0.05,1808.78
411134,58492,2024-07-15,2024-07-17,2024-07-20,Delivered,UPI,Standard Shipping,0.2,3001.7
387035,3468,2025-11-24,2025-11-26,2025-11-28,Delivered,Debit Card,Standard Shipping,0.05,1692.83
198107,8131,2024-10-12,2024-10-14,2024-10-17,Delivered,COD,Standard Shipping,0.0,1081.56
273037,1700,2025-04-15,2025-04-16,2025-04-19,Delivered,Credit Card,Standard Shipping,0.1,1988.64
10338,41295,2024-01-21,2024-01-24,2024-01-26,Delivered,COD,Economy Shipping,0.1,1515.16
144899,48391,2022-04-10,2022-04-11,2022-04-14,Delivered,Debit Card,Express Shipping,0.0,5349.92
449591,67696,2023-09-28,2023-09-29,2023-10-01,Delivered,Credit Card,Standard Shipping,0.05,34.18
63007,48560,2025-10-19,2025-10-20,2025-10-22,Delivered,COD,Standard Shipping,0.0,1422.9
496418,88896,2025-12-23,2025-12-24,2025-12-27,Delivered,UPI,Express Shipping,0.0,1318.76
32723,3625,2025-03-02,2025-03-05,2025-03-08,Delivered,COD,Standard Shipping,0.15,654.02
10895,18151,2025-04-12,2025-04-14,2025-04-16,Delivered,Wallet,Express Shipping,0.0,1473.8
198229,4848,2024-09-25,2024-09-26,2024-09-29,Delivered,Wallet,Express Shipping,0.1,3980.42
104840,49929,2025-01-23,2025-01-25,2025-01-27,Delivered,Debit Card,Standard Shipping,0.0,1775.03
132125,67842,2025-04-27,2025-04-29,2025-05-02,Delivered,UPI,Standard Shipping,0.0,1889.92
31095,62522,2023-11-20,2023-11-23,2023-11-26,Delivered,Debit Card,Standard Shipping,0.05,598.2
68670,74648,2025-12-19,2025-12-21,2025-12-24,Delivered,Credit Card,Standard Shipping,0.0,7657.48
90997,32293,2025-12-09,2025-12-10,2025-12-13,Delivered,Wallet,Standard Shipping,0.0,1698.68
304783,96805,2025-10-23,2025-10-25,2025-10-30,Delivered,Debit Card,Standard Shipping,0.05,5115.1
488246,25597,2025-12-17,2025-12-18,2025-12-21,Returned,UPI,Express Shipping,0.05,1350.21
140063,14432,2025-10-27,,,Cancelled,UPI,Economy Shipping,0.0,3303.65
474776,64581,2023-12-17,2023-12-20,2023-12-23,Delivered,Net Banking,Express Shipping,0.0,300.08
234381,20313,2025-07-11,2025-07-13,2025-07-16,Delivered,Debit Card,Standard Shipping,0.0,977.98
472552,61133,2024-06-25,2024-06-27,2024-06-29,Delivered,Debit Card,Express Shipping,0.1,2459.75
390192,32271,2025-07-24,2025-07-26,2025-07-29,Delivered,Credit Card,Standard Shipping,0.05,1130.48
412695,32046,2025-11-30,2025-12-03,2025-12-05,Delivered,Credit Card,Express Shipping,0.0,3035.95
130575,38299,2025-12-17,2025-12-18,2025-12-21,Delivered,UPI,Standard Shipping,0.05,718.52
166086,28826,2024-11-02,2024-11-03,2024-11-06,Delivered,Debit Card,Express Shipping,0.0,3218.75
274804,84342,2025-03-04,2025-03-05,2025-03-08,Delivered,Debit Card,Standard Shipping,0.05,7281.6
369239,99363,2025-07-07,2025-07-08,2025-07-11,Delivered,Debit Card,Express Shipping,0.05,3118.09
243500,77568,2025-12-21,2025-12-22,2025-12-24,Delivered,UPI,Express Shipping,0.0,2026.08
335330,80637,2024-12-03,2024-12-04,2024-12-09,Delivered,Net Banking,Express Shipping,0.1,780.81
429977,10663,2025-07-31,2025-08-01,2025-08-03,Delivered,Credit Card,Priority Overnight,0.1,893.94
203443,32550,2025-12-22,2025-12-23,2025-12-28,Delivered,UPI,Express Shipping,0.0,1856.97
276655,38216,2025-12-28,2025-12-29,2025-12-31,Delivered,Credit Card,Express Shipping,0.0,2517.22
347388,47007,2025-02-14,2025-02-16,2025-02-20,Delivered,UPI,Express Shipping,0.0,1555.1
9378,24270,2025-10-14,2025-10-15,2025-10-18,Delivered,Debit Card,Standard Shipping,0.0,1418.03
201189,94546,2025-08-14,2025-08-15,2025-08-17,Delivered,Wallet,Standard Shipping,0.15,3148.74
58377,41916,2025-11-27,2025-11-29,2025-12-03,Delivered,Debit Card,Express Shipping,0.05,780.61
429254,55625,2024-04-21,2024-04-24,2024-04-28,Delivered,Credit Card,Express Shipping,0.0,3980.08
466866,95061,2025-01-31,2025-02-01,2025-02-04,Delivered,Wallet,Priority Overnight,0.1,2638.93
124857,65814,2025-07-05,2025-07-07,2025-07-11,Delivered,Net Banking,Express Shipping,0.0,1076.05
319977,65600,2024-06-25,2024-06-26,2024-06-28,Delivered,Debit Card,Express Shipping,0.0,2682.86
172274,77931,2023-12-11,2023-12-12,2023-12-15,Returned,Credit Card,Express Shipping,0.0,3632.21
256893,76598,2024-05-27,2024-05-29,2024-06-02,Delivered,Credit Card,Economy Shipping,0.0,1751.77
282374,71906,2022-11-28,2022-11-29,2022-12-03,Delivered,Debit Card,Express Shipping,0.0,1417.26
236744,55432,2025-07-23,2025-07-24,2025-07-26,Delivered,Credit Card,Priority Overnight,0.0,1476.97
169975,3218,2025-11-04,2025-11-05,2025-11-07,Delivered,Debit Card,Express Shipping,0.05,1344.71
487017,4400,2024-10-28,2024-10-29,2024-11-01,Delivered,Net Banking,Express Shipping,0.1,868.76
215314,61609,2024-01-13,2024-01-14,2024-01-17,Delivered,Credit Card,Priority Overnight,0.15,645.97
288727,60187,2024-10-09,2024-10-10,2024-10-12,Returned,Debit Card,Economy Shipping,0.2,191.97
161383,51182,2025-10-26,2025-10-27,2025-10-30,Delivered,UPI,Priority Overnight,0.0,1441.63
110016,66209,2025-08-27,2025-08-28,2025-08-30,Delivered,Credit Card,Standard Shipping,0.15,754.29
468900,29413,2024-12-04,2024-12-06,2024-12-09,Delivered,Debit Card,Standard Shipping,0.05,1513.04
427834,28975,2024-08-14,2024-08-17,2024-08-22,Delivered,Credit Card,Priority Overnight,0.0,2689.26
412421,60271,2024-08-30,2024-09-01,2024-09-05,Delivered,UPI,Express Shipping,0.0,1534.57
273096,92505,2025-03-15,2025-03-16,2025-03-20,Delivered,UPI,Express Shipping,0.15,3678.29
249811,15483,2024-12-28,2024-12-29,2025-01-03,Delivered,Credit Card,Standard Shipping,0.15,1102.37
31121,34888,2023-08-23,2023-08-25,2023-08-28,Delivered,Debit Card,Standard Shipping,0.0,2448.64
142879,41735,2025-02-04,2025-02-06,2025-02-08,Delivered,Net Banking,Standard Shipping,0.1,2035.23
63680,36411,2025-02-25,2025-02-26,2025-03-03,Delivered,COD,Standard Shipping,0.15,1487.13
152910,942,2023-04-14,2023-04-15,2023-04-17,Delivered,UPI,Express Shipping,0.0,97.83
9099,34486,2025-12-18,2025-12-19,2025-12-22,Delivered,Wallet,Express Shipping,0.15,2320.26
372604,12138,2023-03-21,2023-03-22,2023-03-26,Delivered,Credit Card,Standard Shipping,0.0,1391.98
278538,28868,2025-09-24,2025-09-25,2025-09-30,Delivered,UPI,Standard Shipping,0.1,3898.04
94070,7533,2024-05-30,2024-05-31,2024-06-03,Delivered,Debit Card,Priority Overnight,0.05,1469.09
323888,19009,2025-12-15,2025-12-16,2025-12-19,Delivered,UPI,Standard Shipping,0.15,2138.52
165538,20632,2024-02-14,2024-02-15,2024-02-17,Delivered,UPI,Express Shipping,0.0,2648.96
384220,80086,2024-06-02,2024-06-04,2024-06-06,Delivered,Debit Card,Standard Shipping,0.0,1391.44
347110,35813,2024-03-25,2024-03-26,2024-03-28,Delivered,Debit Card,Priority Overnight,0.0,6994.48
373438,56233,2025-05-19,2025-05-20,2025-05-22,Delivered,Credit Card,Express Shipping,0.2,891.75
89839,11285,2024-11-28,2024-11-30,2024-12-03,Returned,UPI,Express Shipping,0.05,1920.6
70050,42796,2025-12-13,2025-12-14,2025-12-17,Delivered,Credit Card,Express Shipping,0.0,1200.01
384648,3358,2025-05-24,2025-05-25,2025-05-27,Delivered,Debit Card,Express Shipping,0.0,2423.07
116047,93875,2025-04-06,2025-04-09,2025-04-12,Delivered,Credit Card,Standard Shipping,0.0,126.99
209061,58807,2025-07-26,2025-07-27,2025-07-29,Delivered,UPI,Standard Shipping,0.0,3286.76
318564,56265,2025-12-11,2025-12-13,2025-12-15,Delivered,Net Banking,Priority Overnight,0.0,1275.39
82021,65722,2025-12-19,2025-12-22,2025-12-26,Delivered,UPI,Standard Shipping,0.0,2221.18
50155,40680,2025-12-17,2025-12-18,2025-12-20,Delivered,Credit Card,Standard Shipping,0.1,632.56
146829,17026,2025-11-25,2025-11-28,2025-12-01,Delivered,UPI,Express Shipping,0.05,2156.53
384810,37665,2023-12-27,2023-12-28,2023-12-31,Delivered,Credit Card,Priority Overnight,0.1,1909.56
434757,9888,2025-05-20,2025-05-21,2025-05-23,Delivered,Credit Card,Standard Shipping,0.0,572.94
425640,9264,2024-11-26,2024-11-28,2024-11-30,Delivered,Net Banking,Standard Shipping,0.15,281.59
109908,76224,2025-12-09,2025-12-11,2025-12-16,Delivered,Debit Card,Standard Shipping,0.1,2693.42
185884,7781,2024-12-13,2024-12-16,2024-12-18,Delivered,Debit Card,Standard Shipping,0.0,292.99
431806,64888,2024-08-11,2024-08-13,2024-08-16,Delivered,Credit Card,Express Shipping,0.0,1941.95
152620,46964,2025-04-08,2025-04-09,2025-04-11,Delivered,COD,Standard Shipping,0.05,2919.6
132297,63980,2025-08-03,2025-08-06,2025-08-08,Delivered,Credit Card,Economy Shipping,0.05,4894.14
203202,35519,2025-07-13,2025-07-14,2025-07-16,Delivered,UPI,Standard Shipping,0.0,452.98
200142,72039,2025-06-01,2025-06-02,2025-06-05,Delivered,Debit Card,Express Shipping,0.1,714.16
491196,96091,2023-06-16,2023-06-17,2023-06-20,Returned,UPI,Standard Shipping,0.1,1228.16
496856,49965,2025-07-11,2025-07-12,2025-07-14,Delivered,COD,Standard Shipping,0.0,97.98
426970,76305,2025-11-22,2025-11-24,2025-11-26,Delivered,Credit Card,Standard Shipping,0.1,877.44
377523,16188,2025-12-17,2025-12-18,2025-12-22,Delivered,COD,Standard Shipping,0.1,1471.32
281127,39728,2025-03-16,2025-03-18,2025-03-20,Returned,UPI,Express Shipping,0.0,1086.6
21161,61129,2025-09-10,2025-09-13,2025-09-15,Delivered,UPI,Standard Shipping,0.0,675.44
64534,69656,2025-04-14,2025-04-16,2025-04-20,Delivered,Wallet,Express Shipping,0.0,1242.57
195540,60212,2022-11-02,,,Pending,Credit Card,Express Shipping,0.1,561.33
73259,84919,2025-08-29,2025-08-31,2025-09-02,Delivered,Wallet,Standard Shipping,0.0,286.19
231454,62214,2025-03-31,2025-04-01,2025-04-04,Returned,Wallet,Standard Shipping,0.1,1326.09
117469,38233,2024-09-21,2024-09-24,2024-09-27,Delivered,Debit Card,Standard Shipping,0.05,424.17
59814,82050,2025-05-28,2025-05-29,2025-06-03,Delivered,UPI,Priority Overnight,0.05,3393.09
80301,98621,2025-11-01,,,Pending,Credit Card,Express Shipping,0.1,369.77
425799,32128,2024-12-12,2024-12-14,2024-12-18,Delivered,Debit Card,Priority Overnight,0.0,1221.05
9053,67931,2024-12-15,2024-12-18,2024-12-20,Returned,Credit Card,Economy Shipping,0.0,2095.94
258538,18880,2024-11-13,2024-11-14,2024-11-16,Delivered,Credit Card,Express Shipping,0.0,1925.34
336688,23313,2025-10-16,2025-10-18,2025-10-20,Delivered,Wallet,Standard Shipping,0.05,1708.76
96462,36888,2025-11-25,,,Cancelled,Debit Card,Standard Shipping,0.0,4232.58
78404,80860,2024-11-23,2024-11-24,2024-11-27,Delivered,Net Banking,Standard Shipping,0.0,2535.97
300039,71588,2024-12-20,2024-12-21,2024-12-24,Delivered,Wallet,Express Shipping,0.0,981.04
180902,1919,2024-10-08,2024-10-09,2024-10-12,Delivered,Wallet,Express Shipping,0.0,614.96
332027,19067,2025-11-24,2025-11-25,2025-11-28,Delivered,UPI,Standard Shipping,0.05,1902.19
66112,34576,2022-08-23,,,Pending,UPI,Express Shipping,0.15,384.71
438295,9262,2025-01-05,,,Cancelled,Wallet,Standard Shipping,0.1,4353.02
429742,49130,2024-11-03,2024-11-04,2024-11-06,Returned,Credit Card,Express Shipping,0.1,1284.56
228474,63271,2025-10-12,2025-10-14,2025-10-18,Delivered,Credit Card,Express Shipping,0.0,1913.35
248837,25462,2025-12-08,2025-12-09,2025-12-14,Delivered,UPI,Economy Shipping,0.2,1135.05
287620,82625,2025-06-02,2025-06-04,2025-06-06,Delivered,Debit Card,Standard Shipping,0.1,2755.99
348989,31479,2024-07-24,2024-07-27,2024-07-30,Delivered,UPI,Standard Shipping,0.0,3008.76
65441,82646,2024-06-12,2024-06-13,2024-06-15,Delivered,Credit Card,Standard Shipping,0.05,825.47
140616,47257,2024-12-07,2024-12-09,2024-12-12,Delivered,Credit Card,Economy Shipping,0.0,2157.02
32342,20599,2025-05-13,2025-05-16,2025-05-19,Delivered,COD,Express Shipping,0.0,2011.09
132018,65214,2024-12-01,2024-12-02,2024-12-05,Delivered,Net Banking,Express Shipping,0.0,2869.9
331463,88412,2024-11-13,2024-11-14,2024-11-16,Delivered,Net Banking,Standard Shipping,0.1,573.47
391999,3627,2025-06-15,2025-06-17,2025-06-21,Delivered,Debit Card,Express Shipping,0.1,3015.53
428366,78261,2025-05-17,2025-05-18,2025-05-23,Delivered,Debit Card,Express Shipping,0.0,941.02
363869,52748,2023-01-01,2023-01-03,2023-01-06,Delivered,Net Banking,Standard Shipping,0.05,1440.09
339823,21690,2024-08-29,2024-08-30,2024-09-01,Delivered,Credit Card,Standard Shipping,0.0,1632.95
54061,57843,2025-07-09,2025-07-10,2025-07-12,Delivered,Credit Card,Standard Shipping,0.2,623.52
282206,61265,2024-03-19,2024-03-20,2024-03-23,Delivered,Debit Card,Economy Shipping,0.2,435.19
75216,26184,2025-06-30,2025-07-01,2025-07-06,Delivered,Credit Card,Standard Shipping,0.2,2227.58
235918,23027,2023-02-17,2023-02-18,2023-02-21,Delivered,Net Banking,Standard Shipping,0.15,1030.47
40947,54679,2025-03-03,2025-03-04,2025-03-06,Delivered,Debit Card,Express Shipping,0.1,2809.53
382438,29393,2025-12-20,2025-12-22,2025-12-27,Delivered,Credit Card,Express Shipping,0.05,2396.54
96943,44762,2025-04-12,2025-04-15,2025-04-17,Delivered,Net Banking,Standard Shipping,0.05,6639.53
260781,9457,2025-12-20,2025-12-23,2025-12-25,Delivered,COD,Standard Shipping,0.0,260.47
40599,44447,2024-08-11,2024-08-14,2024-08-19,Delivered,Credit Card,Standard Shipping,0.1,2681.07
361719,91351,2025-02-17,2025-02-19,2025-02-21,Delivered,Credit Card,Standard Shipping,0.0,2447.6
24095,81556,2023-11-23,2023-11-25,2023-11-28,Delivered,Credit Card,Standard Shipping,0.05,980.41
444682,85230,2025-09-02,2025-09-03,2025-09-05,Delivered,UPI,Standard Shipping,0.0,489.6
312306,85299,2025-11-04,2025-11-07,2025-11-12,Delivered,Credit Card,Standard Shipping,0.05,473.51
483015,61540,2024-05-24,2024-05-27,2024-05-30,Delivered,UPI,Standard Shipping,0.0,4269.67
30686,45464,2023-12-20,2023-12-22,2023-12-26,Delivered,Credit Card,Express Shipping,0.0,1541.23
229861,4023,2025-10-31,2025-11-01,2025-11-04,Delivered,Debit Card,Standard Shipping,0.0,1094.65
229822,70856,2025-04-03,2025-04-04,2025-04-06,Delivered,UPI,Priority Overnight,0.05,2460.46
25541,69528,2025-12-21,2025-12-22,2025-12-24,Delivered,Credit Card,Express Shipping,0.1,355.02
410955,49441,2025-02-02,2025-02-04,2025-02-06,Delivered,Debit Card,Priority Overnight,0.0,3586.81
90786,86236,2025-12-16,2025-12-18,2025-12-20,Delivered,Wallet,Express Shipping,0.15,1625.67
101191,49866,2025-05-14,2025-05-15,2025-05-17,Delivered,Credit Card,Standard Shipping,0.0,2770.94
258989,52591,2023-10-16,2023-10-19,2023-10-21,Delivered,Net Banking,Express Shipping,0.0,4072.6
12335,77988,2025-09-16,2025-09-18,2025-09-20,Delivered,Debit Card,Standard Shipping,0.0,582.97
62758,87226,2024-10-02,2024-10-05,2024-10-09,Delivered,COD,Standard Shipping,0.0,3229.04
430665,25493,2024-02-12,2024-02-14,2024-02-19,Delivered,Net Banking,Priority Overnight,0.0,1143.44
271180,39353,2025-09-28,,,Cancelled,Wallet,Express Shipping,0.0,551.64
384250,90213,2025-07-10,2025-07-12,2025-07-14,Delivered,UPI,Standard Shipping,0.0,1693.38
389660,48839,2025-10-25,,,Pending,UPI,Standard Shipping,0.0,421.76
20185,82087,2025-12-01,2025-12-02,2025-12-05,Delivered,Credit Card,Standard Shipping,0.0,2596.86
32080,36021,2024-11-18,2024-11-20,2024-11-25,Delivered,Credit Card,Standard Shipping,0.0,5237.86
388771,42670,2025-10-21,2025-10-22,2025-10-25,Delivered,Debit Card,Standard Shipping,0.05,3935.58
127451,23563,2025-09-17,2025-09-18,2025-09-23,Returned,Debit Card,Standard Shipping,0.0,3601.53
212953,2428,2025-04-14,2025-04-15,2025-04-17,Delivered,Credit Card,Economy Shipping,0.0,2547.46
390850,6208,2025-09-13,2025-09-15,2025-09-18,Delivered,Credit Card,Express Shipping,0.1,961.46
218276,47478,2023-03-20,2023-03-21,2023-03-23,Delivered,Wallet,Standard Shipping,0.1,5146.69
397754,90289,2025-12-11,2025-12-12,2025-12-16,Delivered,Credit Card,Express Shipping,0.1,2745.41
100539,38111,2025-09-11,2025-09-13,2025-09-17,Delivered,Debit Card,Economy Shipping,0.0,324.37
492760,22257,2024-04-07,2024-04-09,2024-04-13,Delivered,Wallet,Standard Shipping,0.1,2441.18
108562,95447,2025-11-18,2025-11-20,2025-11-23,Delivered,Credit Card,Standard Shipping,0.0,1220.03
274388,74727,2025-07-24,2025-07-25,2025-07-30,Delivered,Credit Card,Express Shipping,0.0,5621.18
97329,90918,2025-11-16,2025-11-18,2025-11-22,Delivered,Wallet,Standard Shipping,0.0,536.98
417196,86093,2025-07-16,2025-07-17,2025-07-19,Delivered,UPI,Priority Overnight,0.0,3483.71
484550,75817,2025-12-16,2025-12-17,2025-12-20,Delivered,Credit Card,Standard Shipping,0.1,548.08
188209,9551,2025-12-15,2025-12-16,2025-12-19,Delivered,UPI,Express Shipping,0.1,1485.63
57396,41717,2025-07-10,2025-07-11,2025-07-13,Delivered,Wallet,Standard Shipping,0.0,3370.46
244293,37077,2025-09-26,2025-09-27,2025-09-30,Delivered,Wallet,Express Shipping,0.05,2216.05
174031,37514,2024-12-26,2024-12-29,2025-01-02,Delivered,COD,Standard Shipping,0.1,2207.51
433718,10519,2024-06-03,2024-06-04,2024-06-06,Delivered,Wallet,Standard Shipping,0.0,2625.81
483801,92726,2025-07-14,2025-07-17,2025-07-19,Delivered,Credit Card,Express Shipping,0.1,3876.47
463417,81965,2025-12-08,2025-12-10,2025-12-12,Delivered,Credit Card,Economy Shipping,0.0,1220.27
343599,5115,2025-12-03,2025-12-05,2025-12-09,Delivered,Net Banking,Express Shipping,0.1,1312.45
114410,12424,2024-11-21,2024-11-22,2024-11-24,Delivered,Net Banking,Express Shipping,0.0,130.49
448479,6784,2025-10-08,2025-10-10,2025-10-12,Delivered,COD,Express Shipping,0.0,475.72
474157,84071,2024-12-27,2024-12-28,2024-12-30,Delivered,Net Banking,Standard Shipping,0.0,983.96
337247,63710,2025-12-14,2025-12-15,2025-12-17,Delivered,Net Banking,Standard Shipping,0.0,3005.93
401887,25245,2025-01-07,2025-01-09,2025-01-11,Delivered,Debit Card,Express Shipping,0.2,1300.82
110853,10991,2023-08-31,2023-09-01,2023-09-03,Delivered,Credit Card,Standard Shipping,0.2,1552.87
84518,43095,2025-08-22,2025-08-23,2025-08-25,Delivered,Credit Card,Standard Shipping,0.0,750.03
211891,28508,2024-07-31,2024-08-03,2024-08-06,Delivered,Credit Card,Standard Shipping,0.1,1903.11
302636,94345,2025-12-15,2025-12-16,2025-12-20,Delivered,Credit Card,Economy Shipping,0.0,1891.47
295297,48324,2025-06-12,2025-06-15,2025-06-17,Delivered,Credit Card,Standard Shipping,0.0,468.12
380303,20042,2025-06-01,2025-06-03,2025-06-06,Delivered,UPI,Express Shipping,0.0,1556.82
426396,90389,2024-07-08,2024-07-10,2024-07-13,Returned,UPI,Standard Shipping,0.0,3749.62
241725,26874,2022-02-12,2022-02-13,2022-02-16,Delivered,UPI,Express Shipping,0.05,2065.9
467225,76244,2025-05-14,2025-05-16,2025-05-18,Delivered,Wallet,Priority Overnight,0.05,1210.66
12076,98400,2024-07-16,2024-07-17,2024-07-19,Delivered,Credit Card,Express Shipping,0.0,736.07
143041,15487,2025-11-01,2025-11-02,2025-11-04,Delivered,Net Banking,Standard Shipping,0.05,2171.4
183009,50680,2025-07-10,2025-07-11,2025-07-14,Delivered,Debit Card,Express Shipping,0.0,742.96
443006,9967,2023-04-29,2023-04-30,2023-05-05,Delivered,Credit Card,Standard Shipping,0.1,222.29
335881,41031,2024-12-20,2024-12-21,2024-12-23,Delivered,Net Banking,Priority Overnight,0.0,1815.37
32826,32822,2025-12-12,2025-12-13,2025-12-16,Delivered,UPI,Standard Shipping,0.0,793.36
33196,9346,2025-12-06,2025-12-09,2025-12-11,Delivered,Credit Card,Standard Shipping,0.1,874.77
4662,55005,2025-09-26,2025-09-27,2025-10-02,Delivered,Credit Card,Standard Shipping,0.1,125.12
491473,60208,2023-08-05,2023-08-06,2023-08-09,Delivered,Credit Card,Express Shipping,0.0,2167.17
411259,79764,2025-05-20,2025-05-21,2025-05-25,Delivered,UPI,Standard Shipping,0.0,560.96
460469,18956,2025-11-11,2025-11-12,2025-11-14,Delivered,Credit Card,Standard Shipping,0.05,3362.36
127176,75908,2025-01-21,2025-01-24,2025-01-28,Delivered,Credit Card,Standard Shipping,0.1,723.86
467937,18271,2025-11-21,,,Pending,COD,Standard Shipping,0.1,296.63
209119,76819,2025-01-25,2025-01-27,2025-01-29,Returned,Debit Card,Express Shipping,0.0,1990.26
353504,8052,2025-01-17,2025-01-19,2025-01-22,Delivered,Credit Card,Standard Shipping,0.0,1749.97
184121,93021,2024-03-14,2024-03-15,2024-03-18,Delivered,UPI,Standard Shipping,0.0,918.58
4302,31196,2025-01-01,2025-01-02,2025-01-04,Delivered,Net Banking,Standard Shipping,0.15,968.25
246364,4278,2025-10-14,2025-10-15,2025-10-17,Delivered,Credit Card,Standard Shipping,0.0,3063.92
436101,56568,2024-12-12,2024-12-13,2024-12-16,Delivered,Wallet,Standard Shipping,0.0,1637.02
425216,70572,2024-07-13,2024-07-14,2024-07-17,Delivered,Credit Card,Priority Overnight,0.0,5288.14
436571,89163,2025-07-06,2025-07-08,2025-07-10,Delivered,Credit Card,Standard Shipping,0.0,839.2
401130,84453,2025-02-09,2025-02-12,2025-02-16,Delivered,Wallet,Express Shipping,0.0,723.97
331676,36960,2025-11-29,2025-12-01,2025-12-03,Delivered,UPI,Standard Shipping,0.05,1853.45
154079,65723,2022-03-07,2022-03-09,2022-03-12,Delivered,Credit Card,Express Shipping,0.0,1723.4
1041,32388,2023-04-16,2023-04-17,2023-04-20,Delivered,Debit Card,Standard Shipping,0.05,91.79
240582,57661,2023-08-26,2023-08-27,2023-09-01,Returned,Credit Card,Express Shipping,0.0,3322.53
360165,61401,2025-11-14,2025-11-17,2025-11-19,Delivered,Wallet,Standard Shipping,0.0,1098.41
342839,6179,2025-12-18,2025-12-19,2025-12-23,Delivered,UPI,Standard Shipping,0.0,2947.19
155653,93208,2025-04-30,2025-05-02,2025-05-05,Delivered,Credit Card,Standard Shipping,0.2,2749.02
355161,8115,2025-12-14,2025-12-17,2025-12-21,Delivered,Debit Card,Standard Shipping,0.0,1295.34
130506,43815,2024-01-02,2024-01-03,2024-01-05,Delivered,Credit Card,Economy Shipping,0.0,4184.87
69951,59845,2023-10-17,2023-10-19,2023-10-21,Delivered,Debit Card,Priority Overnight,0.0,1498.98
430548,16150,2024-12-18,2024-12-19,2024-12-21,Delivered,Credit Card,Express Shipping,0.05,989.91
29455,44756,2025-06-26,2025-06-28,2025-07-03,Delivered,UPI,Standard Shipping,0.05,1643.93
45409,74829,2025-06-24,2025-06-26,2025-06-30,Delivered,Debit Card,Standard Shipping,0.0,584.16
407336,25790,2023-02-11,2023-02-12,2023-02-17,Delivered,Credit Card,Standard Shipping,0.05,3109.53
125008,33818,2025-09-11,2025-09-13,2025-09-15,Delivered,Debit Card,Standard Shipping,0.1,367.81
276226,25091,2025-02-22,2025-02-24,2025-02-26,Delivered,Credit Card,Priority Overnight,0.0,2416.89
49853,77712,2025-08-12,2025-08-13,2025-08-17,Delivered,Debit Card,Economy Shipping,0.05,1188.19
298829,83797,2025-11-20,2025-11-22,2025-11-24,Delivered,Credit Card,Economy Shipping,0.05,3846.55
449434,17478,2025-04-01,2025-04-03,2025-04-06,Delivered,Wallet,Standard Shipping,0.1,848.58
181279,6625,2025-11-14,2025-11-16,2025-11-21,Delivered,Wallet,Standard Shipping,0.05,1942.26
319737,52613,2024-07-01,2024-07-02,2024-07-04,Delivered,Credit Card,Express Shipping,0.0,1210.08
388734,1823,2025-06-26,2025-06-28,2025-06-30,Delivered,Wallet,Standard Shipping,0.05,224.43
132705,19768,2025-05-18,2025-05-19,2025-05-24,Delivered,Debit Card,Express Shipping,0.0,849.35
474163,64581,2025-08-23,2025-08-24,2025-08-26,Delivered,Net Banking,Standard Shipping,0.1,2260.98
457180,89759,2024-04-18,2024-04-20,2024-04-23,Delivered,Net Banking,Standard Shipping,0.0,1249.36
167513,14347,2023-12-28,,,Cancelled,Debit Card,Standard Shipping,0.1,1836.81
301119,95293,2025-12-21,2025-12-22,2025-12-25,Delivered,Debit Card,Standard Shipping,0.0,2104.0
388553,94456,2023-07-12,2023-07-14,2023-07-16,Delivered,UPI,Express Shipping,0.05,4613.78
155724,90331,2025-06-26,2025-06-29,2025-07-02,Delivered,Credit Card,Express Shipping,0.05,4953.78
367269,24667,2025-11-08,2025-11-11,2025-11-15,Delivered,Debit Card,Express Shipping,0.0,1558.03
77693,84344,2025-12-22,2025-12-24,2025-12-26,Delivered,Wallet,Express Shipping,0.0,1230.54
82721,68844,2023-05-12,2023-05-15,2023-05-17,Delivered,Credit Card,Standard Shipping,0.1,2678.12
336691,20942,2025-10-07,2025-10-08,2025-10-11,Delivered,Credit Card,Standard Shipping,0.05,1059.8
262306,99715,2025-10-06,2025-10-08,2025-10-12,Delivered,Net Banking,Standard Shipping,0.15,3761.47
270950,26336,2024-09-22,2024-09-23,2024-09-28,Delivered,Debit Card,Standard Shipping,0.05,953.86
59663,23711,2025-04-25,2025-04-26,2025-04-29,Delivered,UPI,Standard Shipping,0.0,1627.97
420585,98160,2025-12-04,2025-12-05,2025-12-07,Delivered,Credit Card,Standard Shipping,0.0,2717.44
58388,40818,2025-10-09,2025-10-11,2025-10-16,Delivered,UPI,Standard Shipping,0.0,1387.29
425703,82848,2025-11-05,2025-11-08,2025-11-12,Delivered,UPI,Standard Shipping,0.05,657.79
236367,3126,2025-08-03,2025-08-04,2025-08-06,Delivered,Net Banking,Express Shipping,0.05,2497.2
332897,60547,2025-12-11,2025-12-12,2025-12-14,Delivered,UPI,Standard Shipping,0.15,1199.36
132441,91976,2025-12-04,2025-12-05,2025-12-09,Delivered,Credit Card,Standard Shipping,0.0,1065.95
192353,34448,2025-10-13,2025-10-14,2025-10-16,Delivered,Net Banking,Standard Shipping,0.05,880.59
255032,40417,2025-11-14,2025-11-16,2025-11-21,Delivered,Credit Card,Economy Shipping,0.0,948.35
428628,10486,2025-09-14,,,Pending,Wallet,Standard Shipping,0.1,1261.5
348921,27354,2025-07-19,2025-07-20,2025-07-22,Delivered,UPI,Express Shipping,0.0,5555.2
34205,95383,2024-04-16,2024-04-17,2024-04-21,Delivered,UPI,Priority Overnight,0.2,3376.34
17841,98474,2025-08-07,2025-08-08,2025-08-11,Delivered,Wallet,Standard Shipping,0.0,1749.05
453767,59396,2025-04-08,2025-04-10,2025-04-14,Delivered,COD,Express Shipping,0.2,1441.77
138563,83547,2025-11-29,2025-11-30,2025-12-02,Delivered,Debit Card,Standard Shipping,0.15,327.91
435663,9469,2024-12-12,2024-12-13,2024-12-18,Delivered,Debit Card,Standard Shipping,0.0,3198.24
464310,6372,2023-11-04,2023-11-06,2023-11-08,Delivered,UPI,Standard Shipping,0.0,1001.98
42327,62189,2025-09-28,2025-09-29,2025-10-04,Delivered,UPI,Standard Shipping,0.0,1079.85
191012,43713,2025-11-09,2025-11-10,2025-11-15,Delivered,UPI,Standard Shipping,0.0,2533.47
362430,44450,2025-04-07,2025-04-10,2025-04-14,Delivered,Debit Card,Express Shipping,0.15,2698.34
75283,71009,2024-05-14,2024-05-15,2024-05-19,Delivered,Debit Card,Priority Overnight,0.05,856.86
433521,81489,2025-11-29,2025-11-30,2025-12-02,Delivered,Credit Card,Express Shipping,0.0,2353.54
454046,98381,2025-02-05,2025-02-06,2025-02-08,Delivered,UPI,Standard Shipping,0.0,832.54
495784,47992,2025-11-17,2025-11-20,2025-11-24,Delivered,Net Banking,Express Shipping,0.0,4249.51
90442,3938,2025-03-12,2025-03-14,2025-03-16,Delivered,Credit Card,Express Shipping,0.0,838.77
411571,84978,2025-12-25,2025-12-26,2025-12-29,Delivered,Credit Card,Express Shipping,0.05,2189.3
192613,99410,2024-12-04,2024-12-06,2024-12-09,Delivered,UPI,Standard Shipping,0.05,1749.55
298475,8345,2025-12-18,2025-12-20,2025-12-24,Delivered,Credit Card,Standard Shipping,0.15,976.44
41738,39968,2025-10-29,2025-10-30,2025-11-03,Delivered,Wallet,Economy Shipping,0.0,1554.3
271276,68239,2024-03-21,2024-03-22,2024-03-24,Delivered,Net Banking,Express Shipping,0.1,273.07
281185,31349,2025-12-20,2025-12-22,2025-12-25,Delivered,UPI,Standard Shipping,0.0,506.07
82777,91540,2023-01-05,,,Cancelled,UPI,Priority Overnight,0.05,1577.09
435552,5381,2025-07-31,2025-08-01,2025-08-03,Delivered,COD,Express Shipping,0.15,1557.17
86192,64274,2025-11-26,2025-11-28,2025-12-01,Delivered,Credit Card,Standard Shipping,0.0,877.18
287188,29013,2024-09-21,2024-09-22,2024-09-24,Delivered,Credit Card,Standard Shipping,0.05,3212.74
435198,8927,2025-06-03,2025-06-05,2025-06-07,Delivered,Debit Card,Standard Shipping,0.0,1043.76
380857,36804,2024-05-09,2024-05-12,2024-05-17,Delivered,Debit Card,Standard Shipping,0.0,2241.92
80527,72451,2024-07-25,2024-07-26,2024-07-28,Delivered,Wallet,Express Shipping,0.0,1230.09
240261,92072,2025-10-14,2025-10-16,2025-10-19,Delivered,Credit Card,Standard Shipping,0.0,3450.75
44086,45323,2025-11-02,2025-11-04,2025-11-07,Delivered,Net Banking,Standard Shipping,0.05,931.46
282187,11783,2025-08-15,2025-08-17,2025-08-22,Delivered,Credit Card,Standard Shipping,0.0,241.1
50034,46057,2025-06-29,2025-06-30,2025-07-02,Delivered,Net Banking,Standard Shipping,0.1,881.03
116302,31001,2024-04-08,2024-04-10,2024-04-12,Delivered,Credit Card,Standard Shipping,0.05,1623.89
335264,73698,2025-06-30,,,Pending,Credit Card,Express Shipping,0.05,1089.62
432050,33059,2022-06-06,2022-06-09,2022-06-12,Delivered,UPI,Express Shipping,0.0,2130.23
193152,6578,2024-11-20,2024-11-21,2024-11-25,Delivered,Credit Card,Economy Shipping,0.0,1629.84
441682,40921,2025-12-09,2025-12-11,2025-12-13,Delivered,Net Banking,Standard Shipping,0.0,2868.28
437643,24325,2024-09-15,2024-09-17,2024-09-20,Delivered,Credit Card,Express Shipping,0.0,2273.69
46891,7968,2024-07-13,2024-07-14,2024-07-18,Delivered,Credit Card,Standard Shipping,0.05,1115.66
92570,30837,2024-12-05,2024-12-08,2024-12-12,Delivered,UPI,Express Shipping,0.05,1684.31
421735,38878,2025-09-04,2025-09-05,2025-09-07,Delivered,Debit Card,Priority Overnight,0.0,41.79
34109,48350,2024-08-27,2024-08-30,2024-09-02,Delivered,UPI,Express Shipping,0.05,3325.15
160899,47127,2025-08-15,2025-08-16,2025-08-18,Delivered,Credit Card,Standard Shipping,0.0,4070.57
30094,39957,2023-12-23,2023-12-24,2023-12-29,Delivered,UPI,Standard Shipping,0.0,1501.62
303981,39930,2025-05-29,2025-06-01,2025-06-03,Delivered,COD,Standard Shipping,0.05,1337.52
419536,59059,2024-02-14,2024-02-15,2024-02-17,Delivered,Net Banking,Standard Shipping,0.05,2853.24
169234,81835,2025-02-16,2025-02-17,2025-02-19,Delivered,Debit Card,Standard Shipping,0.2,791.98
232153,25951,2024-09-24,,,Cancelled,Debit Card,Standard Shipping,0.0,1857.1
117835,69745,2025-06-19,2025-06-20,2025-06-23,Delivered,Credit Card,Standard Shipping,0.1,3393.05
142363,37906,2025-11-28,2025-11-29,2025-12-02,Delivered,Credit Card,Standard Shipping,0.0,2010.48
198881,82171,2025-12-21,2025-12-22,2025-12-26,Returned,COD,Express Shipping,0.1,6715.34
497398,56731,2025-12-14,2025-12-16,2025-12-19,Returned,Debit Card,Standard Shipping,0.1,1269.99
112815,63878,2025-07-14,2025-07-15,2025-07-17,Delivered,UPI,Standard Shipping,0.05,3071.19
87538,26491,2023-04-11,2023-04-13,2023-04-16,Delivered,Debit Card,Standard Shipping,0.2,2216.38
412594,38293,2025-09-27,2025-09-30,2025-10-03,Delivered,UPI,Economy Shipping,0.05,954.32
179978,60009,2025-08-11,2025-08-14,2025-08-16,Delivered,UPI,Standard Shipping,0.0,1259.24
431243,86549,2025-08-26,2025-08-27,2025-08-30,Delivered,Credit Card,Standard Shipping,0.15,3144.9
171777,90445,2025-08-03,2025-08-06,2025-08-09,Delivered,Credit Card,Standard Shipping,0.0,2405.6
74686,97597,2025-02-23,2025-02-24,2025-03-01,Delivered,Debit Card,Standard Shipping,0.1,211.36
236099,95513,2025-02-15,,,Pending,Wallet,Standard Shipping,0.0,3308.81
145072,69921,2025-01-19,2025-01-22,2025-01-25,Returned,UPI,Express Shipping,0.1,3271.52
470476,75643,2024-04-14,2024-04-16,2024-04-19,Delivered,Debit Card,Priority Overnight,0.1,445.37
295821,26450,2024-12-13,2024-12-15,2024-12-18,Delivered,Credit Card,Priority Overnight,0.05,1453.52
357279,45274,2025-11-13,2025-11-14,2025-11-17,Returned,Credit Card,Express Shipping,0.0,2300.69
302630,18219,2024-04-25,2024-04-28,2024-04-30,Delivered,Credit Card,Standard Shipping,0.0,1921.94
226413,74077,2025-08-14,2025-08-17,2025-08-21,Delivered,Debit Card,Express Shipping,0.0,1560.26
343420,18212,2025-02-06,2025-02-07,2025-02-09,Delivered,Debit Card,Standard Shipping,0.0,1514.67
413757,39996,2025-12-22,2025-12-25,2025-12-30,Delivered,Credit Card,Standard Shipping,0.05,698.67
127666,43616,2024-04-20,2024-04-21,2024-04-23,Delivered,Credit Card,Express Shipping,0.1,3069.32
377348,93907,2025-02-25,2025-02-28,2025-03-02,Delivered,Credit Card,Standard Shipping,0.1,1464.54
313065,39045,2024-04-21,2024-04-22,2024-04-24,Delivered,Credit Card,Priority Overnight,0.0,3321.68
485187,38015,2025-11-24,2025-11-26,2025-11-29,Delivered,Wallet,Express Shipping,0.0,1047.6
459032,81411,2025-05-09,2025-05-12,2025-05-14,Delivered,Debit Card,Standard Shipping,0.0,3390.09
264885,15607,2024-11-16,2024-11-17,2024-11-20,Delivered,Debit Card,Standard Shipping,0.0,551.96
438724,77594,2025-07-17,2025-07-18,2025-07-20,Delivered,UPI,Express Shipping,0.0,608.92
13890,20907,2025-12-18,2025-12-19,2025-12-23,Delivered,Credit Card,Standard Shipping,0.0,2575.99
119740,5812,2025-08-16,,,Pending,Credit Card,Standard Shipping,0.15,1879.73
159737,7348,2024-07-28,2024-07-29,2024-08-02,Delivered,UPI,Express Shipping,0.0,3503.33
143968,43750,2025-03-22,2025-03-23,2025-03-26,Delivered,UPI,Priority Overnight,0.2,1570.35
75188,74711,2025-07-06,2025-07-07,2025-07-11,Delivered,Credit Card,Standard Shipping,0.1,1766.14
434403,76704,2025-04-23,2025-04-26,2025-04-29,Delivered,Credit Card,Standard Shipping,0.05,1769.99
188637,43642,2025-11-06,2025-11-08,2025-11-11,Delivered,Debit Card,Express Shipping,0.0,2357.91
315297,74888,2025-06-27,2025-06-28,2025-07-02,Returned,Credit Card,Standard Shipping,0.0,3153.48
197254,41912,2023-12-17,2023-12-18,2023-12-22,Returned,UPI,Priority Overnight,0.0,1447.46
101185,56102,2024-12-02,2024-12-03,2024-12-05,Delivered,Credit Card,Standard Shipping,0.05,1008.09
226430,46603,2025-07-11,2025-07-12,2025-07-15,Delivered,Credit Card,Standard Shipping,0.0,755.83
188796,74227,2025-04-24,2025-04-25,2025-04-27,Returned,Debit Card,Standard Shipping,0.0,4766.52
481145,61358,2025-04-10,2025-04-13,2025-04-18,Delivered,Net Banking,Priority Overnight,0.0,6369.77
443235,21051,2024-08-04,2024-08-06,2024-08-09,Delivered,Wallet,Express Shipping,0.0,2618.14
300863,76112,2025-10-30,,,Pending,Wallet,Standard Shipping,0.0,3119.84
496301,43494,2022-07-11,2022-07-13,2022-07-16,Delivered,UPI,Standard Shipping,0.0,4247.66
296290,20976,2025-03-10,2025-03-12,2025-03-14,Delivered,Credit Card,Standard Shipping,0.0,890.4
88832,80065,2025-05-20,,,Pending,Credit Card,Standard Shipping,0.05,931.74
43939,72078,2024-11-30,2024-12-03,2024-12-05,Delivered,Debit Card,Standard Shipping,0.0,858.92
450975,63753,2023-12-22,2023-12-23,2023-12-26,Delivered,Debit Card,Express Shipping,0.15,1911.84
192525,24121,2025-01-19,2025-01-20,2025-01-23,Delivered,Credit Card,Standard Shipping,0.1,1178.35
9208,94451,2025-08-17,,,Pending,UPI,Express Shipping,0.0,1134.46
240170,60613,2025-04-02,2025-04-03,2025-04-05,Delivered,Credit Card,Standard Shipping,0.05,1873.72
144167,70431,2024-02-29,2024-03-03,2024-03-06,Delivered,Credit Card,Priority Overnight,0.0,3196.39
161707,2569,2024-09-21,,,Cancelled,Debit Card,Standard Shipping,0.05,504.5
485084,76203,2024-11-24,2024-11-26,2024-11-28,Delivered,Wallet,Economy Shipping,0.0,1528.32
384088,62334,2025-07-20,2025-07-21,2025-07-25,Delivered,UPI,Standard Shipping,0.05,995.92
302815,21564,2024-09-30,2024-10-01,2024-10-04,Delivered,UPI,Express Shipping,0.0,2433.94
493506,32258,2025-11-21,2025-11-23,2025-11-26,Delivered,Credit Card,Express Shipping,0.1,1318.73
402292,16740,2025-01-06,2025-01-07,2025-01-09,Delivered,Debit Card,Standard Shipping,0.0,982.31
191329,37449,2024-08-10,2024-08-13,2024-08-15,Delivered,Credit Card,Express Shipping,0.1,800.15
262831,24838,2025-02-10,2025-02-11,2025-02-16,Delivered,UPI,Standard Shipping,0.0,4736.53
245448,25500,2025-10-31,2025-11-02,2025-11-04,Delivered,Debit Card,Priority Overnight,0.1,1899.71
147089,48488,2025-01-06,2025-01-08,2025-01-11,Delivered,Debit Card,Standard Shipping,0.2,4979.2
166314,51619,2025-07-05,2025-07-06,2025-07-09,Delivered,UPI,Priority Overnight,0.1,626.86
94341,34627,2023-10-25,2023-10-26,2023-10-31,Delivered,Credit Card,Express Shipping,0.0,1480.14
326345,25341,2025-05-17,2025-05-20,2025-05-23,Delivered,Credit Card,Express Shipping,0.05,658.06
283509,90092,2025-11-01,,,Pending,Debit Card,Priority Overnight,0.05,3680.52
91094,73702,2025-08-05,2025-08-07,2025-08-12,Delivered,Debit Card,Standard Shipping,0.2,162.38
315128,7451,2025-10-22,,,Cancelled,Net Banking,Priority Overnight,0.0,2966.48
436404,14682,2022-08-02,2022-08-04,2022-08-09,Delivered,Net Banking,Standard Shipping,0.0,2331.0
186120,54772,2024-06-02,2024-06-03,2024-06-05,Delivered,Net Banking,Standard Shipping,0.0,4943.18
474624,2768,2024-10-26,,,Cancelled,Net Banking,Express Shipping,0.05,3060.68
300847,79264,2025-06-14,2025-06-15,2025-06-18,Delivered,Net Banking,Standard Shipping,0.05,313.49
218743,71023,2024-07-16,2024-07-17,2024-07-19,Delivered,Debit Card,Express Shipping,0.0,1909.49
76802,67443,2024-07-09,2024-07-10,2024-07-12,Delivered,Credit Card,Standard Shipping,0.05,1597.6
293981,31801,2025-09-15,2025-09-16,2025-09-20,Delivered,UPI,Express Shipping,0.15,609.42
13886,76219,2022-12-29,2022-12-30,2023-01-01,Delivered,Debit Card,Express Shipping,0.15,142.79
360538,35110,2025-09-18,2025-09-20,2025-09-22,Delivered,Credit Card,Priority Overnight,0.1,2675.81
485545,40668,2025-10-27,2025-10-28,2025-11-02,Delivered,Debit Card,Standard Shipping,0.0,1989.61
267773,3068,2025-11-18,2025-11-20,2025-11-25,Delivered,Debit Card,Economy Shipping,0.0,2203.93
42140,95175,2025-11-06,2025-11-08,2025-11-12,Delivered,Debit Card,Express Shipping,0.0,249.96
204308,64843,2025-11-19,2025-11-20,2025-11-23,Delivered,Credit Card,Express Shipping,0.05,1397.11
143101,93986,2024-10-28,2024-10-29,2024-11-01,Delivered,Wallet,Standard Shipping,0.0,596.96
158191,98792,2025-12-06,2025-12-08,2025-12-12,Delivered,COD,Standard Shipping,0.0,628.24
308116,70905,2025-05-13,2025-05-15,2025-05-20,Delivered,Net Banking,Standard Shipping,0.05,1031.72
61835,83208,2025-04-06,2025-04-09,2025-04-13,Delivered,Credit Card,Priority Overnight,0.05,1317.48
387471,59566,2024-11-20,2024-11-22,2024-11-25,Delivered,Wallet,Priority Overnight,0.0,359.98
289551,72278,2025-02-11,2025-02-13,2025-02-16,Delivered,Debit Card,Standard Shipping,0.0,1417.92
208024,12950,2023-05-07,2023-05-09,2023-05-11,Delivered,UPI,Express Shipping,0.05,296.67
55745,64507,2025-12-05,2025-12-06,2025-12-09,Delivered,Net Banking,Standard Shipping,0.0,1238.14
187364,35211,2024-04-02,2024-04-05,2024-04-07,Delivered,UPI,Standard Shipping,0.0,1250.15
334075,4365,2025-04-12,2025-04-13,2025-04-15,Delivered,Credit Card,Standard Shipping,0.15,945.48
168537,83065,2025-03-13,2025-03-15,2025-03-18,Delivered,Debit Card,Express Shipping,0.05,3103.38
181796,57609,2025-09-14,2025-09-15,2025-09-17,Delivered,Net Banking,Standard Shipping,0.0,1557.72
380036,53325,2025-12-03,2025-12-05,2025-12-07,Delivered,COD,Express Shipping,0.1,681.41
274659,31424,2024-06-27,2024-06-29,2024-07-02,Delivered,UPI,Economy Shipping,0.0,1485.8
414862,78575,2025-07-31,2025-08-03,2025-08-06,Delivered,Credit Card,Standard Shipping,0.1,4044.58
91826,94844,2025-06-15,2025-06-18,2025-06-20,Delivered,UPI,Standard Shipping,0.0,1506.56
182843,59258,2025-06-10,2025-06-11,2025-06-14,Delivered,Wallet,Express Shipping,0.0,386.47
495105,94750,2024-04-04,2024-04-06,2024-04-09,Delivered,Debit Card,Express Shipping,0.2,1265.24
325339,85223,2025-06-03,2025-06-06,2025-06-11,Delivered,UPI,Standard Shipping,0.0,387.58
1492,58109,2025-04-02,2025-04-03,2025-04-07,Delivered,Credit Card,Standard Shipping,0.1,1971.79
381023,59988,2025-08-06,2025-08-08,2025-08-13,Delivered,Net Banking,Standard Shipping,0.0,348.47
132734,16684,2025-02-14,,,Cancelled,COD,Economy Shipping,0.0,733.21
371340,14894,2025-07-21,,,Pending,Wallet,Priority Overnight,0.05,2203.41
490901,40338,2024-07-08,2024-07-10,2024-07-13,Delivered,Credit Card,Standard Shipping,0.2,399.77
369274,87981,2025-03-07,2025-03-09,2025-03-11,Delivered,Credit Card,Standard Shipping,0.0,3013.24
183538,53777,2025-11-08,2025-11-09,2025-11-11,Delivered,Debit Card,Standard Shipping,0.1,668.47
54366,63719,2025-12-31,2026-01-01,2026-01-05,Delivered,Wallet,Standard Shipping,0.05,2011.1
202761,9000,2025-10-12,2025-10-15,2025-10-17,Delivered,Debit Card,Express Shipping,0.15,1012.04
115693,15110,2024-07-11,2024-07-12,2024-07-16,Delivered,UPI,Priority Overnight,0.15,1685.54
449656,81759,2025-05-23,2025-05-24,2025-05-27,Delivered,Credit Card,Standard Shipping,0.05,1371.76
13260,27468,2025-06-06,2025-06-07,2025-06-10,Delivered,Credit Card,Economy Shipping,0.0,2192.22
212411,86411,2024-08-22,2024-08-23,2024-08-27,Delivered,Wallet,Standard Shipping,0.0,3902.45
250594,84242,2023-12-27,2023-12-30,2024-01-03,Delivered,Debit Card,Standard Shipping,0.0,1789.96
126563,29566,2023-07-20,2023-07-21,2023-07-25,Delivered,Credit Card,Standard Shipping,0.0,3415.93
278385,13094,2025-09-02,2025-09-04,2025-09-06,Delivered,Credit Card,Priority Overnight,0.0,1735.9
192371,8136,2024-07-28,2024-07-31,2024-08-02,Delivered,Debit Card,Express Shipping,0.0,462.51
177951,41528,2025-05-14,2025-05-15,2025-05-18,Delivered,Debit Card,Express Shipping,0.0,2095.53
150672,89675,2025-12-19,2025-12-21,2025-12-26,Delivered,COD,Standard Shipping,0.1,1649.5
493610,58903,2024-09-07,2024-09-08,2024-09-11,Delivered,Credit Card,Express Shipping,0.1,669.52
33157,76188,2024-09-06,2024-09-09,2024-09-11,Delivered,Debit Card,Standard Shipping,0.0,957.91
326737,35327,2024-10-22,2024-10-23,2024-10-25,Delivered,COD,Standard Shipping,0.0,578.97
80823,13921,2024-07-11,2024-07-14,2024-07-19,Delivered,Credit Card,Express Shipping,0.15,855.39
484342,25508,2023-12-26,2023-12-27,2023-12-29,Delivered,Credit Card,Standard Shipping,0.0,1519.7
293308,28881,2024-03-21,2024-03-23,2024-03-25,Delivered,Debit Card,Express Shipping,0.0,1991.89
413087,30447,2025-03-20,2025-03-22,2025-03-26,Delivered,Net Banking,Standard Shipping,0.05,89.83
420207,80361,2025-07-11,2025-07-12,2025-07-14,Delivered,Net Banking,Express Shipping,0.0,1430.15
136526,41755,2025-10-27,2025-10-29,2025-11-01,Delivered,Debit Card,Standard Shipping,0.15,1274.5
320882,48402,2024-10-02,2024-10-05,2024-10-08,Delivered,Debit Card,Express Shipping,0.05,4603.62
236916,78586,2025-10-09,2025-10-10,2025-10-12,Delivered,Net Banking,Standard Shipping,0.0,3516.25
476626,82087,2025-09-17,2025-09-20,2025-09-23,Delivered,Net Banking,Express Shipping,0.0,1162.89
459711,31289,2023-12-27,2023-12-28,2024-01-01,Delivered,UPI,Standard Shipping,0.1,616.55
339208,22457,2025-04-16,2025-04-19,2025-04-21,Delivered,Debit Card,Express Shipping,0.05,4603.18
479313,91113,2025-12-07,2025-12-08,2025-12-12,Delivered,UPI,Standard Shipping,0.0,988.55
139138,31178,2024-03-23,2024-03-24,2024-03-26,Delivered,Credit Card,Priority Overnight,0.0,1931.0
90792,70148,2023-10-22,2023-10-25,2023-10-29,Delivered,Credit Card,Standard Shipping,0.0,747.96
365782,88755,2025-05-17,2025-05-19,2025-05-22,Delivered,Debit Card,Standard Shipping,0.15,1119.54
101356,476,2025-06-23,2025-06-26,2025-06-28,Delivered,Debit Card,Standard Shipping,0.2,2161.33
61647,25682,2025-08-05,2025-08-06,2025-08-10,Delivered,UPI,Standard Shipping,0.0,939.86
463110,13571,2025-10-10,2025-10-12,2025-10-15,Delivered,Credit Card,Express Shipping,0.05,2562.06
461788,28685,2025-07-10,2025-07-11,2025-07-13,Delivered,Credit Card,Express Shipping,0.05,1434.32
428586,77246,2025-07-23,2025-07-26,2025-07-28,Delivered,Credit Card,Standard Shipping,0.1,2587.43
319700,27206,2025-10-03,2025-10-04,2025-10-07,Delivered,Net Banking,Standard Shipping,0.0,838.97
453187,61136,2025-03-31,,,Cancelled,Credit Card,Priority Overnight,0.0,1890.7
163612,23847,2024-06-27,2024-06-29,2024-07-03,Delivered,UPI,Express Shipping,0.15,1035.57
121833,46973,2025-05-03,2025-05-04,2025-05-07,Delivered,UPI,Economy Shipping,0.1,552.55
189040,89701,2025-07-28,2025-07-29,2025-07-31,Delivered,Net Banking,Express Shipping,0.1,1277.48
461801,57681,2024-12-16,2024-12-17,2024-12-19,Delivered,UPI,Economy Shipping,0.2,3917.68
124885,29499,2025-07-14,2025-07-15,2025-07-18,Delivered,UPI,Standard Shipping,0.2,2627.84
196422,33406,2023-03-07,2023-03-08,2023-03-11,Delivered,Credit Card,Priority Overnight,0.0,159.99
91278,86744,2025-12-03,2025-12-04,2025-12-06,Delivered,Credit Card,Standard Shipping,0.0,1719.44
103444,96885,2025-10-31,2025-11-01,2025-11-05,Returned,Debit Card,Express Shipping,0.0,1934.14
72564,95470,2025-02-11,2025-02-14,2025-02-17,Delivered,Credit Card,Standard Shipping,0.0,1069.97
335142,83622,2025-08-09,2025-08-12,2025-08-16,Delivered,Debit Card,Standard Shipping,0.15,895.42
219322,81848,2025-12-05,2025-12-08,2025-12-10,Delivered,UPI,Express Shipping,0.15,4153.37
373106,61098,2025-08-28,2025-08-31,2025-09-03,Delivered,Debit Card,Standard Shipping,0.0,2062.16
180489,62218,2024-07-22,2024-07-23,2024-07-25,Returned,UPI,Economy Shipping,0.1,529.45
406700,67511,2023-12-13,2023-12-14,2023-12-17,Delivered,Credit Card,Priority Overnight,0.2,255.17
76344,58292,2024-11-17,2024-11-18,2024-11-22,Delivered,Debit Card,Express Shipping,0.0,2212.65
3186,36995,2024-10-28,2024-10-29,2024-11-02,Delivered,COD,Standard Shipping,0.0,1895.47
35090,38249,2025-09-19,2025-09-20,2025-09-23,Returned,Credit Card,Priority Overnight,0.0,817.98
294867,14648,2023-09-01,2023-09-03,2023-09-05,Delivered,Debit Card,Economy Shipping,0.0,1020.95
64754,40770,2025-11-21,2025-11-24,2025-11-28,Delivered,Net Banking,Express Shipping,0.1,975.55
48109,12762,2024-12-09,2024-12-10,2024-12-14,Delivered,Net Banking,Standard Shipping,0.1,1149.26
278075,8537,2024-07-17,2024-07-18,2024-07-22,Delivered,Net Banking,Standard Shipping,0.2,1138.15
243973,19639,2025-11-10,2025-11-12,2025-11-14,Returned,Debit Card,Standard Shipping,0.0,891.15
461112,5780,2025-02-16,2025-02-17,2025-02-20,Delivered,UPI,Standard Shipping,0.0,3029.52
301681,27283,2025-11-25,2025-11-27,2025-12-01,Delivered,Credit Card,Express Shipping,0.0,3281.76
137461,6961,2025-02-18,,,Cancelled,Credit Card,Standard Shipping,0.15,303.82
415484,6393,2025-12-09,2025-12-10,2025-12-12,Delivered,Credit Card,Standard Shipping,0.0,464.97
112269,47360,2024-08-22,2024-08-24,2024-08-28,Delivered,Credit Card,Express Shipping,0.1,1283.39
54397,54226,2025-08-17,2025-08-19,2025-08-23,Delivered,Credit Card,Standard Shipping,0.0,2138.15
214669,22545,2024-08-14,2024-08-16,2024-08-19,Delivered,Net Banking,Standard Shipping,0.1,3742.08
407258,39811,2025-12-01,2025-12-02,2025-12-05,Delivered,Debit Card,Economy Shipping,0.0,825.97
6209,25360,2025-08-31,,,Cancelled,Credit Card,Standard Shipping,0.0,1592.07
202342,87356,2025-10-03,2025-10-05,2025-10-08,Delivered,Net Banking,Express Shipping,0.0,2867.63
266508,98892,2025-05-25,2025-05-27,2025-05-31,Delivered,Debit Card,Standard Shipping,0.2,294.37
328293,81147,2023-03-16,2023-03-17,2023-03-21,Delivered,Credit Card,Standard Shipping,0.0,2116.7
399342,32477,2024-07-20,2024-07-21,2024-07-26,Delivered,COD,Standard Shipping,0.05,1845.82
190722,26137,2024-10-18,2024-10-19,2024-10-22,Delivered,Credit Card,Standard Shipping,0.0,7639.45
475321,43072,2025-11-29,2025-12-01,2025-12-04,Delivered,UPI,Standard Shipping,0.0,4247.54
472451,31150,2025-04-08,2025-04-10,2025-04-13,Delivered,Debit Card,Express Shipping,0.05,2088.37
214490,69714,2025-07-01,2025-07-02,2025-07-06,Delivered,Wallet,Economy Shipping,0.0,393.21
392501,26439,2023-06-20,,,Cancelled,Net Banking,Priority Overnight,0.05,2744.38
392613,79853,2025-07-25,2025-07-26,2025-07-29,Delivered,Wallet,Standard Shipping,0.05,1243.18
53329,37277,2025-12-19,2025-12-21,2025-12-23,Delivered,UPI,Standard Shipping,0.05,2750.74
29446,72667,2025-09-27,2025-09-28,2025-10-01,Delivered,Debit Card,Standard Shipping,0.05,3334.47
11405,74436,2025-11-26,2025-11-28,2025-11-30,Delivered,Debit Card,Express Shipping,0.15,1213.63
261019,53090,2025-02-11,2025-02-13,2025-02-15,Delivered,Credit Card,Standard Shipping,0.1,1439.87
224652,58194,2024-02-14,2024-02-15,2024-02-17,Delivered,UPI,Standard Shipping,0.0,1239.98
115008,84322,2024-03-26,2024-03-27,2024-03-30,Delivered,UPI,Standard Shipping,0.0,6058.97
427869,25141,2023-10-09,2023-10-11,2023-10-15,Delivered,Credit Card,Standard Shipping,0.0,1695.54
238967,62203,2025-09-07,2025-09-09,2025-09-11,Delivered,UPI,Standard Shipping,0.05,4821.49
451000,92698,2024-10-04,2024-10-05,2024-10-07,Delivered,Debit Card,Express Shipping,0.0,1933.95
190465,93066,2024-12-04,2024-12-06,2024-12-11,Delivered,Debit Card,Standard Shipping,0.1,2037.16
374132,84260,2025-09-14,2025-09-17,2025-09-19,Delivered,Net Banking,Standard Shipping,0.0,1703.38
71986,52599,2025-11-23,2025-11-24,2025-11-26,Delivered,Credit Card,Standard Shipping,0.1,1584.38
288790,20045,2024-08-29,2024-08-30,2024-09-02,Delivered,Debit Card,Standard Shipping,0.0,7406.37
68128,20113,2025-09-26,2025-09-27,2025-09-29,Delivered,COD,Express Shipping,0.05,2198.14
48218,95218,2025-02-02,2025-02-03,2025-02-05,Delivered,Wallet,Standard Shipping,0.05,3009.08
243593,46580,2025-09-17,2025-09-18,2025-09-20,Delivered,Credit Card,Standard Shipping,0.0,372.96
212035,52275,2025-01-30,2025-01-31,2025-02-02,Delivered,Credit Card,Priority Overnight,0.15,1237.05
235598,19315,2025-05-05,2025-05-06,2025-05-08,Delivered,Credit Card,Priority Overnight,0.0,1410.25
396941,272,2025-06-29,2025-07-02,2025-07-04,Delivered,Debit Card,Express Shipping,0.05,1111.93
280167,13486,2025-11-28,2025-11-30,2025-12-05,Delivered,Credit Card,Express Shipping,0.1,1796.25
251167,98802,2024-11-14,2024-11-15,2024-11-19,Delivered,UPI,Priority Overnight,0.0,3259.38
234272,19919,2025-12-17,2025-12-19,2025-12-22,Delivered,Credit Card,Priority Overnight,0.0,947.46
5248,59096,2025-12-04,2025-12-05,2025-12-08,Delivered,Wallet,Express Shipping,0.05,947.1
479784,2403,2023-12-06,2023-12-07,2023-12-09,Delivered,Debit Card,Standard Shipping,0.0,470.96
61820,43998,2023-07-26,2023-07-27,2023-07-30,Delivered,Credit Card,Standard Shipping,0.1,1449.63
375394,6667,2024-07-24,2024-07-26,2024-07-29,Delivered,Wallet,Standard Shipping,0.1,762.25
314146,40415,2023-12-22,2023-12-23,2023-12-28,Delivered,Credit Card,Priority Overnight,0.15,1803.38
319415,10113,2025-12-05,2025-12-07,2025-12-10,Delivered,Credit Card,Express Shipping,0.05,9119.92
368252,50777,2025-07-01,2025-07-03,2025-07-06,Delivered,Net Banking,Priority Overnight,0.15,2205.85
398591,88589,2024-12-28,2024-12-30,2025-01-01,Delivered,Wallet,Priority Overnight,0.0,2739.21
80512,35169,2025-05-03,2025-05-04,2025-05-06,Delivered,Credit Card,Priority Overnight,0.0,1186.85
294548,24730,2024-09-02,2024-09-04,2024-09-07,Delivered,Wallet,Standard Shipping,0.0,1078.71
94586,87161,2024-03-06,2024-03-09,2024-03-12,Delivered,UPI,Economy Shipping,0.0,596.04
287084,53997,2024-08-09,2024-08-11,2024-08-14,Delivered,Debit Card,Standard Shipping,0.05,606.57
479639,42868,2025-08-22,2025-08-24,2025-08-26,Delivered,Credit Card,Priority Overnight,0.1,477.86
253789,16496,2025-12-27,2025-12-28,2025-12-30,Delivered,Debit Card,Standard Shipping,0.15,533.19
286584,30907,2025-03-21,2025-03-22,2025-03-24,Delivered,Credit Card,Standard Shipping,0.2,760.47
30196,40219,2025-11-17,2025-11-19,2025-11-23,Delivered,Debit Card,Standard Shipping,0.05,1299.93
306134,70120,2024-07-26,2024-07-28,2024-08-02,Delivered,UPI,Economy Shipping,0.05,908.55
288650,41718,2023-11-26,2023-11-27,2023-11-30,Delivered,Debit Card,Priority Overnight,0.0,972.19
188562,92800,2025-02-11,2025-02-12,2025-02-14,Delivered,Debit Card,Standard Shipping,0.2,1631.72
191571,83939,2024-12-31,2025-01-01,2025-01-05,Delivered,Credit Card,Express Shipping,0.0,1154.13
85923,1544,2024-12-08,2024-12-11,2024-12-15,Delivered,Credit Card,Express Shipping,0.1,365.42
412393,96076,2025-12-14,2025-12-15,2025-12-17,Delivered,Credit Card,Express Shipping,0.2,2124.94
288586,53856,2024-12-26,2024-12-27,2024-12-30,Delivered,UPI,Standard Shipping,0.0,2213.7
273431,50840,2025-08-20,2025-08-22,2025-08-25,Delivered,Credit Card,Standard Shipping,0.0,4416.19
404292,59712,2025-09-23,2025-09-24,2025-09-29,Returned,Debit Card,Standard Shipping,0.0,9472.56
42391,89913,2025-09-21,2025-09-22,2025-09-26,Delivered,Net Banking,Standard Shipping,0.2,1171.5
215181,18212,2024-02-26,2024-02-27,2024-03-02,Delivered,Credit Card,Economy Shipping,0.0,453.4
319840,98088,2025-12-09,2025-12-12,2025-12-15,Returned,UPI,Express Shipping,0.15,2935.0
303275,70642,2025-03-11,2025-03-12,2025-03-14,Delivered,UPI,Standard Shipping,0.1,1085.83
293613,77094,2022-07-30,,,Cancelled,Credit Card,Express Shipping,0.05,1376.81
1225,75358,2025-09-05,2025-09-06,2025-09-09,Delivered,Credit Card,Standard Shipping,0.1,2993.06
436055,66542,2025-10-03,2025-10-04,2025-10-07,Delivered,Credit Card,Express Shipping,0.1,2212.24
446184,19537,2025-12-23,2025-12-25,2025-12-28,Delivered,COD,Standard Shipping,0.0,2733.26
178721,14472,2024-06-09,2024-06-10,2024-06-13,Delivered,Debit Card,Express Shipping,0.1,3770.0
442166,45712,2024-04-29,2024-04-30,2024-05-03,Delivered,UPI,Standard Shipping,0.1,1672.18
429770,66124,2025-01-24,2025-01-27,2025-01-30,Delivered,Credit Card,Standard Shipping,0.1,798.94
492309,3848,2025-10-29,2025-11-01,2025-11-04,Delivered,Net Banking,Economy Shipping,0.2,1996.63
230478,76664,2023-12-25,2023-12-26,2023-12-28,Delivered,Debit Card,Standard Shipping,0.0,2216.99
204583,6257,2025-07-04,2025-07-06,2025-07-09,Delivered,Credit Card,Express Shipping,0.05,1182.01
354063,50664,2025-06-13,2025-06-15,2025-06-18,Delivered,COD,Economy Shipping,0.0,2110.49
144603,59948,2025-07-30,2025-07-31,2025-08-05,Delivered,UPI,Economy Shipping,0.0,132.98
155138,11460,2023-10-12,2023-10-14,2023-10-17,Delivered,Net Banking,Standard Shipping,0.15,1419.07
403057,93156,2023-12-15,2023-12-16,2023-12-18,Delivered,Debit Card,Express Shipping,0.0,1731.54
392567,4932,2025-12-16,2025-12-17,2025-12-19,Delivered,Net Banking,Standard Shipping,0.0,6679.21
67381,73146,2022-08-16,2022-08-17,2022-08-19,Delivered,Net Banking,Express Shipping,0.0,3303.52
24512,52204,2025-04-05,2025-04-06,2025-04-09,Delivered,Credit Card,Express Shipping,0.15,2215.99
269037,53555,2025-08-22,2025-08-23,2025-08-27,Delivered,COD,Standard Shipping,0.1,1576.56
337380,10727,2025-12-29,2025-12-30,2026-01-03,Delivered,Credit Card,Express Shipping,0.0,1042.94
226721,73316,2025-09-05,2025-09-07,2025-09-10,Delivered,Credit Card,Economy Shipping,0.15,806.81
363143,75329,2025-10-13,2025-10-15,2025-10-18,Delivered,COD,Express Shipping,0.0,615.96
311239,68112,2025-12-29,,,Cancelled,Debit Card,Express Shipping,0.0,1853.03
357441,63780,2025-09-10,2025-09-12,2025-09-16,Delivered,Credit Card,Standard Shipping,0.05,1361.3
277525,43549,2025-08-07,2025-08-08,2025-08-10,Returned,COD,Economy Shipping,0.0,2378.8
250354,62014,2025-02-03,2025-02-04,2025-02-06,Delivered,Net Banking,Standard Shipping,0.1,2477.24
376392,61454,2022-01-08,2022-01-11,2022-01-14,Delivered,UPI,Express Shipping,0.05,2693.51
404,39762,2025-04-08,2025-04-10,2025-04-14,Delivered,UPI,Standard Shipping,0.0,187.5
47003,30614,2024-02-29,2024-03-02,2024-03-07,Delivered,Debit Card,Priority Overnight,0.05,3282.93
166098,67671,2025-09-29,2025-09-30,2025-10-02,Delivered,Net Banking,Standard Shipping,0.1,2304.41
429287,91401,2025-12-06,2025-12-07,2025-12-09,Delivered,Debit Card,Standard Shipping,0.15,1979.17
303269,86167,2025-12-27,2025-12-29,2026-01-01,Delivered,Credit Card,Standard Shipping,0.05,1186.94
130717,22192,2025-03-21,2025-03-23,2025-03-25,Delivered,Credit Card,Express Shipping,0.0,4060.07
90002,13536,2025-08-03,2025-08-04,2025-08-07,Delivered,Net Banking,Express Shipping,0.0,2927.93
258039,26471,2025-07-03,2025-07-04,2025-07-08,Delivered,Credit Card,Standard Shipping,0.05,2978.03
172770,49188,2023-12-12,2023-12-14,2023-12-19,Delivered,COD,Standard Shipping,0.0,2632.73
183332,31620,2025-06-25,2025-06-28,2025-07-02,Delivered,Credit Card,Standard Shipping,0.05,515.82
315201,20419,2025-06-13,2025-06-14,2025-06-16,Delivered,Net Banking,Express Shipping,0.05,1264.83
193632,70099,2025-01-31,2025-02-01,2025-02-04,Delivered,Credit Card,Express Shipping,0.05,3147.97
455271,97836,2025-11-21,2025-11-23,2025-11-26,Delivered,Net Banking,Standard Shipping,0.1,3482.89
83802,62172,2025-12-23,2025-12-25,2025-12-27,Delivered,UPI,Standard Shipping,0.1,1448.08
258995,36606,2025-11-04,2025-11-07,2025-11-09,Delivered,UPI,Standard Shipping,0.1,3310.25
427481,63897,2025-04-29,2025-04-30,2025-05-03,Delivered,Wallet,Express Shipping,0.0,447.08
36787,67844,2025-10-01,2025-10-02,2025-10-05,Delivered,Credit Card,Standard Shipping,0.0,6493.46
236628,11134,2025-04-05,2025-04-06,2025-04-10,Delivered,UPI,Standard Shipping,0.2,2250.58
149245,19029,2022-12-25,2022-12-28,2022-12-30,Delivered,Credit Card,Standard Shipping,0.0,1327.86
380440,25390,2022-09-09,2022-09-12,2022-09-14,Delivered,Credit Card,Express Shipping,0.05,1006.0
443707,66441,2023-11-11,2023-11-14,2023-11-17,Delivered,UPI,Standard Shipping,0.05,635.32
185852,22186,2025-05-11,2025-05-13,2025-05-16,Delivered,Wallet,Priority Overnight,0.0,2605.24
131689,45561,2025-01-02,2025-01-03,2025-01-05,Delivered,Credit Card,Standard Shipping,0.0,3220.53
252110,37545,2024-03-08,2024-03-10,2024-03-13,Delivered,Credit Card,Express Shipping,0.05,507.32
375800,9179,2025-10-14,2025-10-15,2025-10-17,Delivered,Net Banking,Standard Shipping,0.0,1692.55
69311,19775,2025-06-15,2025-06-16,2025-06-18,Delivered,Debit Card,Standard Shipping,0.2,1680.51
416491,78389,2024-09-25,2024-09-26,2024-09-29,Delivered,UPI,Standard Shipping,0.05,3274.97
290556,57792,2025-09-05,2025-09-07,2025-09-12,Delivered,Credit Card,Express Shipping,0.2,3347.17
167864,43545,2025-10-15,2025-10-16,2025-10-19,Delivered,Wallet,Standard Shipping,0.05,2967.13
156719,58613,2025-12-30,2026-01-01,2026-01-03,Delivered,Net Banking,Standard Shipping,0.0,51.42
210069,62979,2025-10-31,2025-11-01,2025-11-05,Delivered,Net Banking,Standard Shipping,0.05,2189.74
456048,79696,2024-05-11,,,Pending,Debit Card,Express Shipping,0.1,3081.03
216573,99949,2024-07-28,2024-07-31,2024-08-02,Delivered,Credit Card,Standard Shipping,0.0,1590.49
193595,9186,2022-07-30,,,Cancelled,Credit Card,Standard Shipping,0.0,1640.55
47269,97777,2025-11-20,2025-11-23,2025-11-28,Delivered,Credit Card,Standard Shipping,0.0,1063.14
493162,93222,2025-02-22,2025-02-23,2025-02-28,Delivered,Net Banking,Standard Shipping,0.0,3501.88
320626,87365,2025-07-22,,,Cancelled,Credit Card,Priority Overnight,0.05,1359.71
465182,54948,2023-02-17,2023-02-18,2023-02-20,Delivered,UPI,Standard Shipping,0.0,3067.89
147609,4760,2024-02-09,2024-02-12,2024-02-15,Delivered,UPI,Express Shipping,0.0,3614.27
254858,15416,2025-12-07,,,Cancelled,Credit Card,Priority Overnight,0.1,3491.21
439123,13042,2025-04-21,2025-04-23,2025-04-26,Delivered,Net Banking,Priority Overnight,0.0,928.84
216130,87607,2025-11-27,2025-11-29,2025-12-01,Delivered,Credit Card,Express Shipping,0.0,3946.06
333373,44879,2025-11-11,2025-11-12,2025-11-14,Delivered,Debit Card,Standard Shipping,0.0,549.96
394136,67061,2023-12-18,2023-12-20,2023-12-24,Delivered,Net Banking,Standard Shipping,0.15,528.98
187951,58550,2024-03-28,2024-03-29,2024-04-02,Delivered,Debit Card,Standard Shipping,0.1,169.59
379672,95056,2025-11-05,2025-11-06,2025-11-09,Delivered,Debit Card,Economy Shipping,0.15,1264.1
187702,63396,2025-05-05,2025-05-07,2025-05-09,Delivered,UPI,Economy Shipping,0.0,1804.96
386150,65684,2024-12-14,2024-12-16,2024-12-19,Delivered,UPI,Standard Shipping,0.0,2141.25
239432,9653,2025-09-29,2025-09-30,2025-10-03,Delivered,UPI,Standard Shipping,0.1,1004.38
219738,34921,2025-11-09,2025-11-11,2025-11-14,Delivered,UPI,Economy Shipping,0.0,4848.92
292750,52689,2025-10-29,2025-10-30,2025-11-02,Delivered,COD,Standard Shipping,0.0,1221.1
322967,96419,2025-09-01,,,Pending,Credit Card,Economy Shipping,0.0,975.76
374439,15712,2025-08-19,2025-08-20,2025-08-24,Delivered,Credit Card,Standard Shipping,0.1,585.58
96289,24216,2024-11-01,2024-11-03,2024-11-05,Delivered,Credit Card,Express Shipping,0.1,2002.44
489353,26843,2025-03-28,2025-03-29,2025-04-03,Delivered,Credit Card,Economy Shipping,0.0,1152.33
405233,31744,2025-05-15,2025-05-17,2025-05-19,Delivered,Wallet,Standard Shipping,0.15,1103.55
46598,36250,2025-02-25,2025-02-28,2025-03-04,Delivered,Wallet,Standard Shipping,0.05,1880.96
77883,18510,2024-05-06,2024-05-08,2024-05-10,Delivered,Net Banking,Standard Shipping,0.0,243.98
69243,16628,2023-12-08,2023-12-09,2023-12-12,Delivered,UPI,Standard Shipping,0.2,1738.71
108672,85033,2024-11-04,2024-11-06,2024-11-09,Delivered,Credit Card,Express Shipping,0.15,1045.23
490463,98049,2025-03-05,2025-03-07,2025-03-11,Delivered,COD,Express Shipping,0.15,1614.26
132506,90081,2025-10-11,2025-10-12,2025-10-14,Delivered,Debit Card,Standard Shipping,0.15,147.61
183114,67219,2023-06-18,2023-06-19,2023-06-22,Delivered,Credit Card,Standard Shipping,0.0,1771.12
188252,53405,2023-06-22,2023-06-24,2023-06-26,Delivered,Credit Card,Priority Overnight,0.05,2972.9
37505,44927,2025-09-07,2025-09-10,2025-09-13,Delivered,Credit Card,Express Shipping,0.05,1173.24
8542,67161,2025-01-01,2025-01-02,2025-01-04,Delivered,Credit Card,Express Shipping,0.1,571.41
86355,91340,2025-10-01,2025-10-02,2025-10-05,Delivered,UPI,Economy Shipping,0.05,183.58
151485,50424,2024-11-24,2024-11-26,2024-11-28,Returned,UPI,Standard Shipping,0.0,571.97
162916,10167,2025-12-30,2025-12-31,2026-01-02,Delivered,UPI,Standard Shipping,0.1,205.87
265846,32633,2025-12-12,2025-12-13,2025-12-15,Delivered,Credit Card,Standard Shipping,0.15,868.65
385802,67957,2025-10-02,2025-10-05,2025-10-08,Delivered,Credit Card,Priority Overnight,0.0,1377.13
379800,54292,2025-11-15,2025-11-17,2025-11-19,Delivered,Credit Card,Standard Shipping,0.15,858.77
192501,35630,2025-03-27,2025-03-28,2025-03-31,Delivered,Wallet,Standard Shipping,0.1,620.07
317354,77475,2025-09-28,2025-10-01,2025-10-05,Delivered,Net Banking,Standard Shipping,0.0,3221.97
102491,28771,2024-07-24,,,Cancelled,Credit Card,Express Shipping,0.0,2531.64
181568,88877,2025-10-08,2025-10-09,2025-10-11,Delivered,Debit Card,Express Shipping,0.1,462.56
418461,47243,2025-05-31,2025-06-02,2025-06-07,Delivered,Credit Card,Standard Shipping,0.0,4633.93
300717,71517,2025-06-26,,,Pending,UPI,Express Shipping,0.0,3168.48
390086,84453,2025-11-07,2025-11-08,2025-11-11,Delivered,Credit Card,Standard Shipping,0.0,4665.34
39688,36036,2025-12-15,2025-12-17,2025-12-21,Delivered,Credit Card,Economy Shipping,0.05,451.24
480583,10149,2022-01-04,2022-01-05,2022-01-10,Delivered,Wallet,Standard Shipping,0.0,1344.56
853,69788,2024-12-11,2024-12-12,2024-12-15,Delivered,UPI,Standard Shipping,0.05,484.47
374784,59919,2025-10-11,2025-10-14,2025-10-19,Delivered,Debit Card,Economy Shipping,0.1,453.88
234986,97142,2025-09-28,2025-09-29,2025-10-02,Delivered,COD,Priority Overnight,0.0,3035.49
291207,24714,2025-12-21,2025-12-22,2025-12-24,Delivered,Debit Card,Express Shipping,0.05,1008.77
323585,52932,2025-11-30,2025-12-02,2025-12-06,Delivered,Debit Card,Express Shipping,0.1,94.01
119074,20482,2023-11-13,2023-11-14,2023-11-16,Delivered,UPI,Express Shipping,0.0,1103.5
273328,80053,2025-01-14,2025-01-17,2025-01-20,Delivered,Credit Card,Standard Shipping,0.05,1943.65
440271,96806,2025-02-26,2025-02-28,2025-03-02,Delivered,Net Banking,Standard Shipping,0.0,3212.48
194506,81649,2024-01-20,,,Cancelled,Credit Card,Standard Shipping,0.15,2121.11
254993,92661,2024-04-26,2024-04-29,2024-05-01,Delivered,Credit Card,Standard Shipping,0.0,1742.94
442282,39010,2025-08-04,2025-08-07,2025-08-10,Delivered,Debit Card,Express Shipping,0.15,1396.92
69046,752,2025-06-19,2025-06-20,2025-06-23,Delivered,Debit Card,Standard Shipping,0.0,2049.44
3619,58116,2025-11-27,2025-11-30,2025-12-02,Delivered,UPI,Standard Shipping,0.05,716.51
324477,33406,2024-07-24,2024-07-25,2024-07-30,Delivered,Debit Card,Economy Shipping,0.0,1862.34
28293,46181,2025-02-02,2025-02-04,2025-02-08,Delivered,UPI,Express Shipping,0.0,4494.93
180044,48391,2022-10-16,2022-10-17,2022-10-19,Delivered,Credit Card,Express Shipping,0.0,1069.95
46470,85988,2024-04-08,2024-04-10,2024-04-15,Delivered,UPI,Standard Shipping,0.0,1061.18
348862,89048,2023-10-08,2023-10-11,2023-10-15,Delivered,Debit Card,Priority Overnight,0.1,848.42
234698,10003,2025-09-27,2025-09-28,2025-10-03,Delivered,Credit Card,Standard Shipping,0.15,2494.93
407850,52613,2025-06-09,2025-06-11,2025-06-13,Delivered,Credit Card,Economy Shipping,0.0,3706.74
252985,31528,2025-11-11,2025-11-12,2025-11-17,Delivered,Debit Card,Express Shipping,0.0,3260.91
206612,14767,2025-12-23,2025-12-24,2025-12-26,Delivered,Net Banking,Standard Shipping,0.1,1125.85
294570,77158,2024-01-06,2024-01-07,2024-01-10,Delivered,Credit Card,Express Shipping,0.05,911.66
459221,46881,2025-05-17,2025-05-18,2025-05-20,Delivered,UPI,Standard Shipping,0.15,762.34
134008,40653,2025-06-20,2025-06-21,2025-06-23,Delivered,Debit Card,Standard Shipping,0.0,651.8
348476,32135,2025-12-01,2025-12-03,2025-12-07,Delivered,Credit Card,Priority Overnight,0.0,1468.65
326797,50038,2025-12-05,2025-12-07,2025-12-09,Returned,Credit Card,Express Shipping,0.05,1265.74
458130,61217,2025-10-20,2025-10-21,2025-10-26,Delivered,Debit Card,Standard Shipping,0.0,84.96
72927,1627,2025-04-16,2025-04-17,2025-04-19,Delivered,Credit Card,Express Shipping,0.0,2590.92
337708,88311,2023-05-16,2023-05-18,2023-05-21,Delivered,Debit Card,Express Shipping,0.0,125.88
452233,65038,2025-10-01,2025-10-03,2025-10-06,Delivered,UPI,Standard Shipping,0.1,1202.1
487316,23290,2024-10-17,2024-10-18,2024-10-20,Delivered,Credit Card,Standard Shipping,0.15,2738.99
249563,75461,2025-06-26,2025-06-27,2025-07-02,Delivered,Credit Card,Express Shipping,0.0,2860.54
133680,82996,2025-10-24,2025-10-25,2025-10-28,Delivered,Wallet,Economy Shipping,0.0,179.99
141931,83756,2024-10-23,2024-10-24,2024-10-27,Delivered,Credit Card,Standard Shipping,0.0,4733.75
482491,76016,2025-08-12,2025-08-13,2025-08-15,Delivered,Debit Card,Economy Shipping,0.1,1157.76
3126,58903,2025-09-12,2025-09-13,2025-09-15,Returned,Credit Card,Standard Shipping,0.05,512.32
403363,15697,2025-03-11,2025-03-14,2025-03-16,Delivered,UPI,Express Shipping,0.05,983.55
147042,71931,2025-01-27,2025-01-28,2025-01-30,Delivered,COD,Standard Shipping,0.15,565.48
250693,55690,2024-09-20,2024-09-21,2024-09-23,Delivered,Net Banking,Standard Shipping,0.15,863.57
283469,99148,2025-09-29,2025-10-02,2025-10-04,Returned,UPI,Economy Shipping,0.0,1157.3
165957,52866,2024-11-03,2024-11-04,2024-11-06,Delivered,Credit Card,Express Shipping,0.0,2859.98
278674,2351,2022-03-13,2022-03-14,2022-03-16,Delivered,Net Banking,Standard Shipping,0.05,1747.22
235962,5427,2025-09-11,,,Cancelled,UPI,Express Shipping,0.0,494.11
382733,51627,2025-10-28,2025-10-29,2025-11-01,Delivered,Net Banking,Express Shipping,0.0,2560.39
19612,9418,2023-02-19,2023-02-21,2023-02-23,Delivered,Debit Card,Standard Shipping,0.0,521.2
168790,19969,2024-12-28,2024-12-30,2025-01-02,Delivered,Credit Card,Express Shipping,0.1,2512.95
448844,74394,2025-10-23,2025-10-24,2025-10-27,Delivered,Debit Card,Standard Shipping,0.15,307.96
180580,3339,2024-07-12,2024-07-14,2024-07-17,Delivered,Credit Card,Standard Shipping,0.0,55.99
91751,69023,2025-11-17,2025-11-18,2025-11-20,Delivered,COD,Standard Shipping,0.0,1633.92
131368,41584,2025-03-25,2025-03-27,2025-03-29,Delivered,Debit Card,Standard Shipping,0.05,3565.27
121012,14072,2025-07-03,2025-07-04,2025-07-07,Delivered,Credit Card,Express Shipping,0.15,681.0
236266,26696,2025-11-12,2025-11-15,2025-11-17,Delivered,Debit Card,Express Shipping,0.2,3104.34
336169,22283,2022-12-17,2022-12-18,2022-12-20,Delivered,Credit Card,Standard Shipping,0.0,402.53
293936,43187,2025-08-16,2025-08-17,2025-08-19,Delivered,Debit Card,Standard Shipping,0.0,3463.64
421823,84095,2024-10-02,2024-10-03,2024-10-07,Delivered,COD,Express Shipping,0.1,1696.57
314599,3507,2023-12-08,2023-12-09,2023-12-12,Delivered,Net Banking,Priority Overnight,0.2,345.58
349861,4618,2025-07-06,2025-07-07,2025-07-09,Delivered,Credit Card,Express Shipping,0.05,1828.0
255733,73251,2025-02-10,2025-02-12,2025-02-14,Delivered,Net Banking,Express Shipping,0.0,928.98
338496,62490,2024-07-02,,,Pending,Credit Card,Priority Overnight,0.1,1099.36
370846,5030,2024-06-16,2024-06-18,2024-06-22,Delivered,UPI,Standard Shipping,0.1,447.07
376273,54401,2025-01-04,2025-01-06,2025-01-10,Delivered,Credit Card,Express Shipping,0.0,1086.46
155353,86498,2023-11-06,2023-11-07,2023-11-12,Delivered,Credit Card,Express Shipping,0.05,3970.46
303238,80506,2025-07-21,2025-07-22,2025-07-24,Delivered,Credit Card,Standard Shipping,0.0,827.66
324956,29627,2025-04-07,2025-04-08,2025-04-10,Delivered,UPI,Express Shipping,0.05,505.36
255994,58817,2025-08-01,2025-08-03,2025-08-05,Delivered,Net Banking,Express Shipping,0.2,321.02
9925,97982,2023-12-25,2023-12-27,2023-12-30,Returned,Credit Card,Express Shipping,0.05,998.41
287419,48869,2024-05-20,2024-05-23,2024-05-26,Delivered,Credit Card,Express Shipping,0.1,68.39
214468,83392,2024-04-21,2024-04-22,2024-04-24,Delivered,Credit Card,Priority Overnight,0.0,398.56
252570,1,2025-10-13,2025-10-14,2025-10-17,Delivered,COD,Priority Overnight,0.05,2877.74
109722,86196,2023-11-28,2023-12-01,2023-12-05,Delivered,Net Banking,Express Shipping,0.0,419.58
382591,25093,2025-12-06,2025-12-07,2025-12-09,Delivered,Credit Card,Standard Shipping,0.0,881.38
20281,6204,2025-11-12,2025-11-14,2025-11-16,Delivered,UPI,Standard Shipping,0.0,2888.25
326079,64065,2023-01-14,2023-01-16,2023-01-21,Delivered,Debit Card,Express Shipping,0.1,1074.11
469398,99701,2025-08-10,2025-08-12,2025-08-15,Delivered,Credit Card,Standard Shipping,0.05,1680.58
27234,31577,2025-01-30,2025-01-31,2025-02-04,Delivered,Credit Card,Standard Shipping,0.0,4149.72
331990,37157,2025-09-05,2025-09-07,2025-09-10,Delivered,Credit Card,Priority Overnight,0.05,1160.84
176204,76082,2025-09-19,2025-09-20,2025-09-23,Delivered,Wallet,Standard Shipping,0.1,4865.83
42471,70421,2025-06-16,2025-06-17,2025-06-20,Delivered,COD,Express Shipping,0.05,262.17
29386,13237,2025-12-23,2025-12-24,2025-12-27,Delivered,Wallet,Economy Shipping,0.0,224.46
472226,32563,2025-07-21,2025-07-22,2025-07-26,Delivered,Credit Card,Express Shipping,0.1,795.17
445500,92654,2025-10-17,2025-10-19,2025-10-21,Delivered,Credit Card,Priority Overnight,0.0,1098.18
239977,89048,2024-03-09,,,Cancelled,COD,Standard Shipping,0.2,223.99
409477,85705,2024-06-29,2024-06-30,2024-07-03,Delivered,Credit Card,Standard Shipping,0.0,1782.3
192729,38495,2024-04-11,2024-04-13,2024-04-17,Delivered,Net Banking,Standard Shipping,0.0,482.64
292109,35398,2025-07-10,2025-07-13,2025-07-15,Delivered,Debit Card,Express Shipping,0.05,925.06
407127,95861,2025-11-01,2025-11-02,2025-11-04,Delivered,Net Banking,Standard Shipping,0.05,1788.62
4184,90597,2024-05-09,2024-05-11,2024-05-13,Delivered,UPI,Standard Shipping,0.1,2094.36
193863,92367,2023-04-24,2023-04-27,2023-04-29,Delivered,Net Banking,Standard Shipping,0.0,3329.22
403746,5955,2022-04-16,2022-04-18,2022-04-23,Delivered,Credit Card,Standard Shipping,0.0,884.91
374880,42370,2025-07-25,2025-07-26,2025-07-31,Delivered,Net Banking,Express Shipping,0.0,3751.16
401996,46868,2025-12-06,,,Cancelled,Credit Card,Express Shipping,0.1,530.2
406829,36960,2025-06-09,2025-06-11,2025-06-13,Delivered,Credit Card,Priority Overnight,0.15,1843.16
257561,42015,2025-03-14,2025-03-16,2025-03-18,Delivered,UPI,Express Shipping,0.0,1466.54
155848,50105,2025-07-18,2025-07-19,2025-07-22,Delivered,Debit Card,Standard Shipping,0.1,329.38
108921,11082,2025-12-20,2025-12-23,2025-12-26,Delivered,Credit Card,Express Shipping,0.0,1502.85
431680,31771,2023-07-04,2023-07-06,2023-07-08,Delivered,Net Banking,Express Shipping,0.05,1132.05
460029,17008,2025-12-12,2025-12-13,2025-12-16,Delivered,UPI,Priority Overnight,0.0,1518.09
422525,7334,2024-02-17,,,Cancelled,Net Banking,Standard Shipping,0.0,1769.55
236607,20788,2025-05-05,2025-05-06,2025-05-10,Delivered,Credit Card,Standard Shipping,0.0,1791.05
291394,49530,2025-09-23,2025-09-24,2025-09-27,Delivered,Debit Card,Priority Overnight,0.1,3675.0
173082,91765,2025-06-03,2025-06-05,2025-06-10,Delivered,Wallet,Express Shipping,0.0,1024.96
9106,93166,2025-11-18,2025-11-19,2025-11-22,Delivered,Credit Card,Standard Shipping,0.15,761.55
469160,44245,2025-08-05,2025-08-06,2025-08-09,Delivered,Net Banking,Standard Shipping,0.0,837.93
323016,23945,2025-10-24,2025-10-25,2025-10-27,Delivered,Net Banking,Economy Shipping,0.0,776.98
187862,12068,2024-08-25,2024-08-26,2024-08-29,Delivered,Debit Card,Standard Shipping,0.0,664.99
184122,88005,2025-09-11,2025-09-13,2025-09-15,Delivered,Debit Card,Express Shipping,0.0,872.6
42644,55554,2025-07-31,2025-08-02,2025-08-05,Delivered,UPI,Standard Shipping,0.05,136.79
104059,90349,2025-05-13,2025-05-15,2025-05-18,Delivered,UPI,Standard Shipping,0.0,5131.61
92252,2778,2024-04-08,,,Cancelled,UPI,Economy Shipping,0.0,1901.73
443532,58426,2025-10-30,2025-11-02,2025-11-05,Delivered,UPI,Priority Overnight,0.2,3749.05
129069,40107,2024-08-07,,,Cancelled,UPI,Express Shipping,0.0,303.98
373943,47137,2024-12-19,2024-12-21,2024-12-24,Delivered,Wallet,Standard Shipping,0.0,886.92
288381,81968,2025-12-10,2025-12-11,2025-12-15,Delivered,Credit Card,Economy Shipping,0.1,1210.93
489036,4038,2025-05-28,2025-05-29,2025-05-31,Delivered,Net Banking,Express Shipping,0.15,2582.56
206811,60834,2023-09-05,2023-09-06,2023-09-10,Delivered,Net Banking,Express Shipping,0.05,3721.9
252417,97405,2025-03-24,2025-03-25,2025-03-27,Delivered,COD,Standard Shipping,0.1,3746.84
111854,71370,2025-02-17,2025-02-18,2025-02-21,Delivered,Net Banking,Standard Shipping,0.1,2197.12
169206,95085,2024-09-05,,,Pending,Debit Card,Standard Shipping,0.2,409.78
58627,23800,2024-04-16,2024-04-18,2024-04-20,Delivered,Debit Card,Standard Shipping,0.05,2823.88
488303,46260,2025-09-14,2025-09-17,2025-09-21,Delivered,Debit Card,Standard Shipping,0.0,2944.29
419505,49325,2024-09-02,,,Cancelled,Debit Card,Express Shipping,0.05,1424.31
96626,99042,2024-11-26,2024-11-27,2024-11-29,Delivered,Debit Card,Standard Shipping,0.0,1981.11
73983,65909,2025-08-11,2025-08-12,2025-08-14,Delivered,Credit Card,Standard Shipping,0.0,575.23
82209,69473,2025-08-15,2025-08-17,2025-08-19,Delivered,Credit Card,Standard Shipping,0.0,1022.46
366580,22660,2025-05-22,2025-05-23,2025-05-25,Delivered,Credit Card,Standard Shipping,0.15,1728.3
81304,52077,2025-11-05,2025-11-07,2025-11-10,Delivered,Credit Card,Standard Shipping,0.0,2053.95
264682,75326,2024-03-11,,,Cancelled,Credit Card,Standard Shipping,0.0,2119.68
354397,70565,2023-11-13,2023-11-14,2023-11-16,Delivered,UPI,Express Shipping,0.0,1633.46
167476,88350,2025-10-22,2025-10-24,2025-10-27,Delivered,Net Banking,Priority Overnight,0.0,1766.56
413586,79401,2023-12-05,2023-12-06,2023-12-08,Delivered,Credit Card,Standard Shipping,0.0,2089.01
280226,73132,2023-01-12,2023-01-15,2023-01-17,Delivered,Debit Card,Standard Shipping,0.0,7627.3
208875,21715,2025-07-27,2025-07-29,2025-08-03,Delivered,Debit Card,Express Shipping,0.0,1262.52
123534,30955,2023-02-14,2023-02-15,2023-02-17,Delivered,Debit Card,Express Shipping,0.0,1097.96
192628,90141,2025-09-13,2025-09-14,2025-09-17,Delivered,Debit Card,Express Shipping,0.1,216.89
130656,82078,2025-01-30,2025-02-01,2025-02-03,Delivered,UPI,Express Shipping,0.05,339.52
4940,58753,2023-11-25,2023-11-28,2023-11-30,Delivered,Credit Card,Standard Shipping,0.0,695.87
353913,30206,2025-03-27,2025-03-29,2025-03-31,Delivered,Debit Card,Standard Shipping,0.0,88.99
438423,60086,2025-03-20,2025-03-22,2025-03-27,Returned,Credit Card,Priority Overnight,0.05,497.87
309875,40618,2025-09-22,2025-09-24,2025-09-27,Delivered,Credit Card,Express Shipping,0.0,1557.09
444074,59938,2025-10-02,2025-10-04,2025-10-07,Delivered,Credit Card,Standard Shipping,0.1,2116.24
404371,75810,2025-03-04,2025-03-05,2025-03-07,Delivered,Credit Card,Standard Shipping,0.1,1893.15
360331,65686,2025-12-12,2025-12-15,2025-12-17,Delivered,Net Banking,Standard Shipping,0.05,1674.9
390117,33394,2025-08-03,2025-08-06,2025-08-09,Delivered,Debit Card,Standard Shipping,0.0,2864.93
413567,38795,2024-11-16,2024-11-19,2024-11-23,Returned,Credit Card,Standard Shipping,0.2,1211.02
9239,24230,2022-11-26,2022-11-28,2022-12-02,Delivered,Credit Card,Express Shipping,0.0,1784.94
369177,4143,2025-02-28,,,Pending,Credit Card,Standard Shipping,0.0,524.98
414011,45323,2025-11-12,2025-11-14,2025-11-19,Delivered,Debit Card,Express Shipping,0.0,3805.48
46292,93899,2025-09-09,2025-09-10,2025-09-13,Delivered,Credit Card,Standard Shipping,0.0,2906.98
40962,72538,2025-12-08,2025-12-09,2025-12-11,Delivered,Debit Card,Priority Overnight,0.0,813.24
445794,4393,2025-12-01,,,Pending,Credit Card,Express Shipping,0.0,3164.45
458808,20556,2025-06-17,2025-06-18,2025-06-21,Delivered,Debit Card,Economy Shipping,0.0,1246.95
138886,71574,2025-09-21,2025-09-22,2025-09-26,Delivered,Debit Card,Standard Shipping,0.05,555.04
395865,62861,2025-03-01,2025-03-02,2025-03-05,Delivered,Debit Card,Express Shipping,0.0,3321.44
288925,3051,2024-11-29,2024-12-01,2024-12-04,Delivered,UPI,Priority Overnight,0.0,1736.15
47797,63119,2022-02-11,,,Cancelled,Credit Card,Standard Shipping,0.05,523.23
405762,35530,2025-12-21,2025-12-22,2025-12-26,Delivered,COD,Standard Shipping,0.0,5553.31
351922,5739,2022-05-30,2022-06-02,2022-06-07,Delivered,UPI,Standard Shipping,0.0,5398.58
83410,59530,2025-03-11,2025-03-12,2025-03-14,Delivered,Credit Card,Standard Shipping,0.0,1669.7
278311,91292,2024-11-17,2024-11-18,2024-11-20,Delivered,Debit Card,Express Shipping,0.0,1571.41
210765,24262,2025-08-29,2025-08-30,2025-09-03,Delivered,Credit Card,Express Shipping,0.05,1369.2
427709,39544,2025-10-13,2025-10-14,2025-10-16,Delivered,Net Banking,Standard Shipping,0.0,640.77
385095,11275,2023-06-11,2023-06-12,2023-06-14,Delivered,Credit Card,Standard Shipping,0.1,1419.32
435363,60075,2025-01-08,2025-01-11,2025-01-13,Delivered,Debit Card,Standard Shipping,0.0,2617.38
333495,19528,2024-08-03,2024-08-05,2024-08-08,Delivered,Credit Card,Standard Shipping,0.0,5256.55
375510,27388,2024-11-21,2024-11-23,2024-11-25,Delivered,Credit Card,Standard Shipping,0.05,415.12
253140,43620,2025-06-23,2025-06-24,2025-06-26,Delivered,Credit Card,Standard Shipping,0.0,2683.02
130620,53472,2025-12-20,2025-12-21,2025-12-23,Delivered,Credit Card,Standard Shipping,0.0,4739.18
293505,41141,2024-04-09,2024-04-12,2024-04-15,Delivered,Wallet,Express Shipping,0.05,2544.01
269730,28989,2025-09-13,2025-09-14,2025-09-19,Delivered,Credit Card,Priority Overnight,0.1,1841.48
487474,51442,2025-08-07,2025-08-10,2025-08-12,Delivered,Net Banking,Standard Shipping,0.0,1498.48
464023,43784,2025-10-12,2025-10-15,2025-10-18,Delivered,Wallet,Standard Shipping,0.05,1861.13
102745,8347,2025-02-04,2025-02-06,2025-02-10,Delivered,Credit Card,Standard Shipping,0.0,1889.54
225599,69795,2025-12-08,2025-12-10,2025-12-14,Delivered,Net Banking,Standard Shipping,0.0,556.22
334609,72326,2025-12-30,2026-01-01,2026-01-06,Delivered,Credit Card,Standard Shipping,0.0,1987.94
155689,86054,2022-12-26,2022-12-27,2022-12-30,Delivered,Debit Card,Priority Overnight,0.0,1216.03
258365,41377,2024-04-21,2024-04-23,2024-04-26,Delivered,Net Banking,Standard Shipping,0.0,1481.98
46133,23007,2023-07-19,2023-07-21,2023-07-25,Delivered,Debit Card,Standard Shipping,0.0,101.71
199334,80028,2025-03-27,2025-03-29,2025-04-01,Delivered,UPI,Standard Shipping,0.15,576.11
487389,80032,2024-08-28,2024-08-29,2024-09-02,Delivered,Credit Card,Express Shipping,0.0,1870.97
444520,8737,2025-10-29,2025-10-30,2025-11-01,Delivered,Debit Card,Standard Shipping,0.1,1231.87
475000,38512,2024-12-18,2024-12-19,2024-12-23,Delivered,Credit Card,Express Shipping,0.0,818.97
140102,40217,2025-11-18,2025-11-19,2025-11-22,Delivered,COD,Standard Shipping,0.0,2396.88
357800,1339,2025-06-19,2025-06-22,2025-06-27,Delivered,Debit Card,Standard Shipping,0.0,2646.76
112251,71206,2024-12-19,2024-12-21,2024-12-23,Delivered,Credit Card,Economy Shipping,0.1,1145.27
212441,81233,2025-07-25,2025-07-27,2025-07-31,Delivered,Net Banking,Priority Overnight,0.0,1457.58
14619,37538,2025-12-22,2025-12-24,2025-12-26,Delivered,Wallet,Standard Shipping,0.15,1988.51
240482,70788,2025-10-12,2025-10-13,2025-10-16,Delivered,Wallet,Express Shipping,0.1,2842.29
78274,27564,2025-10-11,2025-10-14,2025-10-17,Delivered,Credit Card,Express Shipping,0.0,2316.6
63951,85055,2025-06-09,2025-06-12,2025-06-16,Delivered,Credit Card,Priority Overnight,0.05,1240.05
393839,38488,2025-12-01,2025-12-03,2025-12-05,Delivered,Credit Card,Standard Shipping,0.0,3241.36
59585,2775,2025-09-26,2025-09-27,2025-09-30,Delivered,UPI,Standard Shipping,0.05,8739.78
144811,77311,2024-09-25,2024-09-26,2024-09-28,Delivered,COD,Economy Shipping,0.0,2000.67
369340,73472,2025-12-13,2025-12-14,2025-12-18,Delivered,UPI,Standard Shipping,0.05,85.59
343541,61254,2025-06-08,2025-06-11,2025-06-13,Delivered,Net Banking,Standard Shipping,0.05,728.32
207128,74422,2025-09-18,2025-09-20,2025-09-23,Delivered,Wallet,Standard Shipping,0.05,2135.04
211556,56973,2022-11-20,2022-11-21,2022-11-24,Delivered,Debit Card,Express Shipping,0.0,3716.33
335533,1828,2025-05-27,2025-05-29,2025-06-02,Delivered,UPI,Express Shipping,0.05,816.16
362569,97452,2024-04-04,2024-04-06,2024-04-10,Delivered,Credit Card,Economy Shipping,0.15,3377.99
226343,20907,2025-08-22,2025-08-23,2025-08-28,Returned,Debit Card,Express Shipping,0.0,1010.16
384151,87701,2025-12-24,,,Pending,UPI,Standard Shipping,0.0,1076.29
281640,98615,2025-11-01,2025-11-02,2025-11-04,Delivered,Net Banking,Express Shipping,0.1,135.89
2939,62094,2025-01-12,2025-01-14,2025-01-16,Delivered,COD,Express Shipping,0.0,252.78
232024,94634,2025-09-16,2025-09-17,2025-09-19,Delivered,Credit Card,Express Shipping,0.1,2865.24
472495,66723,2025-11-24,2025-11-26,2025-11-28,Delivered,Net Banking,Standard Shipping,0.0,1583.29
292863,89228,2024-12-28,2024-12-30,2025-01-01,Returned,Wallet,Economy Shipping,0.0,3027.88
41358,53361,2025-03-31,2025-04-01,2025-04-04,Delivered,UPI,Express Shipping,0.1,2268.78
122598,27741,2025-06-15,2025-06-17,2025-06-21,Delivered,UPI,Express Shipping,0.0,332.99
123950,90571,2024-06-15,2024-06-17,2024-06-19,Delivered,Debit Card,Standard Shipping,0.05,3181.5
374556,85114,2025-04-25,2025-04-27,2025-04-30,Delivered,Debit Card,Express Shipping,0.0,2492.3
46508,40929,2025-04-12,,,Cancelled,Wallet,Standard Shipping,0.0,536.97
411563,8829,2025-04-18,2025-04-19,2025-04-22,Delivered,COD,Economy Shipping,0.15,519.37
142970,48159,2024-02-19,2024-02-20,2024-02-24,Delivered,Credit Card,Priority Overnight,0.0,451.81
435665,5138,2024-11-24,2024-11-26,2024-11-28,Delivered,Wallet,Standard Shipping,0.05,1233.8
159537,49301,2024-09-23,2024-09-24,2024-09-26,Delivered,UPI,Standard Shipping,0.0,714.08
23733,10060,2024-10-10,2024-10-11,2024-10-14,Delivered,Debit Card,Standard Shipping,0.05,376.91
302532,38130,2023-10-17,2023-10-20,2023-10-22,Delivered,UPI,Standard Shipping,0.2,166.38
256862,44123,2024-06-21,2024-06-23,2024-06-25,Delivered,COD,Standard Shipping,0.0,2496.05
155096,74698,2025-05-18,2025-05-19,2025-05-22,Delivered,UPI,Standard Shipping,0.05,8026.61
95345,11325,2025-05-08,2025-05-10,2025-05-12,Delivered,Debit Card,Economy Shipping,0.0,207.97
204393,87976,2023-12-03,2023-12-05,2023-12-10,Delivered,Net Banking,Standard Shipping,0.1,1234.57
267174,64741,2025-10-29,2025-11-01,2025-11-03,Delivered,Credit Card,Standard Shipping,0.0,974.92
361630,1635,2025-12-14,2025-12-15,2025-12-18,Returned,Debit Card,Express Shipping,0.0,2798.75
333451,43428,2024-03-12,,,Cancelled,UPI,Standard Shipping,0.0,862.34
356574,91605,2024-08-20,2024-08-23,2024-08-27,Delivered,Credit Card,Standard Shipping,0.0,545.82
368303,38855,2024-03-23,2024-03-24,2024-03-26,Delivered,Net Banking,Express Shipping,0.0,815.06
222162,56487,2025-01-21,2025-01-22,2025-01-25,Delivered,UPI,Express Shipping,0.0,6322.74
120200,70468,2025-07-04,2025-07-05,2025-07-07,Delivered,Debit Card,Express Shipping,0.0,809.15
391270,25579,2025-01-23,2025-01-25,2025-01-28,Delivered,Credit Card,Standard Shipping,0.05,1141.6
217894,10966,2025-07-05,2025-07-07,2025-07-12,Delivered,Debit Card,Express Shipping,0.0,1245.5
294441,91950,2025-07-30,2025-07-31,2025-08-03,Returned,COD,Standard Shipping,0.0,644.11
319797,20003,2025-10-04,2025-10-05,2025-10-08,Delivered,Credit Card,Express Shipping,0.05,3446.9
85476,29415,2023-10-20,2023-10-21,2023-10-23,Delivered,Credit Card,Express Shipping,0.05,778.16
283641,94233,2024-02-11,2024-02-13,2024-02-15,Delivered,COD,Priority Overnight,0.0,1028.46
81991,83018,2025-09-12,2025-09-15,2025-09-19,Returned,Credit Card,Standard Shipping,0.05,1977.69
365165,88875,2025-07-15,2025-07-17,2025-07-20,Delivered,Debit Card,Economy Shipping,0.1,2401.15
55168,15739,2024-07-11,,,Cancelled,Debit Card,Economy Shipping,0.2,2646.65
457672,20826,2024-10-21,2024-10-23,2024-10-25,Delivered,Wallet,Express Shipping,0.0,385.97
491720,99622,2025-01-21,2025-01-23,2025-01-28,Delivered,Credit Card,Standard Shipping,0.0,70.99
189696,36554,2025-07-28,2025-07-29,2025-08-02,Delivered,Credit Card,Standard Shipping,0.05,356.56
57153,72163,2025-09-26,2025-09-29,2025-10-01,Delivered,Debit Card,Standard Shipping,0.2,4638.49
17556,92513,2025-08-03,2025-08-04,2025-08-08,Delivered,Credit Card,Express Shipping,0.1,2507.3
302960,51383,2025-10-20,2025-10-21,2025-10-26,Delivered,Debit Card,Priority Overnight,0.2,2302.99
289439,81487,2025-12-05,2025-12-06,2025-12-08,Delivered,UPI,Standard Shipping,0.0,362.98
339218,87608,2025-04-20,2025-04-21,2025-04-24,Delivered,Credit Card,Standard Shipping,0.2,1648.13
246793,62585,2023-12-09,2023-12-12,2023-12-14,Delivered,Credit Card,Express Shipping,0.1,597.58
70568,23928,2025-12-21,2025-12-23,2025-12-25,Delivered,COD,Express Shipping,0.0,268.93
217920,81526,2025-06-11,2025-06-12,2025-06-15,Delivered,COD,Express Shipping,0.0,2021.7
37058,22674,2024-10-26,2024-10-29,2024-11-02,Delivered,Credit Card,Priority Overnight,0.0,2501.54
364213,88875,2024-12-14,2024-12-15,2024-12-17,Delivered,Debit Card,Standard Shipping,0.0,753.77
421223,9289,2024-07-10,2024-07-12,2024-07-17,Delivered,UPI,Standard Shipping,0.0,1507.95
222179,48384,2024-12-10,2024-12-11,2024-12-13,Delivered,Net Banking,Standard Shipping,0.2,1547.86
385033,99273,2025-05-29,2025-05-30,2025-06-02,Delivered,Credit Card,Priority Overnight,0.0,641.94
262857,70866,2024-04-15,2024-04-16,2024-04-20,Delivered,Debit Card,Priority Overnight,0.0,1299.96
194742,70112,2025-07-28,2025-07-31,2025-08-02,Returned,Credit Card,Standard Shipping,0.0,1321.0
409893,18824,2025-03-13,2025-03-15,2025-03-17,Delivered,Net Banking,Standard Shipping,0.05,2593.44
451628,24636,2023-10-01,2023-10-03,2023-10-06,Delivered,UPI,Standard Shipping,0.05,2790.89
345053,43763,2025-02-01,2025-02-02,2025-02-06,Delivered,Net Banking,Economy Shipping,0.05,2166.5
177844,14014,2025-11-01,2025-11-03,2025-11-08,Delivered,Debit Card,Priority Overnight,0.1,1556.11
225209,37260,2022-07-23,2022-07-24,2022-07-28,Delivered,Net Banking,Standard Shipping,0.0,2388.82
272699,24937,2022-09-25,2022-09-27,2022-09-30,Delivered,UPI,Express Shipping,0.0,1098.96
51128,85203,2025-07-19,2025-07-20,2025-07-24,Returned,Credit Card,Standard Shipping,0.0,1338.89
217371,46851,2025-10-11,2025-10-12,2025-10-15,Delivered,Debit Card,Standard Shipping,0.0,2692.94
349076,75666,2024-10-02,2024-10-03,2024-10-05,Delivered,Credit Card,Express Shipping,0.0,1445.45
265167,36904,2022-12-16,2022-12-18,2022-12-20,Delivered,UPI,Standard Shipping,0.2,382.19
316467,14756,2025-11-22,2025-11-23,2025-11-28,Delivered,UPI,Express Shipping,0.0,356.87
469082,8940,2025-12-20,2025-12-21,2025-12-23,Delivered,UPI,Standard Shipping,0.15,3402.82
417786,80629,2024-11-16,2024-11-17,2024-11-20,Delivered,UPI,Standard Shipping,0.0,532.89
467529,17821,2024-12-23,2024-12-25,2024-12-29,Delivered,Credit Card,Standard Shipping,0.1,930.41
306245,36488,2023-12-27,,,Cancelled,Debit Card,Express Shipping,0.05,916.94
427620,70242,2024-01-20,,,Cancelled,Debit Card,Standard Shipping,0.1,2321.13
397032,31554,2025-07-09,2025-07-10,2025-07-13,Delivered,UPI,Standard Shipping,0.05,436.07
5574,45234,2025-09-11,2025-09-12,2025-09-14,Delivered,Net Banking,Economy Shipping,0.0,1057.2
166069,24317,2025-11-26,2025-11-27,2025-11-29,Delivered,Net Banking,Economy Shipping,0.1,2493.08
60669,68555,2025-02-24,,,Pending,Debit Card,Standard Shipping,0.1,2050.0
402517,1543,2025-09-25,2025-09-26,2025-09-29,Delivered,UPI,Standard Shipping,0.2,555.78
229766,17398,2024-03-13,2024-03-14,2024-03-19,Delivered,Credit Card,Standard Shipping,0.0,663.98
34798,33616,2025-09-17,2025-09-18,2025-09-21,Delivered,UPI,Priority Overnight,0.0,1259.16
451885,35515,2025-08-31,2025-09-01,2025-09-03,Returned,UPI,Express Shipping,0.0,2017.02
181336,11066,2025-12-28,2025-12-29,2026-01-01,Delivered,Credit Card,Standard Shipping,0.0,766.87
358620,98354,2024-11-27,2024-11-28,2024-12-01,Delivered,Debit Card,Standard Shipping,0.0,3780.17
196557,19237,2025-02-24,2025-02-25,2025-03-02,Delivered,Credit Card,Express Shipping,0.15,1049.61
93424,22004,2025-06-15,2025-06-18,2025-06-20,Delivered,UPI,Standard Shipping,0.0,2174.85
11523,50506,2025-12-10,,,Pending,UPI,Standard Shipping,0.05,1078.43
355477,47746,2023-07-31,2023-08-01,2023-08-04,Delivered,Credit Card,Standard Shipping,0.1,1299.51
203168,37285,2023-07-18,2023-07-20,2023-07-22,Delivered,UPI,Standard Shipping,0.0,1552.5
400915,30012,2024-12-14,2024-12-15,2024-12-17,Delivered,Net Banking,Standard Shipping,0.0,572.96
318956,87933,2025-03-01,2025-03-02,2025-03-06,Delivered,Credit Card,Economy Shipping,0.1,136.08
224937,21137,2024-12-14,2024-12-16,2024-12-19,Delivered,Debit Card,Priority Overnight,0.0,834.42
231460,62359,2025-05-20,2025-05-23,2025-05-25,Delivered,COD,Standard Shipping,0.0,1620.08
476431,72141,2023-10-13,2023-10-16,2023-10-19,Delivered,Wallet,Express Shipping,0.1,1466.92
64082,64320,2024-01-02,2024-01-04,2024-01-09,Delivered,UPI,Express Shipping,0.0,865.26
346232,64271,2024-08-30,,,Pending,Credit Card,Standard Shipping,0.0,2802.2
124357,69642,2025-09-25,2025-09-27,2025-09-29,Delivered,Debit Card,Standard Shipping,0.0,1208.81
340678,90010,2025-12-19,,,Pending,Credit Card,Standard Shipping,0.0,3491.96
357047,99619,2025-08-01,2025-08-02,2025-08-05,Delivered,Net Banking,Express Shipping,0.0,256.49
169517,37637,2025-07-09,2025-07-12,2025-07-15,Delivered,Debit Card,Standard Shipping,0.1,374.48
334996,4347,2025-05-13,2025-05-15,2025-05-19,Delivered,Debit Card,Standard Shipping,0.2,2035.53
411793,43076,2025-10-03,2025-10-04,2025-10-09,Delivered,Credit Card,Standard Shipping,0.0,846.96
356234,86178,2023-12-12,2023-12-13,2023-12-17,Delivered,Debit Card,Express Shipping,0.0,3111.86
314293,45467,2022-12-31,2023-01-01,2023-01-03,Delivered,Credit Card,Express Shipping,0.05,3433.87
352806,60223,2025-04-30,2025-05-01,2025-05-04,Delivered,Debit Card,Express Shipping,0.05,2871.96
293395,96005,2025-12-30,2026-01-01,2026-01-04,Delivered,Credit Card,Standard Shipping,0.05,1692.57
499685,23105,2025-02-12,2025-02-15,2025-02-18,Delivered,UPI,Standard Shipping,0.2,669.57
445925,85753,2025-09-20,2025-09-21,2025-09-24,Delivered,Wallet,Priority Overnight,0.0,2107.5
402409,24683,2023-12-23,2023-12-26,2023-12-28,Delivered,Credit Card,Express Shipping,0.0,1695.7
389544,71903,2025-11-26,2025-11-28,2025-12-01,Delivered,UPI,Standard Shipping,0.0,2030.22
117104,15099,2025-05-28,2025-05-30,2025-06-02,Delivered,COD,Standard Shipping,0.0,3332.13
210728,39263,2024-11-13,2024-11-14,2024-11-16,Delivered,Credit Card,Express Shipping,0.0,924.06
421881,1410,2024-12-14,2024-12-16,2024-12-19,Delivered,Wallet,Priority Overnight,0.0,2746.19
312912,95126,2025-12-30,2026-01-02,2026-01-06,Delivered,Credit Card,Standard Shipping,0.1,355.11
145859,89153,2024-12-14,2024-12-16,2024-12-19,Delivered,Credit Card,Express Shipping,0.2,1916.94
497460,40202,2024-12-13,2024-12-15,2024-12-18,Delivered,Debit Card,Express Shipping,0.05,481.25
482844,53913,2025-01-01,2025-01-03,2025-01-06,Delivered,Net Banking,Standard Shipping,0.15,622.53
406464,56705,2025-11-11,2025-11-14,2025-11-18,Delivered,COD,Standard Shipping,0.1,2798.22
324572,10388,2022-07-30,2022-08-01,2022-08-04,Delivered,Credit Card,Standard Shipping,0.0,712.95
409920,71170,2025-10-12,2025-10-13,2025-10-15,Delivered,COD,Standard Shipping,0.15,2990.79
301524,71356,2025-09-19,2025-09-20,2025-09-25,Delivered,Credit Card,Express Shipping,0.0,1761.43
167843,81164,2025-12-01,2025-12-03,2025-12-05,Delivered,Wallet,Standard Shipping,0.0,2398.01
424077,92654,2025-09-15,2025-09-17,2025-09-20,Delivered,Net Banking,Express Shipping,0.05,2964.89
243359,40028,2022-10-01,,,Cancelled,Credit Card,Standard Shipping,0.0,3681.81
82039,11253,2025-07-25,2025-07-26,2025-07-28,Returned,COD,Express Shipping,0.1,2615.78
300873,30004,2025-09-28,2025-09-29,2025-10-01,Delivered,UPI,Standard Shipping,0.05,2925.49
10764,70177,2025-09-29,2025-09-30,2025-10-04,Delivered,Credit Card,Express Shipping,0.0,2037.83
294101,39602,2025-09-01,2025-09-02,2025-09-05,Delivered,Credit Card,Standard Shipping,0.0,1870.95
278189,31424,2024-12-12,2024-12-14,2024-12-17,Delivered,Debit Card,Standard Shipping,0.0,3176.38
56183,6574,2025-11-25,2025-11-26,2025-11-29,Delivered,Wallet,Express Shipping,0.0,860.75
426406,46182,2025-07-03,2025-07-04,2025-07-07,Delivered,Credit Card,Express Shipping,0.0,2471.77
208362,47208,2025-10-29,2025-10-30,2025-11-04,Delivered,Debit Card,Standard Shipping,0.1,2999.62
452539,64802,2024-12-05,2024-12-06,2024-12-09,Delivered,Wallet,Economy Shipping,0.05,1732.6
211768,69390,2024-11-19,2024-11-21,2024-11-23,Delivered,Debit Card,Express Shipping,0.2,856.25
195422,87449,2025-12-11,2025-12-12,2025-12-16,Delivered,UPI,Priority Overnight,0.05,3081.59
339011,93223,2025-12-22,2025-12-24,2025-12-27,Delivered,UPI,Economy Shipping,0.2,254.83
459310,21312,2025-11-24,2025-11-26,2025-11-28,Delivered,UPI,Express Shipping,0.0,10850.57
483789,37400,2023-07-26,2023-07-27,2023-07-30,Delivered,Credit Card,Standard Shipping,0.0,1184.58
162231,66655,2025-10-06,2025-10-08,2025-10-10,Delivered,Net Banking,Standard Shipping,0.05,2772.43
405518,57623,2025-02-14,2025-02-15,2025-02-17,Delivered,Debit Card,Standard Shipping,0.0,521.98
390302,42999,2025-12-25,2025-12-27,2025-12-31,Delivered,Credit Card,Standard Shipping,0.2,1755.15
452597,50168,2025-05-13,2025-05-15,2025-05-19,Delivered,Debit Card,Standard Shipping,0.05,1943.95
58801,93242,2025-02-26,2025-02-28,2025-03-03,Delivered,Debit Card,Economy Shipping,0.05,305.85
186726,62816,2023-11-27,2023-11-30,2023-12-04,Delivered,UPI,Express Shipping,0.05,2728.89
202025,67440,2025-09-20,2025-09-21,2025-09-25,Delivered,COD,Standard Shipping,0.05,1742.23
379052,37149,2024-11-21,2024-11-23,2024-11-25,Delivered,UPI,Express Shipping,0.1,1171.41
184788,2164,2025-12-27,2025-12-28,2025-12-31,Delivered,Debit Card,Express Shipping,0.05,5972.62
109698,92215,2025-11-11,2025-11-12,2025-11-14,Delivered,Debit Card,Standard Shipping,0.2,903.95
54541,71743,2025-08-02,,,Cancelled,Credit Card,Express Shipping,0.1,751.58
311495,34997,2024-06-16,2024-06-17,2024-06-20,Delivered,Net Banking,Economy Shipping,0.2,2388.56
46457,72605,2025-08-05,2025-08-07,2025-08-10,Delivered,Debit Card,Economy Shipping,0.0,4829.92
195157,71353,2025-06-13,2025-06-15,2025-06-17,Returned,Credit Card,Standard Shipping,0.0,1124.97
458572,49437,2025-11-27,2025-11-29,2025-12-03,Delivered,Credit Card,Standard Shipping,0.1,2420.56
441821,90845,2025-07-08,2025-07-10,2025-07-15,Returned,Credit Card,Standard Shipping,0.0,2302.9
258436,11861,2025-06-05,2025-06-06,2025-06-09,Delivered,UPI,Priority Overnight,0.1,1488.85
283666,67434,2025-09-11,2025-09-13,2025-09-15,Delivered,Net Banking,Standard Shipping,0.15,57.46
240896,68899,2025-09-07,2025-09-09,2025-09-13,Delivered,Credit Card,Standard Shipping,0.2,670.44
68222,315,2025-11-21,2025-11-23,2025-11-26,Delivered,Credit Card,Standard Shipping,0.0,2734.43
203838,46354,2025-09-06,2025-09-07,2025-09-11,Delivered,Credit Card,Standard Shipping,0.05,756.49
217593,34985,2025-11-27,,,Pending,Credit Card,Standard Shipping,0.1,2714.21
236048,94314,2024-12-14,2024-12-15,2024-12-20,Delivered,Net Banking,Standard Shipping,0.05,2996.53
37472,82318,2025-11-15,2025-11-17,2025-11-20,Delivered,UPI,Express Shipping,0.0,2626.28
482791,61242,2025-03-09,2025-03-10,2025-03-12,Delivered,Credit Card,Standard Shipping,0.1,505.77
417784,68179,2024-11-20,2024-11-22,2024-11-24,Delivered,Debit Card,Standard Shipping,0.1,3746.72
119501,52376,2025-11-20,2025-11-21,2025-11-24,Delivered,COD,Priority Overnight,0.1,999.74
443053,38689,2025-02-06,2025-02-08,2025-02-11,Delivered,Net Banking,Standard Shipping,0.15,1280.71
7257,73788,2025-05-20,2025-05-21,2025-05-24,Delivered,Debit Card,Priority Overnight,0.15,3539.98
406125,72070,2025-09-13,2025-09-14,2025-09-16,Delivered,UPI,Economy Shipping,0.05,2110.76
47175,30619,2023-09-03,2023-09-04,2023-09-07,Delivered,Credit Card,Standard Shipping,0.05,893.67
7710,86573,2025-04-01,2025-04-04,2025-04-09,Delivered,Wallet,Express Shipping,0.0,3557.69
128987,32521,2025-08-12,2025-08-15,2025-08-18,Delivered,Wallet,Standard Shipping,0.2,1396.15
54901,42045,2024-01-22,2024-01-23,2024-01-25,Delivered,Credit Card,Standard Shipping,0.0,4975.89
138039,13988,2024-12-03,2024-12-04,2024-12-06,Delivered,Credit Card,Standard Shipping,0.0,2573.54
68837,95647,2024-12-23,2024-12-25,2024-12-28,Delivered,Credit Card,Standard Shipping,0.0,973.43
255135,12268,2025-10-29,2025-10-31,2025-11-05,Delivered,Credit Card,Express Shipping,0.1,683.08
296985,45578,2025-06-24,2025-06-25,2025-06-27,Delivered,Credit Card,Standard Shipping,0.0,1312.46
38028,18004,2024-03-03,2024-03-05,2024-03-08,Delivered,COD,Express Shipping,0.05,1226.25
325639,4767,2025-12-19,2025-12-20,2025-12-22,Delivered,Debit Card,Express Shipping,0.0,1030.96
259853,11146,2024-03-22,2024-03-24,2024-03-26,Delivered,UPI,Standard Shipping,0.1,790.17
448488,39938,2025-12-27,2025-12-28,2025-12-30,Returned,Debit Card,Standard Shipping,0.0,2672.38
114241,90625,2025-05-15,2025-05-18,2025-05-22,Delivered,UPI,Standard Shipping,0.05,552.63
165431,3025,2025-09-04,2025-09-05,2025-09-08,Delivered,Credit Card,Standard Shipping,0.0,725.36
88319,33375,2023-01-08,2023-01-10,2023-01-13,Delivered,Debit Card,Standard Shipping,0.0,2799.68
238598,88829,2023-11-29,2023-12-01,2023-12-05,Delivered,Net Banking,Standard Shipping,0.15,2896.42
117941,32282,2025-10-26,,,Cancelled,UPI,Express Shipping,0.0,1245.97
279200,999,2024-06-20,2024-06-22,2024-06-24,Delivered,Credit Card,Standard Shipping,0.05,400.31
385698,46932,2025-11-14,2025-11-16,2025-11-19,Delivered,Credit Card,Standard Shipping,0.0,1919.28
479228,68542,2025-01-23,2025-01-25,2025-01-27,Delivered,UPI,Express Shipping,0.0,737.95
317134,20805,2023-05-13,2023-05-14,2023-05-19,Delivered,Debit Card,Priority Overnight,0.05,2991.67
281996,82638,2025-10-15,,,Cancelled,UPI,Express Shipping,0.0,266.47
78924,58837,2025-06-29,2025-07-02,2025-07-06,Delivered,Wallet,Standard Shipping,0.15,413.08
363625,16561,2025-12-17,2025-12-18,2025-12-21,Delivered,Credit Card,Priority Overnight,0.05,1337.56
16511,9336,2025-04-06,2025-04-08,2025-04-11,Delivered,Debit Card,Standard Shipping,0.05,1435.25
245456,55156,2025-04-29,2025-05-02,2025-05-06,Delivered,Credit Card,Standard Shipping,0.1,1189.76
175890,37888,2024-04-28,2024-04-29,2024-05-02,Delivered,Credit Card,Standard Shipping,0.0,1912.92
372930,13742,2022-12-02,2022-12-04,2022-12-07,Delivered,Wallet,Standard Shipping,0.0,81.67
344789,33912,2024-07-15,2024-07-16,2024-07-18,Delivered,Credit Card,Priority Overnight,0.05,4576.09
396399,95182,2024-06-10,2024-06-12,2024-06-14,Delivered,Net Banking,Standard Shipping,0.0,2265.35
454781,75504,2025-09-24,2025-09-25,2025-09-30,Delivered,UPI,Priority Overnight,0.0,2588.87
226652,46401,2025-10-25,2025-10-27,2025-10-29,Delivered,Credit Card,Standard Shipping,0.0,716.1
43696,89663,2025-04-21,,,Cancelled,UPI,Standard Shipping,0.0,619.45
200255,54060,2023-03-25,2023-03-27,2023-03-29,Delivered,Net Banking,Standard Shipping,0.0,1086.38
371458,4627,2025-11-02,2025-11-04,2025-11-08,Delivered,Net Banking,Standard Shipping,0.2,4351.15
486129,49000,2025-02-24,2025-02-26,2025-03-01,Delivered,Credit Card,Express Shipping,0.0,1257.34
233054,46354,2023-05-18,2023-05-19,2023-05-21,Delivered,UPI,Priority Overnight,0.05,6259.35
189894,46807,2025-09-15,2025-09-17,2025-09-22,Returned,Debit Card,Standard Shipping,0.1,851.37
268317,36316,2025-04-04,2025-04-05,2025-04-08,Delivered,UPI,Economy Shipping,0.1,3472.62
424012,79943,2023-09-09,2023-09-11,2023-09-14,Delivered,Credit Card,Priority Overnight,0.0,2145.89
257648,6413,2023-05-23,2023-05-26,2023-05-29,Delivered,Net Banking,Standard Shipping,0.1,327.58
21753,16348,2023-07-08,2023-07-09,2023-07-12,Delivered,UPI,Express Shipping,0.15,1976.57
206826,57789,2025-11-17,2025-11-18,2025-11-20,Returned,COD,Standard Shipping,0.05,2991.69
313645,40276,2025-05-31,,,Cancelled,Credit Card,Standard Shipping,0.0,1875.1
231028,7275,2025-08-20,2025-08-21,2025-08-25,Delivered,Wallet,Priority Overnight,0.0,6307.74
368736,20961,2024-11-18,2024-11-19,2024-11-21,Delivered,Credit Card,Standard Shipping,0.15,2599.36
425177,7628,2024-06-25,2024-06-27,2024-06-29,Delivered,Credit Card,Express Shipping,0.1,462.68
29003,35222,2025-11-12,2025-11-13,2025-11-17,Delivered,Net Banking,Economy Shipping,0.15,264.72
228326,1632,2025-12-13,2025-12-14,2025-12-19,Delivered,Credit Card,Standard Shipping,0.05,1000.01
146599,99313,2025-08-09,2025-08-10,2025-08-12,Delivered,Debit Card,Express Shipping,0.05,1235.2
431662,18613,2022-12-16,2022-12-17,2022-12-19,Delivered,COD,Standard Shipping,0.05,1935.79
390794,29722,2025-06-12,,,Cancelled,UPI,Economy Shipping,0.0,859.64
335486,29386,2024-06-20,2024-06-22,2024-06-25,Delivered,Net Banking,Express Shipping,0.1,1364.56
202310,65780,2025-11-16,2025-11-17,2025-11-19,Delivered,Credit Card,Express Shipping,0.0,3685.15
359059,12632,2025-08-11,2025-08-12,2025-08-16,Delivered,Credit Card,Standard Shipping,0.05,3123.05
344905,73869,2023-02-18,,,Pending,Credit Card,Economy Shipping,0.05,2230.19
475119,811,2025-01-05,2025-01-06,2025-01-10,Delivered,Debit Card,Express Shipping,0.0,2408.94
225195,75593,2025-06-18,2025-06-21,2025-06-23,Delivered,Wallet,Standard Shipping,0.2,1717.4
201141,95476,2025-11-14,2025-11-16,2025-11-20,Delivered,Wallet,Standard Shipping,0.0,1548.72
283931,46873,2022-05-22,2022-05-24,2022-05-26,Delivered,Credit Card,Standard Shipping,0.0,1440.14
93534,70174,2023-11-26,2023-11-27,2023-11-30,Delivered,Debit Card,Standard Shipping,0.0,1431.46
16573,48491,2022-06-05,2022-06-06,2022-06-09,Delivered,Credit Card,Standard Shipping,0.0,2070.1
217840,43773,2022-05-22,2022-05-25,2022-05-27,Delivered,UPI,Standard Shipping,0.05,1643.52
163907,29135,2025-12-07,2025-12-09,2025-12-12,Delivered,Wallet,Standard Shipping,0.05,848.61
184268,75771,2025-12-09,,,Cancelled,UPI,Express Shipping,0.05,7877.33
152034,40130,2025-05-27,2025-05-28,2025-05-30,Delivered,Credit Card,Standard Shipping,0.0,1240.76
129822,66308,2025-12-22,2025-12-24,2025-12-27,Delivered,Credit Card,Express Shipping,0.05,697.67
104511,97060,2023-12-25,2023-12-27,2023-12-29,Delivered,Net Banking,Standard Shipping,0.05,650.81
444233,74038,2023-03-09,2023-03-12,2023-03-16,Delivered,UPI,Standard Shipping,0.0,1478.47
214283,4251,2025-11-26,2025-11-27,2025-11-29,Delivered,Debit Card,Express Shipping,0.0,1549.16
309257,97947,2024-07-13,2024-07-15,2024-07-17,Delivered,UPI,Standard Shipping,0.0,1811.44
185646,68615,2025-09-02,2025-09-04,2025-09-06,Delivered,Credit Card,Standard Shipping,0.0,531.98
348627,61964,2025-11-06,2025-11-07,2025-11-09,Delivered,Net Banking,Express Shipping,0.0,2518.72
256546,73950,2024-09-27,2024-09-30,2024-10-03,Delivered,UPI,Express Shipping,0.15,2193.8
407748,32467,2025-03-03,2025-03-04,2025-03-07,Delivered,Net Banking,Standard Shipping,0.0,553.48
305432,68682,2024-11-29,2024-12-01,2024-12-05,Delivered,Wallet,Standard Shipping,0.0,364.47
417192,26754,2025-12-23,2025-12-26,2025-12-28,Delivered,COD,Express Shipping,0.0,5541.96
346819,92769,2025-09-01,,,Cancelled,Credit Card,Standard Shipping,0.0,410.98
434804,64658,2024-10-14,2024-10-16,2024-10-20,Delivered,Credit Card,Express Shipping,0.0,894.35
233992,12772,2024-10-24,2024-10-26,2024-10-28,Delivered,Net Banking,Standard Shipping,0.05,2770.52
207580,47116,2023-09-04,2023-09-06,2023-09-08,Delivered,Credit Card,Standard Shipping,0.05,408.14
328709,53704,2025-12-30,2026-01-01,2026-01-06,Returned,Wallet,Express Shipping,0.0,4555.16
273067,12270,2025-11-08,2025-11-10,2025-11-13,Delivered,Credit Card,Standard Shipping,0.05,1869.53
28387,17512,2025-11-08,2025-11-10,2025-11-12,Delivered,Credit Card,Economy Shipping,0.0,276.38
477872,26632,2025-10-23,2025-10-26,2025-10-31,Delivered,UPI,Priority Overnight,0.0,2117.87
344063,98868,2025-12-12,2025-12-13,2025-12-16,Delivered,Debit Card,Standard Shipping,0.0,2778.83
16832,36633,2023-12-06,2023-12-07,2023-12-11,Delivered,Credit Card,Economy Shipping,0.05,1120.57
159363,71132,2022-07-05,2022-07-06,2022-07-08,Delivered,UPI,Standard Shipping,0.0,1333.16
141038,35130,2024-12-18,2024-12-19,2024-12-21,Delivered,Debit Card,Standard Shipping,0.15,1433.83
20003,76713,2024-09-27,2024-09-28,2024-09-30,Delivered,Credit Card,Standard Shipping,0.0,3909.88
464900,36507,2025-12-28,2025-12-29,2025-12-31,Delivered,Debit Card,Express Shipping,0.0,2796.31
164572,59862,2025-12-19,2025-12-21,2025-12-25,Delivered,UPI,Express Shipping,0.0,1952.66
341020,22780,2025-11-22,2025-11-24,2025-11-26,Delivered,Net Banking,Express Shipping,0.05,1719.27
120333,82825,2024-11-01,2024-11-03,2024-11-07,Delivered,Debit Card,Standard Shipping,0.05,2171.52
236885,58475,2025-10-21,2025-10-22,2025-10-25,Delivered,UPI,Express Shipping,0.0,4448.71
29663,31401,2024-06-11,2024-06-12,2024-06-15,Delivered,UPI,Standard Shipping,0.0,9021.5
193257,66919,2022-09-14,2022-09-17,2022-09-19,Delivered,COD,Express Shipping,0.0,1132.24
479407,48260,2023-05-30,2023-06-01,2023-06-03,Delivered,Credit Card,Express Shipping,0.0,1166.49
254373,90692,2025-06-01,2025-06-03,2025-06-06,Delivered,Credit Card,Standard Shipping,0.15,1765.4
168866,3018,2023-11-07,2023-11-09,2023-11-11,Delivered,UPI,Priority Overnight,0.0,258.54
471817,18065,2025-03-22,2025-03-23,2025-03-26,Delivered,Credit Card,Economy Shipping,0.0,2060.48
393809,1205,2024-11-19,2024-11-20,2024-11-23,Returned,Debit Card,Standard Shipping,0.1,1232.54
115617,81056,2025-04-27,2025-04-28,2025-04-30,Delivered,Credit Card,Priority Overnight,0.0,894.51
329247,14439,2025-09-02,2025-09-04,2025-09-06,Delivered,UPI,Standard Shipping,0.05,2102.39
322265,91918,2025-12-29,,,Pending,Debit Card,Standard Shipping,0.05,1795.45
484485,99647,2025-10-13,2025-10-15,2025-10-17,Delivered,COD,Standard Shipping,0.0,1855.65
348943,90172,2025-09-04,2025-09-05,2025-09-07,Delivered,Credit Card,Priority Overnight,0.0,3063.63
493499,15595,2025-05-27,2025-05-29,2025-06-01,Delivered,Credit Card,Express Shipping,0.0,2093.78
434124,99151,2025-04-30,2025-05-01,2025-05-03,Delivered,UPI,Standard Shipping,0.1,1142.24
173992,46157,2025-12-09,2025-12-10,2025-12-14,Delivered,Debit Card,Priority Overnight,0.0,764.96
469860,96464,2025-05-01,2025-05-03,2025-05-05,Delivered,Wallet,Standard Shipping,0.0,2359.52
207623,83848,2025-02-12,2025-02-13,2025-02-17,Delivered,Credit Card,Economy Shipping,0.05,4993.63
67058,12433,2025-07-26,2025-07-29,2025-07-31,Delivered,Credit Card,Standard Shipping,0.15,514.11
346582,9566,2025-09-03,2025-09-05,2025-09-08,Delivered,Debit Card,Standard Shipping,0.05,2112.8
17505,89990,2025-08-03,2025-08-04,2025-08-06,Delivered,UPI,Standard Shipping,0.15,1769.35
157893,91340,2024-06-14,2024-06-15,2024-06-18,Delivered,Debit Card,Express Shipping,0.0,3441.55
299923,65966,2025-10-28,,,Cancelled,Credit Card,Standard Shipping,0.15,2589.52
436285,63157,2022-12-02,2022-12-04,2022-12-07,Delivered,Credit Card,Standard Shipping,0.15,2476.7
343676,36267,2025-01-07,2025-01-08,2025-01-11,Delivered,Credit Card,Standard Shipping,0.0,2460.05
122138,13481,2025-08-28,2025-08-29,2025-09-02,Returned,Net Banking,Standard Shipping,0.0,3563.97
101625,53365,2023-10-10,2023-10-13,2023-10-15,Delivered,Net Banking,Standard Shipping,0.0,2610.97
311782,60077,2025-08-24,2025-08-26,2025-08-31,Delivered,Debit Card,Express Shipping,0.05,1530.11
286417,96007,2024-11-25,2024-11-28,2024-12-01,Delivered,Net Banking,Express Shipping,0.0,1683.21
35254,65032,2023-07-26,2023-07-28,2023-07-31,Delivered,UPI,Express Shipping,0.1,1268.07
240468,57197,2024-08-23,2024-08-24,2024-08-27,Delivered,Net Banking,Express Shipping,0.05,2695.08
415653,3594,2024-01-24,2024-01-25,2024-01-27,Delivered,UPI,Standard Shipping,0.15,1549.98
14593,98139,2022-11-01,2022-11-03,2022-11-06,Delivered,Credit Card,Economy Shipping,0.0,4510.0
113085,6134,2025-05-27,2025-05-28,2025-05-30,Returned,Wallet,Standard Shipping,0.0,989.96
17121,77732,2025-07-10,2025-07-11,2025-07-13,Delivered,Debit Card,Standard Shipping,0.0,452.38
9330,93724,2024-08-07,2024-08-08,2024-08-10,Delivered,Debit Card,Standard Shipping,0.05,1401.3
224179,25267,2025-10-20,2025-10-22,2025-10-26,Delivered,Debit Card,Economy Shipping,0.0,629.93
368775,25895,2025-11-22,2025-11-23,2025-11-26,Delivered,Credit Card,Standard Shipping,0.0,1960.8
194514,49236,2024-10-28,2024-10-30,2024-11-01,Delivered,Net Banking,Standard Shipping,0.0,2237.0
120956,29463,2024-01-13,2024-01-15,2024-01-17,Delivered,Credit Card,Express Shipping,0.05,2871.37
213222,91852,2025-11-29,2025-11-30,2025-12-02,Delivered,Credit Card,Standard Shipping,0.15,1068.53
293541,70886,2025-11-15,2025-11-18,2025-11-22,Delivered,Wallet,Economy Shipping,0.05,4419.13
167716,66855,2023-06-11,2023-06-12,2023-06-17,Delivered,Net Banking,Standard Shipping,0.0,1764.67
260191,76358,2024-12-01,2024-12-02,2024-12-05,Delivered,UPI,Standard Shipping,0.05,709.76
396237,36497,2025-12-21,2025-12-22,2025-12-24,Delivered,Net Banking,Express Shipping,0.2,727.34
184175,7165,2025-04-14,2025-04-15,2025-04-20,Delivered,Net Banking,Standard Shipping,0.15,351.36
194197,50963,2025-10-15,,,Cancelled,UPI,Priority Overnight,0.0,476.12
276776,37214,2023-07-10,2023-07-12,2023-07-14,Delivered,Credit Card,Standard Shipping,0.0,729.35
316551,28124,2024-02-17,2024-02-19,2024-02-22,Delivered,Wallet,Standard Shipping,0.0,1193.82
446124,32025,2025-01-13,2025-01-14,2025-01-17,Delivered,Net Banking,Standard Shipping,0.0,2383.86
485983,40040,2024-07-26,2024-07-27,2024-07-30,Delivered,UPI,Express Shipping,0.0,930.56
161355,53339,2023-12-02,2023-12-05,2023-12-08,Delivered,Wallet,Standard Shipping,0.05,1625.45
243945,24909,2025-11-09,2025-11-10,2025-11-12,Delivered,Debit Card,Express Shipping,0.0,2153.37
317794,8596,2024-01-26,2024-01-27,2024-01-29,Delivered,Net Banking,Standard Shipping,0.05,597.61
293156,59943,2024-09-26,2024-09-28,2024-10-02,Delivered,Credit Card,Standard Shipping,0.0,1957.55
366610,50894,2025-12-23,2025-12-25,2025-12-27,Delivered,Credit Card,Priority Overnight,0.0,2100.51
124745,39403,2025-09-21,2025-09-22,2025-09-26,Delivered,UPI,Standard Shipping,0.0,764.97
29469,72227,2025-11-02,2025-11-03,2025-11-05,Delivered,Credit Card,Standard Shipping,0.0,311.87
210349,21200,2025-12-03,2025-12-04,2025-12-06,Delivered,Wallet,Express Shipping,0.1,743.46
231203,41943,2025-05-17,2025-05-18,2025-05-21,Delivered,Net Banking,Standard Shipping,0.0,495.35
480180,2226,2025-06-15,2025-06-18,2025-06-21,Delivered,Credit Card,Standard Shipping,0.0,2174.97
407674,19749,2025-12-16,2025-12-17,2025-12-19,Delivered,Credit Card,Standard Shipping,0.0,3636.5
87997,37596,2024-11-28,2024-11-30,2024-12-03,Delivered,Credit Card,Standard Shipping,0.0,1479.19
435535,35117,2025-02-11,2025-02-12,2025-02-14,Delivered,UPI,Standard Shipping,0.1,3607.42
122720,38755,2025-06-15,2025-06-17,2025-06-20,Delivered,Debit Card,Economy Shipping,0.15,2931.91
180358,72177,2023-06-14,2023-06-16,2023-06-20,Delivered,Debit Card,Express Shipping,0.0,2245.84
144810,56443,2025-05-08,2025-05-09,2025-05-12,Delivered,UPI,Standard Shipping,0.1,1052.11
469277,4955,2025-01-14,2025-01-15,2025-01-18,Delivered,UPI,Express Shipping,0.0,568.98
479245,45492,2025-01-03,2025-01-05,2025-01-09,Delivered,Debit Card,Standard Shipping,0.0,1030.11
214079,3302,2025-11-22,2025-11-25,2025-11-27,Delivered,Credit Card,Express Shipping,0.0,2104.33
206313,73763,2025-03-10,2025-03-11,2025-03-14,Delivered,UPI,Standard Shipping,0.05,2223.41
315130,2233,2025-10-10,2025-10-12,2025-10-16,Delivered,Credit Card,Economy Shipping,0.1,407.18
279235,23651,2025-07-16,2025-07-17,2025-07-20,Delivered,Credit Card,Standard Shipping,0.0,222.97
206510,25262,2023-01-23,2023-01-24,2023-01-26,Delivered,Credit Card,Express Shipping,0.05,5403.31
73234,58399,2025-12-23,2025-12-25,2025-12-28,Delivered,Credit Card,Express Shipping,0.15,492.42
394127,53643,2025-10-25,2025-10-26,2025-10-31,Delivered,Debit Card,Standard Shipping,0.1,2785.63
56278,3385,2025-05-18,2025-05-20,2025-05-24,Delivered,UPI,Priority Overnight,0.1,1646.58
82931,40293,2025-08-17,2025-08-18,2025-08-21,Delivered,Net Banking,Standard Shipping,0.0,1713.15
316472,73089,2025-12-29,2025-12-30,2026-01-02,Delivered,COD,Standard Shipping,0.0,1431.41
69809,40561,2025-11-27,2025-11-30,2025-12-02,Delivered,Credit Card,Express Shipping,0.0,5241.22
108741,23984,2025-08-30,2025-08-31,2025-09-03,Delivered,Debit Card,Express Shipping,0.0,594.96
272761,30447,2022-09-29,2022-10-02,2022-10-04,Delivered,UPI,Express Shipping,0.0,2976.25
419171,35898,2025-08-26,2025-08-29,2025-08-31,Delivered,Net Banking,Standard Shipping,0.1,1360.14
397385,12947,2025-12-24,2025-12-25,2025-12-30,Delivered,Credit Card,Standard Shipping,0.0,820.95
328189,44015,2023-03-29,,,Cancelled,UPI,Standard Shipping,0.0,539.46
211659,69888,2025-10-04,2025-10-07,2025-10-09,Delivered,UPI,Standard Shipping,0.05,2580.49
126111,33790,2024-12-22,2024-12-24,2024-12-26,Delivered,Debit Card,Express Shipping,0.0,1841.41
84284,6973,2023-11-17,2023-11-19,2023-11-22,Delivered,Credit Card,Express Shipping,0.0,2404.76
352543,65195,2025-12-04,2025-12-05,2025-12-10,Delivered,Credit Card,Standard Shipping,0.05,3516.84
57234,65843,2024-08-30,2024-08-31,2024-09-03,Delivered,Credit Card,Standard Shipping,0.0,2466.53
249364,76838,2025-11-24,2025-11-27,2025-11-30,Delivered,Debit Card,Standard Shipping,0.0,613.67
290839,18123,2025-11-04,2025-11-05,2025-11-10,Delivered,COD,Standard Shipping,0.0,790.61
280240,32507,2024-02-04,,,Cancelled,UPI,Economy Shipping,0.15,557.98
113391,71471,2024-12-15,2024-12-18,2024-12-23,Delivered,UPI,Express Shipping,0.05,1264.25
480374,50763,2025-11-22,2025-11-23,2025-11-26,Returned,UPI,Express Shipping,0.05,2391.9
250874,48941,2022-12-23,2022-12-26,2022-12-29,Delivered,Credit Card,Standard Shipping,0.05,204.24
118,35767,2024-11-19,,,Cancelled,UPI,Standard Shipping,0.1,1630.94
89353,12144,2025-06-28,2025-07-01,2025-07-03,Delivered,Net Banking,Express Shipping,0.1,1658.85
304488,91869,2025-12-27,2025-12-30,2026-01-02,Delivered,UPI,Priority Overnight,0.1,2137.46
417642,26980,2024-06-25,2024-06-27,2024-06-30,Delivered,UPI,Standard Shipping,0.05,3270.06
52637,45612,2025-05-21,2025-05-24,2025-05-26,Returned,UPI,Priority Overnight,0.0,1951.07
217590,81751,2025-10-30,2025-11-01,2025-11-04,Delivered,UPI,Standard Shipping,0.2,1288.74
344680,40909,2024-11-04,,,Cancelled,Wallet,Standard Shipping,0.05,841.56
90489,69416,2025-06-14,2025-06-15,2025-06-17,Delivered,Net Banking,Economy Shipping,0.05,852.03
464958,165,2025-01-05,,,Pending,Credit Card,Express Shipping,0.0,6082.19
91517,75303,2025-10-11,2025-10-12,2025-10-17,Delivered,Credit Card,Express Shipping,0.0,998.46
156504,50187,2025-10-06,2025-10-08,2025-10-11,Delivered,Net Banking,Economy Shipping,0.0,2749.55
348834,44474,2024-04-04,,,Cancelled,Net Banking,Standard Shipping,0.1,1291.45
169670,45996,2023-10-01,2023-10-04,2023-10-06,Delivered,Debit Card,Standard Shipping,0.0,1923.81
38429,94451,2025-12-15,2025-12-17,2025-12-21,Delivered,COD,Express Shipping,0.0,2280.18
98218,78242,2024-01-29,2024-01-30,2024-02-03,Delivered,UPI,Express Shipping,0.05,513.92
143304,11462,2025-05-18,2025-05-20,2025-05-23,Delivered,Credit Card,Standard Shipping,0.05,209.69
356811,30425,2024-04-26,2024-04-28,2024-05-01,Delivered,COD,Standard Shipping,0.0,997.9
480834,55262,2024-10-03,2024-10-05,2024-10-09,Delivered,Credit Card,Standard Shipping,0.1,3942.67
98656,19919,2025-08-22,2025-08-23,2025-08-26,Delivered,Wallet,Standard Shipping,0.0,611.98
37260,63387,2025-11-06,2025-11-07,2025-11-09,Delivered,UPI,Standard Shipping,0.2,1129.28
175571,44275,2024-11-03,2024-11-04,2024-11-06,Delivered,Credit Card,Standard Shipping,0.0,3473.97
452577,81766,2022-12-04,2022-12-05,2022-12-08,Delivered,Credit Card,Economy Shipping,0.05,1235.18
132990,18425,2025-02-27,2025-03-01,2025-03-04,Delivered,Net Banking,Priority Overnight,0.15,684.72
173969,99931,2025-11-24,2025-11-27,2025-11-30,Delivered,Net Banking,Standard Shipping,0.0,1870.38
19130,19004,2025-11-04,2025-11-05,2025-11-09,Delivered,COD,Standard Shipping,0.15,2248.04
102142,9701,2025-04-04,2025-04-05,2025-04-07,Delivered,Net Banking,Standard Shipping,0.0,1041.34
241321,18703,2024-02-25,2024-02-26,2024-02-28,Delivered,Debit Card,Economy Shipping,0.05,1525.03
13035,59043,2025-09-06,2025-09-08,2025-09-10,Delivered,Wallet,Standard Shipping,0.05,2067.39
154315,48735,2025-12-07,2025-12-09,2025-12-14,Returned,UPI,Economy Shipping,0.05,891.08
20388,58117,2025-09-17,2025-09-19,2025-09-22,Returned,Credit Card,Standard Shipping,0.1,3036.53
340866,41863,2025-08-28,2025-08-30,2025-09-01,Delivered,Wallet,Express Shipping,0.0,784.8
483405,41030,2025-08-03,2025-08-05,2025-08-07,Delivered,Credit Card,Express Shipping,0.05,1268.22
31834,24573,2024-09-30,2024-10-01,2024-10-03,Delivered,Net Banking,Standard Shipping,0.0,627.96
467740,8098,2025-12-18,2025-12-20,2025-12-24,Delivered,UPI,Standard Shipping,0.0,2118.52
464630,39122,2024-05-24,2024-05-25,2024-05-27,Delivered,Net Banking,Standard Shipping,0.05,2986.39
85994,45978,2024-11-29,,,Cancelled,Credit Card,Standard Shipping,0.0,1745.94
37892,44185,2024-07-29,2024-07-30,2024-08-03,Delivered,Credit Card,Standard Shipping,0.1,5971.56
61755,30923,2025-11-17,2025-11-18,2025-11-20,Delivered,UPI,Standard Shipping,0.05,1489.82
432108,52970,2025-01-06,2025-01-09,2025-01-12,Delivered,UPI,Standard Shipping,0.0,421.66
438288,59283,2025-12-05,2025-12-07,2025-12-10,Delivered,Credit Card,Standard Shipping,0.0,1264.94
184771,7663,2025-10-06,2025-10-09,2025-10-11,Returned,Debit Card,Standard Shipping,0.15,2284.18
151023,52599,2025-10-20,2025-10-21,2025-10-23,Delivered,COD,Standard Shipping,0.05,952.23
344157,79415,2025-09-05,2025-09-06,2025-09-09,Delivered,Net Banking,Standard Shipping,0.0,1209.38
240438,80071,2023-03-23,,,Cancelled,Debit Card,Standard Shipping,0.0,1744.71
17984,45742,2024-07-12,2024-07-14,2024-07-16,Delivered,Credit Card,Standard Shipping,0.0,862.58
384150,64574,2025-12-21,2025-12-23,2025-12-25,Delivered,Credit Card,Economy Shipping,0.1,697.47
446450,88366,2025-08-25,2025-08-26,2025-08-28,Delivered,Wallet,Standard Shipping,0.0,1453.59
195141,81818,2025-02-02,2025-02-04,2025-02-07,Delivered,Credit Card,Priority Overnight,0.0,875.81
319551,36936,2024-03-03,2024-03-06,2024-03-09,Delivered,Net Banking,Standard Shipping,0.0,3509.93
258582,50271,2024-10-16,2024-10-17,2024-10-20,Delivered,UPI,Express Shipping,0.0,1630.98
423428,79477,2024-03-19,,,Cancelled,Credit Card,Express Shipping,0.0,1530.82
368657,19007,2025-02-08,2025-02-10,2025-02-12,Delivered,Credit Card,Express Shipping,0.05,3464.45
462767,49218,2025-11-16,2025-11-17,2025-11-20,Delivered,UPI,Express Shipping,0.05,894.54
50755,92651,2025-07-01,2025-07-02,2025-07-04,Delivered,Credit Card,Express Shipping,0.1,453.88
28894,8705,2025-12-12,2025-12-13,2025-12-15,Delivered,Credit Card,Express Shipping,0.05,2265.97
95171,6679,2023-07-27,2023-07-28,2023-07-30,Delivered,Credit Card,Express Shipping,0.1,2209.32
385870,76012,2025-10-05,2025-10-07,2025-10-12,Delivered,UPI,Standard Shipping,0.05,306.84
284852,76016,2025-12-08,2025-12-11,2025-12-14,Delivered,Credit Card,Standard Shipping,0.1,2980.23
346651,73174,2023-12-18,2023-12-20,2023-12-25,Delivered,Wallet,Express Shipping,0.0,245.98
256653,4199,2024-04-15,2024-04-18,2024-04-22,Delivered,UPI,Standard Shipping,0.05,1123.71
67213,18166,2023-08-20,2023-08-22,2023-08-26,Delivered,Credit Card,Express Shipping,0.0,1976.56
122499,36853,2024-10-19,2024-10-21,2024-10-26,Delivered,UPI,Standard Shipping,0.1,1880.8
115728,3952,2022-07-02,2022-07-04,2022-07-09,Delivered,Debit Card,Standard Shipping,0.1,1888.16
18387,92508,2025-06-16,2025-06-18,2025-06-21,Delivered,Credit Card,Express Shipping,0.1,1100.26
353001,69950,2023-07-01,2023-07-03,2023-07-06,Delivered,Credit Card,Express Shipping,0.0,3746.68
327344,67264,2023-09-11,2023-09-12,2023-09-14,Delivered,UPI,Standard Shipping,0.0,1300.51
243880,99993,2023-09-10,2023-09-11,2023-09-13,Delivered,UPI,Standard Shipping,0.0,1081.05
435766,74876,2024-10-19,2024-10-20,2024-10-25,Delivered,Wallet,Standard Shipping,0.0,2107.26
358329,47182,2025-08-14,2025-08-16,2025-08-20,Delivered,Net Banking,Standard Shipping,0.1,1346.79
61269,53643,2025-10-06,2025-10-07,2025-10-09,Delivered,Credit Card,Standard Shipping,0.1,1887.7
142165,69975,2025-11-18,2025-11-19,2025-11-23,Delivered,Wallet,Priority Overnight,0.0,1076.63
440519,12286,2025-05-23,2025-05-25,2025-05-27,Delivered,Credit Card,Standard Shipping,0.05,1614.64
199948,5509,2025-05-12,2025-05-13,2025-05-16,Delivered,UPI,Standard Shipping,0.0,121.58
346161,82801,2025-08-12,2025-08-13,2025-08-18,Delivered,Credit Card,Standard Shipping,0.0,1761.92
318636,39088,2025-12-03,2025-12-04,2025-12-09,Delivered,Net Banking,Priority Overnight,0.0,2059.4
499811,55962,2025-03-06,2025-03-07,2025-03-09,Returned,Debit Card,Standard Shipping,0.0,1387.93
412815,59309,2025-08-01,2025-08-02,2025-08-04,Delivered,Net Banking,Express Shipping,0.0,6693.54
149589,58601,2024-04-06,2024-04-07,2024-04-09,Delivered,UPI,Standard Shipping,0.05,2202.64
283652,72996,2025-10-01,2025-10-02,2025-10-05,Delivered,Credit Card,Priority Overnight,0.15,1844.87
329767,43660,2025-12-18,2025-12-20,2025-12-22,Delivered,Credit Card,Priority Overnight,0.05,1441.08
105053,13630,2025-10-17,2025-10-18,2025-10-20,Delivered,Credit Card,Economy Shipping,0.1,3642.51
158768,82449,2025-09-12,2025-09-13,2025-09-15,Delivered,UPI,Standard Shipping,0.0,1088.65
95316,73060,2025-07-05,2025-07-07,2025-07-09,Delivered,Debit Card,Priority Overnight,0.0,432.99
356591,12455,2025-08-31,2025-09-03,2025-09-06,Delivered,Debit Card,Express Shipping,0.0,830.98
321277,52373,2024-08-08,2024-08-10,2024-08-15,Delivered,Credit Card,Express Shipping,0.1,1347.43
225082,50184,2025-07-10,2025-07-12,2025-07-16,Delivered,Debit Card,Express Shipping,0.0,334.97
172936,60414,2025-12-12,2025-12-14,2025-12-16,Delivered,Debit Card,Express Shipping,0.1,835.26
62591,14233,2025-09-25,2025-09-26,2025-10-01,Delivered,Debit Card,Standard Shipping,0.1,1074.58
236560,72583,2025-11-15,2025-11-17,2025-11-20,Returned,Wallet,Standard Shipping,0.1,176.86
149435,82573,2024-12-08,,,Cancelled,UPI,Express Shipping,0.15,3521.83
283243,13597,2025-07-12,2025-07-13,2025-07-16,Delivered,UPI,Express Shipping,0.05,2524.12
397452,58650,2024-09-15,,,Cancelled,Net Banking,Express Shipping,0.0,801.42
315489,35254,2025-01-17,,,Cancelled,Wallet,Standard Shipping,0.0,1374.44
288532,26118,2025-07-17,2025-07-20,2025-07-23,Delivered,Net Banking,Express Shipping,0.1,387.87
410020,67422,2025-11-03,2025-11-04,2025-11-07,Delivered,Net Banking,Express Shipping,0.0,1693.33
365184,24768,2025-11-11,2025-11-13,2025-11-15,Delivered,Credit Card,Economy Shipping,0.0,1284.39
227421,1663,2024-11-01,2024-11-03,2024-11-08,Delivered,Wallet,Standard Shipping,0.1,863.95
442513,19387,2025-05-04,2025-05-05,2025-05-08,Delivered,UPI,Standard Shipping,0.0,1726.69
32875,99104,2025-06-25,2025-06-26,2025-06-30,Delivered,Wallet,Standard Shipping,0.1,603.72
223427,54328,2023-11-24,2023-11-27,2023-11-30,Delivered,Debit Card,Standard Shipping,0.1,774.65
5061,11563,2025-03-12,,,Cancelled,Debit Card,Priority Overnight,0.1,2131.9
367137,93323,2024-06-28,2024-07-01,2024-07-04,Delivered,Wallet,Standard Shipping,0.0,2436.96
198002,36509,2025-07-08,2025-07-10,2025-07-15,Delivered,Credit Card,Priority Overnight,0.05,1492.41
133029,99302,2025-04-25,2025-04-26,2025-05-01,Delivered,UPI,Standard Shipping,0.0,1445.65
11596,10734,2025-06-05,2025-06-06,2025-06-10,Delivered,Net Banking,Standard Shipping,0.2,628.97
460536,25797,2025-11-16,2025-11-17,2025-11-19,Delivered,Debit Card,Standard Shipping,0.0,1397.68
120967,56207,2025-11-10,2025-11-11,2025-11-13,Delivered,Debit Card,Standard Shipping,0.0,1840.19
10622,31453,2024-04-29,2024-05-02,2024-05-07,Delivered,Wallet,Priority Overnight,0.1,1674.77
408956,76216,2024-08-20,2024-08-22,2024-08-24,Delivered,Credit Card,Express Shipping,0.05,2916.59
424738,13075,2025-07-10,2025-07-11,2025-07-13,Delivered,Credit Card,Standard Shipping,0.05,1513.44
142777,43962,2025-09-12,2025-09-15,2025-09-17,Delivered,Debit Card,Express Shipping,0.0,442.69
331068,41759,2025-11-01,,,Cancelled,UPI,Standard Shipping,0.0,1219.77
401196,70035,2023-11-26,,,Cancelled,Debit Card,Standard Shipping,0.1,1313.95
99541,21689,2025-10-31,,,Cancelled,Wallet,Express Shipping,0.0,480.3
129576,27856,2024-12-08,,,Pending,UPI,Express Shipping,0.15,1934.19
1375,67554,2025-09-02,2025-09-05,2025-09-07,Delivered,Credit Card,Priority Overnight,0.0,2220.16
244038,15938,2025-09-22,2025-09-23,2025-09-25,Delivered,Debit Card,Express Shipping,0.1,2892.51
90120,28583,2025-09-07,2025-09-09,2025-09-12,Delivered,Credit Card,Standard Shipping,0.0,549.42
6072,27354,2025-09-27,2025-09-29,2025-10-02,Delivered,Credit Card,Economy Shipping,0.0,57.94
335305,81694,2025-08-21,2025-08-23,2025-08-27,Delivered,UPI,Standard Shipping,0.1,937.37
25685,21250,2025-03-31,2025-04-02,2025-04-04,Delivered,Credit Card,Express Shipping,0.2,5520.46
171108,78730,2025-07-09,,,Cancelled,UPI,Standard Shipping,0.05,1387.76
47643,70348,2025-12-15,2025-12-16,2025-12-21,Delivered,Debit Card,Standard Shipping,0.1,409.3
217258,6837,2023-03-22,2023-03-23,2023-03-25,Delivered,Credit Card,Priority Overnight,0.0,600.98
306250,32591,2023-12-02,2023-12-04,2023-12-07,Delivered,Debit Card,Standard Shipping,0.0,1331.35
135280,47360,2025-12-15,2025-12-17,2025-12-21,Delivered,COD,Standard Shipping,0.0,2022.62
351796,68970,2025-08-03,2025-08-04,2025-08-06,Delivered,UPI,Standard Shipping,0.0,4257.02
85711,18613,2023-04-10,2023-04-11,2023-04-15,Delivered,UPI,Economy Shipping,0.0,2371.36
311903,58948,2025-08-25,2025-08-27,2025-08-31,Delivered,Debit Card,Standard Shipping,0.1,1150.7
204157,64085,2025-11-25,2025-11-26,2025-11-30,Delivered,Net Banking,Priority Overnight,0.05,743.98
68299,85543,2025-05-07,,,Pending,Credit Card,Priority Overnight,0.05,3582.1
379452,39786,2025-10-18,2025-10-20,2025-10-22,Delivered,Credit Card,Priority Overnight,0.1,524.07
172795,82499,2025-10-29,2025-10-31,2025-11-03,Delivered,Credit Card,Express Shipping,0.0,2684.29
416887,19289,2023-06-25,2023-06-26,2023-06-29,Delivered,Wallet,Standard Shipping,0.0,835.15
3390,78579,2025-08-01,2025-08-02,2025-08-04,Delivered,UPI,Priority Overnight,0.0,3577.92
164012,23590,2025-12-09,2025-12-11,2025-12-14,Delivered,Credit Card,Standard Shipping,0.0,986.72
455427,9831,2023-05-10,2023-05-11,2023-05-16,Delivered,COD,Standard Shipping,0.0,804.86
48895,58095,2025-11-15,,,Pending,Credit Card,Standard Shipping,0.0,1101.97
165349,51420,2024-09-26,2024-09-27,2024-09-29,Delivered,Credit Card,Standard Shipping,0.05,1044.31
420457,59951,2025-10-16,2025-10-18,2025-10-21,Delivered,Credit Card,Priority Overnight,0.05,2600.24
251089,54277,2025-03-25,2025-03-26,2025-03-29,Delivered,Debit Card,Express Shipping,0.0,530.42
368965,3252,2022-11-12,2022-11-15,2022-11-18,Delivered,Credit Card,Priority Overnight,0.0,1955.64
339565,86072,2025-12-23,2025-12-24,2025-12-27,Delivered,Debit Card,Express Shipping,0.0,519.92
202364,69887,2025-02-08,2025-02-09,2025-02-12,Delivered,Debit Card,Priority Overnight,0.0,1120.98
50425,76905,2024-01-15,2024-01-18,2024-01-20,Delivered,Net Banking,Standard Shipping,0.05,4169.74
279705,43211,2025-07-28,2025-07-29,2025-08-01,Delivered,Debit Card,Economy Shipping,0.0,1861.4
388048,24666,2024-06-27,2024-06-29,2024-07-01,Delivered,Credit Card,Priority Overnight,0.05,2362.07
139476,49971,2023-05-21,2023-05-22,2023-05-24,Delivered,Debit Card,Priority Overnight,0.1,3365.79
346164,18869,2025-11-22,2025-11-23,2025-11-27,Delivered,Debit Card,Standard Shipping,0.0,3295.4
490180,55167,2024-01-28,2024-01-30,2024-02-02,Delivered,Net Banking,Express Shipping,0.0,901.35
170814,96742,2024-01-06,2024-01-08,2024-01-10,Delivered,Credit Card,Standard Shipping,0.05,4589.52
62368,65767,2025-09-13,2025-09-14,2025-09-17,Delivered,Wallet,Priority Overnight,0.0,1936.7
53062,64070,2023-12-13,2023-12-14,2023-12-16,Delivered,Wallet,Express Shipping,0.0,1223.96
289577,8465,2025-06-28,2025-07-01,2025-07-05,Delivered,Credit Card,Economy Shipping,0.1,1641.84
210483,26881,2025-06-23,2025-06-24,2025-06-26,Delivered,Credit Card,Standard Shipping,0.1,2183.33
62845,13217,2025-10-21,2025-10-23,2025-10-26,Delivered,UPI,Priority Overnight,0.05,2309.9
228521,58006,2025-12-11,2025-12-12,2025-12-15,Delivered,UPI,Express Shipping,0.0,1335.61
141527,8169,2024-02-17,2024-02-18,2024-02-20,Delivered,Credit Card,Standard Shipping,0.0,356.61
331519,31363,2025-10-03,,,Pending,UPI,Priority Overnight,0.0,565.99
414350,76905,2023-09-18,2023-09-20,2023-09-24,Delivered,Wallet,Standard Shipping,0.0,4163.62
264724,68547,2025-11-18,2025-11-19,2025-11-21,Delivered,Credit Card,Standard Shipping,0.05,1209.09
19145,15006,2025-11-01,2025-11-02,2025-11-05,Delivered,Credit Card,Express Shipping,0.05,4148.92
56380,25346,2025-11-24,2025-11-25,2025-11-27,Delivered,Debit Card,Express Shipping,0.05,5217.37
201063,24510,2025-01-30,2025-01-31,2025-02-03,Delivered,COD,Express Shipping,0.0,2176.97
352802,16654,2025-07-20,2025-07-23,2025-07-25,Delivered,Credit Card,Standard Shipping,0.0,2071.95
170512,43977,2025-10-23,,,Cancelled,Credit Card,Standard Shipping,0.15,1121.11
457808,3973,2025-11-02,2025-11-03,2025-11-05,Delivered,Credit Card,Priority Overnight,0.05,394.19
267401,98960,2024-05-29,2024-05-31,2024-06-02,Delivered,Net Banking,Economy Shipping,0.0,3354.48
77313,21802,2025-04-10,2025-04-11,2025-04-13,Delivered,UPI,Standard Shipping,0.1,1919.65
104289,21369,2024-03-10,2024-03-12,2024-03-16,Delivered,Net Banking,Standard Shipping,0.1,2259.47
407064,5974,2025-03-20,2025-03-21,2025-03-24,Delivered,Debit Card,Standard Shipping,0.0,3463.06
226582,51465,2024-10-26,2024-10-27,2024-10-29,Delivered,Credit Card,Express Shipping,0.0,658.6
251358,85187,2025-03-22,,,Pending,Net Banking,Express Shipping,0.05,2398.54
387750,67914,2024-12-10,2024-12-11,2024-12-16,Delivered,Wallet,Standard Shipping,0.0,3171.15
102185,1896,2023-10-08,,,Cancelled,UPI,Standard Shipping,0.0,2212.46
393218,20113,2025-11-23,2025-11-26,2025-11-29,Delivered,UPI,Standard Shipping,0.0,843.33
275137,65163,2025-03-28,2025-03-29,2025-04-01,Delivered,UPI,Priority Overnight,0.0,2830.56
436293,68054,2025-10-23,2025-10-25,2025-10-27,Delivered,UPI,Express Shipping,0.0,700.85
301280,56478,2025-11-07,2025-11-09,2025-11-11,Delivered,COD,Express Shipping,0.0,384.56
120895,7429,2022-12-13,2022-12-14,2022-12-18,Delivered,Credit Card,Standard Shipping,0.05,655.46
481413,59352,2025-05-03,2025-05-04,2025-05-09,Delivered,Debit Card,Standard Shipping,0.15,5349.14
247686,84872,2025-04-21,2025-04-23,2025-04-25,Delivered,Credit Card,Standard Shipping,0.0,4125.6
418590,81075,2025-11-29,2025-12-01,2025-12-04,Delivered,Credit Card,Economy Shipping,0.1,1322.15
320388,37068,2025-09-20,2025-09-21,2025-09-23,Delivered,Credit Card,Standard Shipping,0.0,1728.98
322845,89802,2024-12-21,,,Pending,Credit Card,Standard Shipping,0.0,4994.94
178434,97503,2025-03-23,2025-03-25,2025-03-27,Delivered,Debit Card,Priority Overnight,0.0,4135.39
229448,84756,2023-09-18,2023-09-19,2023-09-22,Delivered,Debit Card,Standard Shipping,0.0,913.31
394445,30509,2025-09-23,2025-09-26,2025-09-29,Delivered,Debit Card,Standard Shipping,0.0,1503.24
290782,71644,2025-12-08,2025-12-10,2025-12-12,Delivered,Debit Card,Express Shipping,0.0,364.98
213217,40102,2023-11-13,2023-11-16,2023-11-19,Returned,Wallet,Standard Shipping,0.05,5795.11
173496,41708,2025-03-21,2025-03-24,2025-03-28,Delivered,Debit Card,Standard Shipping,0.1,714.05
52963,67275,2024-04-16,2024-04-18,2024-04-20,Delivered,Debit Card,Standard Shipping,0.0,176.99
96183,97813,2025-07-20,2025-07-22,2025-07-25,Delivered,COD,Standard Shipping,0.05,2133.97
341891,77403,2024-11-05,2024-11-06,2024-11-11,Delivered,Credit Card,Economy Shipping,0.0,3031.39
159276,66211,2025-06-12,2025-06-14,2025-06-16,Delivered,Net Banking,Standard Shipping,0.2,1049.37
246092,81433,2025-10-30,2025-11-01,2025-11-05,Delivered,Debit Card,Express Shipping,0.0,1554.28
245305,31394,2024-12-27,2024-12-29,2024-12-31,Delivered,Debit Card,Express Shipping,0.1,1781.86
64361,15320,2025-10-26,2025-10-28,2025-10-30,Delivered,Debit Card,Standard Shipping,0.1,982.74
93513,78199,2025-09-01,2025-09-03,2025-09-06,Delivered,Wallet,Standard Shipping,0.0,1250.98
499983,42821,2024-12-04,2024-12-06,2024-12-09,Delivered,Wallet,Standard Shipping,0.0,2997.69
5498,97575,2025-10-07,2025-10-08,2025-10-12,Delivered,Wallet,Standard Shipping,0.2,2271.75
419398,87321,2025-12-23,,,Pending,Credit Card,Priority Overnight,0.2,1080.07
140991,80478,2025-06-25,,,Cancelled,Debit Card,Express Shipping,0.1,121.47
176934,59170,2025-07-27,,,Cancelled,UPI,Standard Shipping,0.05,422.69
53644,30419,2022-01-09,2022-01-11,2022-01-13,Delivered,UPI,Standard Shipping,0.05,1248.24
85169,90055,2024-12-29,2024-12-30,2025-01-02,Delivered,Debit Card,Express Shipping,0.0,627.98
368800,53846,2024-12-14,2024-12-16,2024-12-21,Delivered,Debit Card,Express Shipping,0.1,807.25
137459,65624,2025-12-08,,,Cancelled,Credit Card,Standard Shipping,0.1,375.29
414765,64085,2025-12-31,,,Cancelled,Credit Card,Standard Shipping,0.0,1806.97
23975,33302,2025-09-28,2025-09-29,2025-10-01,Delivered,Wallet,Standard Shipping,0.05,3896.34
24039,32931,2025-12-24,2025-12-25,2025-12-29,Delivered,UPI,Priority Overnight,0.15,2596.44
28403,56815,2025-11-22,2025-11-23,2025-11-25,Delivered,Debit Card,Priority Overnight,0.0,276.97
22256,72287,2023-07-22,2023-07-24,2023-07-26,Delivered,Net Banking,Standard Shipping,0.0,1463.87
259456,27992,2025-10-30,2025-11-02,2025-11-05,Delivered,Credit Card,Express Shipping,0.0,1366.16
328414,26627,2025-03-01,2025-03-03,2025-03-07,Delivered,Debit Card,Standard Shipping,0.0,3062.39
100103,57613,2024-09-15,2024-09-16,2024-09-19,Delivered,COD,Standard Shipping,0.05,470.2
436050,6181,2025-11-27,2025-11-30,2025-12-04,Delivered,Debit Card,Express Shipping,0.05,219.43
122225,29579,2025-08-09,2025-08-12,2025-08-14,Delivered,Credit Card,Standard Shipping,0.0,3340.92
462073,36606,2025-03-17,2025-03-18,2025-03-21,Delivered,UPI,Economy Shipping,0.1,605.45
102136,68635,2025-12-08,2025-12-11,2025-12-16,Delivered,Debit Card,Standard Shipping,0.05,1013.23
462273,81343,2025-06-10,2025-06-11,2025-06-16,Delivered,Credit Card,Economy Shipping,0.0,1428.88
310717,64728,2025-09-27,2025-09-28,2025-10-02,Returned,Debit Card,Standard Shipping,0.0,1449.38
355936,68620,2025-11-23,2025-11-24,2025-11-27,Delivered,Net Banking,Express Shipping,0.0,633.68
93235,41249,2025-07-16,2025-07-17,2025-07-21,Delivered,UPI,Economy Shipping,0.1,1922.36
315496,15283,2025-06-09,2025-06-11,2025-06-13,Delivered,Debit Card,Standard Shipping,0.15,1944.26
460892,5109,2024-11-30,2024-12-03,2024-12-06,Delivered,Credit Card,Standard Shipping,0.15,282.37
205535,77261,2022-10-30,2022-10-31,2022-11-02,Delivered,Debit Card,Express Shipping,0.0,1862.06
222769,26632,2025-09-25,2025-09-26,2025-10-01,Delivered,Credit Card,Standard Shipping,0.0,1612.36
33036,77622,2024-08-31,2024-09-03,2024-09-05,Delivered,UPI,Standard Shipping,0.0,2159.72
317203,22683,2022-04-29,2022-05-01,2022-05-04,Delivered,Net Banking,Standard Shipping,0.05,949.02
438500,94437,2025-11-20,2025-11-22,2025-11-24,Delivered,Debit Card,Economy Shipping,0.05,338.86
73995,69118,2022-12-17,2022-12-18,2022-12-23,Delivered,Debit Card,Standard Shipping,0.0,2600.16
333555,71167,2025-10-24,2025-10-27,2025-10-31,Delivered,Wallet,Priority Overnight,0.0,1364.48
89893,92025,2024-10-08,2024-10-09,2024-10-12,Delivered,Wallet,Standard Shipping,0.05,1160.92
109836,68688,2025-07-17,2025-07-19,2025-07-22,Returned,UPI,Standard Shipping,0.15,4319.19
451810,43219,2023-09-09,2023-09-11,2023-09-14,Delivered,Credit Card,Economy Shipping,0.0,1013.13
1286,7064,2025-11-23,2025-11-24,2025-11-26,Delivered,Debit Card,Standard Shipping,0.0,3016.79
108372,14344,2024-11-19,2024-11-21,2024-11-23,Delivered,UPI,Standard Shipping,0.0,542.72
134744,7118,2025-12-10,2025-12-11,2025-12-15,Delivered,Credit Card,Economy Shipping,0.0,1875.87
91305,81470,2025-12-11,2025-12-12,2025-12-14,Delivered,Debit Card,Express Shipping,0.1,640.32
93155,29349,2023-09-11,2023-09-13,2023-09-15,Delivered,Credit Card,Economy Shipping,0.0,1491.59
107491,41519,2025-03-09,2025-03-10,2025-03-12,Delivered,Credit Card,Express Shipping,0.05,953.97
124750,2289,2024-09-19,2024-09-21,2024-09-23,Delivered,Credit Card,Standard Shipping,0.2,1394.97
170332,34847,2024-08-24,2024-08-26,2024-08-29,Delivered,Net Banking,Standard Shipping,0.1,2432.83
391388,49382,2025-09-28,2025-09-29,2025-10-03,Delivered,Wallet,Standard Shipping,0.05,4310.15
137436,51328,2025-11-06,2025-11-07,2025-11-10,Delivered,UPI,Standard Shipping,0.0,971.77
390064,46425,2025-11-29,2025-12-01,2025-12-03,Delivered,Credit Card,Economy Shipping,0.0,228.98
72979,35009,2025-07-04,2025-07-05,2025-07-09,Delivered,Credit Card,Standard Shipping,0.05,992.41
392698,11460,2024-12-02,2024-12-03,2024-12-07,Delivered,Credit Card,Express Shipping,0.05,4146.52
114984,96369,2023-11-14,2023-11-16,2023-11-18,Delivered,Credit Card,Standard Shipping,0.05,741.61
206570,70335,2025-09-28,2025-09-29,2025-10-01,Delivered,Credit Card,Standard Shipping,0.1,154.78
262779,73172,2025-01-06,2025-01-07,2025-01-11,Delivered,Credit Card,Express Shipping,0.05,2137.08
332413,38094,2025-12-07,2025-12-08,2025-12-10,Delivered,Net Banking,Standard Shipping,0.0,3886.99
212674,72714,2025-08-22,2025-08-24,2025-08-29,Delivered,Debit Card,Express Shipping,0.2,1577.25
151391,83790,2025-10-10,2025-10-12,2025-10-17,Delivered,Credit Card,Express Shipping,0.05,3410.31
20956,7657,2025-10-09,2025-10-10,2025-10-12,Delivered,UPI,Standard Shipping,0.15,729.0
249204,35351,2025-07-09,2025-07-10,2025-07-12,Delivered,Wallet,Standard Shipping,0.05,5070.73
94547,84563,2025-09-25,2025-09-27,2025-09-29,Delivered,Debit Card,Priority Overnight,0.1,3298.78
218226,15928,2024-07-28,2024-07-29,2024-08-03,Delivered,Debit Card,Priority Overnight,0.0,2264.46
177305,84627,2024-10-06,2024-10-07,2024-10-10,Delivered,Debit Card,Standard Shipping,0.0,636.96
145533,97930,2023-06-27,2023-06-30,2023-07-04,Delivered,Credit Card,Priority Overnight,0.0,1909.45
288834,82832,2024-04-22,2024-04-23,2024-04-25,Returned,UPI,Express Shipping,0.0,986.56
147967,40244,2023-12-16,2023-12-17,2023-12-22,Delivered,Wallet,Standard Shipping,0.1,685.23
121718,51752,2023-03-05,2023-03-06,2023-03-09,Delivered,Debit Card,Standard Shipping,0.0,2840.56
212142,98094,2023-10-30,2023-10-31,2023-11-02,Delivered,UPI,Standard Shipping,0.15,583.87
483920,70042,2024-04-12,2024-04-13,2024-04-15,Delivered,Net Banking,Standard Shipping,0.0,2016.95
445077,53067,2025-11-02,2025-11-03,2025-11-06,Delivered,UPI,Standard Shipping,0.05,1509.03
447271,55495,2025-12-06,2025-12-08,2025-12-10,Delivered,Credit Card,Express Shipping,0.15,1767.25
484566,93499,2025-10-07,2025-10-08,2025-10-10,Delivered,Credit Card,Priority Overnight,0.05,1973.31
58675,76587,2025-11-26,2025-11-28,2025-12-01,Delivered,UPI,Standard Shipping,0.0,3047.13
391187,45766,2025-11-06,2025-11-07,2025-11-09,Delivered,Debit Card,Express Shipping,0.0,1546.28
135766,64443,2024-03-29,2024-03-30,2024-04-01,Delivered,Wallet,Express Shipping,0.0,3061.95
26104,81417,2025-11-26,2025-11-27,2025-11-30,Delivered,UPI,Economy Shipping,0.05,3926.73
86943,73194,2025-10-28,2025-10-31,2025-11-05,Delivered,UPI,Economy Shipping,0.0,1467.27
486408,94094,2023-01-01,2023-01-02,2023-01-05,Delivered,Credit Card,Express Shipping,0.0,4114.66
371852,68556,2025-06-18,2025-06-20,2025-06-23,Delivered,COD,Priority Overnight,0.05,1559.54
331428,23357,2023-09-13,2023-09-15,2023-09-19,Delivered,UPI,Express Shipping,0.0,484.19
455690,79563,2025-06-08,2025-06-09,2025-06-12,Delivered,Debit Card,Express Shipping,0.1,1569.66
353621,24718,2025-04-21,2025-04-23,2025-04-25,Delivered,Credit Card,Standard Shipping,0.05,3799.9
246093,79908,2024-12-25,,,Cancelled,Debit Card,Express Shipping,0.0,1195.81
18532,94357,2025-10-25,2025-10-26,2025-10-28,Delivered,UPI,Express Shipping,0.05,615.54
403257,15418,2025-11-26,2025-11-27,2025-12-01,Returned,Net Banking,Standard Shipping,0.0,843.34
33833,95598,2024-10-13,2024-10-14,2024-10-16,Returned,Debit Card,Standard Shipping,0.15,3492.21
327906,97499,2025-11-21,2025-11-22,2025-11-24,Delivered,Credit Card,Standard Shipping,0.0,1270.95
348728,27119,2025-04-09,2025-04-10,2025-04-14,Delivered,UPI,Express Shipping,0.15,487.87
397973,15926,2022-09-04,2022-09-05,2022-09-08,Delivered,COD,Standard Shipping,0.05,4845.32
174697,99863,2025-11-16,2025-11-17,2025-11-19,Delivered,Debit Card,Standard Shipping,0.0,2055.12
396134,66397,2024-10-17,2024-10-18,2024-10-21,Returned,Wallet,Priority Overnight,0.2,2337.56
310387,67035,2023-11-28,2023-11-29,2023-12-02,Delivered,Credit Card,Standard Shipping,0.05,1603.32
479436,27115,2023-12-08,2023-12-10,2023-12-14,Delivered,Debit Card,Standard Shipping,0.0,1175.2
401497,31474,2024-11-19,2024-11-20,2024-11-22,Delivered,Credit Card,Standard Shipping,0.15,1487.52
95220,14131,2024-04-13,2024-04-16,2024-04-21,Delivered,Credit Card,Express Shipping,0.0,990.97
442311,62503,2025-08-17,2025-08-18,2025-08-21,Returned,Net Banking,Standard Shipping,0.05,1047.85
263427,73149,2025-05-19,2025-05-21,2025-05-24,Delivered,Credit Card,Standard Shipping,0.0,2518.95
410128,70643,2025-07-25,,,Pending,Net Banking,Economy Shipping,0.05,5914.57
484361,90141,2025-12-16,2025-12-19,2025-12-22,Delivered,Net Banking,Priority Overnight,0.05,1903.84
366599,87394,2025-09-08,2025-09-09,2025-09-12,Delivered,UPI,Standard Shipping,0.15,269.12
471265,50922,2025-11-21,2025-11-22,2025-11-24,Delivered,UPI,Express Shipping,0.0,296.97
448716,44267,2025-06-14,2025-06-15,2025-06-19,Delivered,Credit Card,Standard Shipping,0.0,626.45
200729,49264,2024-04-23,2024-04-24,2024-04-27,Delivered,UPI,Standard Shipping,0.05,2040.63
37616,66165,2025-11-05,2025-11-06,2025-11-09,Delivered,Credit Card,Standard Shipping,0.0,3494.16
290814,77480,2025-03-07,2025-03-09,2025-03-12,Delivered,Credit Card,Standard Shipping,0.05,6206.59
491467,15595,2025-04-05,2025-04-06,2025-04-09,Delivered,Net Banking,Standard Shipping,0.0,2499.26
176326,94116,2024-12-27,2024-12-28,2024-12-31,Delivered,UPI,Standard Shipping,0.0,1953.56
389874,94147,2025-07-31,2025-08-01,2025-08-03,Delivered,Credit Card,Express Shipping,0.0,623.61
380690,68948,2024-12-14,2024-12-16,2024-12-19,Delivered,Credit Card,Standard Shipping,0.0,250.99
148297,80860,2025-06-12,2025-06-13,2025-06-17,Delivered,Credit Card,Economy Shipping,0.0,2390.18
141375,59358,2024-09-27,2024-09-30,2024-10-02,Delivered,Debit Card,Economy Shipping,0.1,1312.24
9117,67393,2022-10-29,2022-10-31,2022-11-03,Delivered,UPI,Standard Shipping,0.0,612.76
356997,69633,2022-03-25,2022-03-27,2022-03-29,Delivered,Net Banking,Priority Overnight,0.2,696.79
356148,55135,2025-06-15,2025-06-16,2025-06-20,Delivered,Debit Card,Standard Shipping,0.0,1938.42
99869,91901,2022-03-05,2022-03-07,2022-03-09,Delivered,Wallet,Priority Overnight,0.0,1539.93
227290,38198,2023-12-14,2023-12-16,2023-12-20,Delivered,Credit Card,Standard Shipping,0.0,1819.33
157223,86227,2025-07-18,2025-07-20,2025-07-23,Delivered,Credit Card,Standard Shipping,0.0,596.97
366335,79588,2023-06-09,2023-06-12,2023-06-14,Delivered,Wallet,Express Shipping,0.1,3943.05
163590,14438,2024-12-02,2024-12-04,2024-12-06,Delivered,Debit Card,Economy Shipping,0.0,2079.94
447044,16839,2024-06-24,2024-06-27,2024-06-30,Delivered,Credit Card,Standard Shipping,0.0,674.71
360265,42508,2024-11-23,,,Cancelled,Credit Card,Priority Overnight,0.0,1821.88
126863,25149,2025-12-22,2025-12-23,2025-12-25,Delivered,Debit Card,Standard Shipping,0.05,3104.8
372614,49703,2025-12-09,2025-12-10,2025-12-13,Delivered,Net Banking,Economy Shipping,0.05,1072.73
490150,1131,2023-11-19,2023-11-20,2023-11-23,Delivered,Credit Card,Standard Shipping,0.05,1216.06
197731,13505,2025-11-30,2025-12-01,2025-12-03,Delivered,Credit Card,Express Shipping,0.0,3944.76
463706,47303,2024-10-12,2024-10-13,2024-10-18,Delivered,Credit Card,Standard Shipping,0.05,1146.62
180348,95584,2025-11-23,2025-11-24,2025-11-27,Delivered,Credit Card,Economy Shipping,0.1,1042.59
339033,31434,2025-11-26,2025-11-29,2025-12-04,Delivered,Debit Card,Standard Shipping,0.1,1464.36
310982,32764,2025-12-05,2025-12-07,2025-12-09,Delivered,Credit Card,Standard Shipping,0.05,3131.61
402336,22406,2025-12-04,2025-12-06,2025-12-09,Returned,Debit Card,Express Shipping,0.2,1390.56
490344,60077,2025-02-04,2025-02-05,2025-02-07,Delivered,UPI,Standard Shipping,0.0,1360.23
602,95428,2023-06-19,2023-06-21,2023-06-26,Delivered,UPI,Standard Shipping,0.05,694.44
116624,96533,2024-08-03,,,Cancelled,UPI,Standard Shipping,0.0,2108.52
226354,90348,2024-05-23,2024-05-24,2024-05-26,Delivered,Net Banking,Express Shipping,0.1,888.16
120657,11082,2025-11-23,2025-11-24,2025-11-26,Delivered,UPI,Express Shipping,0.15,514.63
298524,38310,2024-06-15,2024-06-17,2024-06-20,Delivered,UPI,Standard Shipping,0.05,449.88
390276,69804,2024-12-29,2024-12-30,2025-01-02,Delivered,Credit Card,Standard Shipping,0.0,1249.87
419418,96119,2025-09-21,2025-09-23,2025-09-25,Delivered,UPI,Standard Shipping,0.0,3298.58
219431,89761,2024-07-11,2024-07-13,2024-07-15,Delivered,Wallet,Express Shipping,0.0,2420.05
6239,69609,2025-08-16,2025-08-17,2025-08-22,Returned,Credit Card,Express Shipping,0.15,2684.14
237048,30919,2025-12-01,2025-12-03,2025-12-05,Delivered,Credit Card,Express Shipping,0.1,99.44
158971,46248,2025-03-05,2025-03-07,2025-03-09,Returned,COD,Standard Shipping,0.0,1924.38
395336,9368,2025-12-17,2025-12-18,2025-12-22,Delivered,COD,Standard Shipping,0.0,1236.61
267943,52486,2025-12-01,2025-12-02,2025-12-06,Delivered,UPI,Standard Shipping,0.0,2075.04
332209,41641,2025-11-15,2025-11-16,2025-11-18,Delivered,UPI,Standard Shipping,0.0,1358.15
440781,7335,2025-12-18,2025-12-21,2025-12-24,Delivered,Net Banking,Express Shipping,0.0,3212.69
478398,76387,2025-04-15,2025-04-17,2025-04-19,Delivered,Debit Card,Standard Shipping,0.0,242.99
89241,71517,2025-07-21,2025-07-22,2025-07-26,Returned,COD,Standard Shipping,0.15,2283.89
499412,27635,2025-03-01,,,Cancelled,Wallet,Express Shipping,0.0,2453.46
469933,33126,2023-11-12,2023-11-13,2023-11-17,Delivered,Credit Card,Economy Shipping,0.15,161.48
45816,90188,2024-02-28,2024-02-29,2024-03-05,Delivered,Credit Card,Standard Shipping,0.05,5805.1
258419,10228,2024-12-07,2024-12-08,2024-12-10,Delivered,UPI,Standard Shipping,0.0,1354.9
477079,54797,2025-12-03,2025-12-05,2025-12-08,Delivered,Debit Card,Standard Shipping,0.0,2085.34
222077,9950,2025-08-30,,,Pending,Debit Card,Priority Overnight,0.1,2831.27
121348,42092,2025-08-09,,,Pending,Credit Card,Standard Shipping,0.0,1661.14
74986,15210,2025-04-15,2025-04-16,2025-04-18,Delivered,Debit Card,Standard Shipping,0.0,2871.34
250535,3369,2025-03-01,2025-03-03,2025-03-06,Delivered,Debit Card,Standard Shipping,0.05,2004.48
256322,83710,2022-11-15,2022-11-17,2022-11-20,Delivered,Debit Card,Standard Shipping,0.0,2137.26
384464,60966,2024-12-29,2024-12-30,2025-01-04,Delivered,Credit Card,Standard Shipping,0.2,1391.83
290890,54566,2025-07-12,2025-07-14,2025-07-16,Delivered,Credit Card,Economy Shipping,0.0,2367.55
358450,231,2023-05-30,2023-06-02,2023-06-06,Delivered,UPI,Standard Shipping,0.15,539.73
121485,93434,2025-08-18,2025-08-20,2025-08-25,Delivered,Credit Card,Standard Shipping,0.0,829.1
111655,85336,2024-12-25,2024-12-26,2024-12-28,Delivered,UPI,Priority Overnight,0.1,1109.83
67138,11457,2024-02-03,2024-02-04,2024-02-07,Delivered,Debit Card,Standard Shipping,0.0,1271.64
250243,16968,2025-12-29,2025-12-30,2026-01-03,Delivered,UPI,Standard Shipping,0.2,1260.85
396693,46762,2025-03-21,2025-03-22,2025-03-24,Delivered,UPI,Standard Shipping,0.05,1983.72
311451,6436,2025-08-31,,,Cancelled,UPI,Express Shipping,0.0,1636.82
396753,10953,2024-07-14,2024-07-15,2024-07-19,Delivered,UPI,Economy Shipping,0.2,1999.39
243637,49077,2023-11-27,2023-11-28,2023-12-01,Delivered,Debit Card,Standard Shipping,0.0,2779.19
173853,16937,2024-03-18,2024-03-21,2024-03-24,Delivered,Credit Card,Standard Shipping,0.0,2648.74
197036,43186,2025-10-23,2025-10-26,2025-10-28,Delivered,UPI,Express Shipping,0.05,2682.93
140164,2032,2025-10-13,2025-10-14,2025-10-16,Delivered,Debit Card,Standard Shipping,0.05,1466.6
348344,77250,2025-11-25,2025-11-26,2025-11-28,Delivered,Credit Card,Standard Shipping,0.1,4628.16
370568,92731,2025-12-20,2025-12-23,2025-12-25,Delivered,Credit Card,Standard Shipping,0.0,1081.89
174894,49951,2025-04-04,2025-04-06,2025-04-08,Delivered,Credit Card,Standard Shipping,0.0,1867.96
178247,54772,2024-03-18,,,Cancelled,Wallet,Express Shipping,0.0,673.96
416739,38649,2025-09-23,2025-09-26,2025-10-01,Delivered,Debit Card,Express Shipping,0.0,84.98
223720,93740,2025-09-13,2025-09-15,2025-09-19,Delivered,Credit Card,Standard Shipping,0.1,416.02
167838,66677,2022-10-15,2022-10-17,2022-10-20,Delivered,Debit Card,Priority Overnight,0.05,4014.59
198603,8294,2023-12-05,2023-12-08,2023-12-12,Delivered,Net Banking,Express Shipping,0.1,1680.92
428946,97187,2025-07-17,2025-07-19,2025-07-22,Delivered,Debit Card,Standard Shipping,0.0,1206.04
244428,19887,2024-05-31,2024-06-03,2024-06-05,Delivered,Debit Card,Express Shipping,0.15,420.36
280818,54543,2025-08-05,2025-08-08,2025-08-10,Delivered,Debit Card,Standard Shipping,0.0,1250.49
321780,5109,2025-06-28,2025-06-30,2025-07-02,Delivered,Debit Card,Express Shipping,0.05,1781.09
85160,89466,2024-07-22,2024-07-24,2024-07-26,Delivered,Debit Card,Standard Shipping,0.1,2420.86
382356,454,2025-10-29,2025-10-31,2025-11-05,Delivered,Debit Card,Express Shipping,0.1,811.26
324414,718,2025-03-13,2025-03-15,2025-03-18,Delivered,Debit Card,Standard Shipping,0.15,2835.54
47394,72660,2025-12-15,2025-12-16,2025-12-19,Delivered,Debit Card,Standard Shipping,0.0,1048.76
4663,92895,2025-08-30,2025-09-01,2025-09-03,Delivered,Credit Card,Express Shipping,0.05,715.32
125724,46271,2024-12-21,2024-12-22,2024-12-25,Delivered,Wallet,Standard Shipping,0.1,1115.92
172916,74279,2024-12-13,2024-12-14,2024-12-18,Delivered,UPI,Express Shipping,0.15,3940.22
335462,75392,2023-11-13,2023-11-15,2023-11-20,Delivered,Wallet,Economy Shipping,0.0,1329.97
270053,42411,2024-06-12,2024-06-15,2024-06-18,Delivered,Credit Card,Standard Shipping,0.05,1410.47
416010,9631,2022-08-10,2022-08-11,2022-08-14,Delivered,UPI,Express Shipping,0.05,944.13
339352,92801,2025-03-03,2025-03-04,2025-03-06,Delivered,Debit Card,Standard Shipping,0.05,850.76
35676,62025,2024-05-03,2024-05-04,2024-05-09,Returned,Credit Card,Priority Overnight,0.2,1884.67
101780,42893,2024-11-23,2024-11-25,2024-11-28,Delivered,Net Banking,Standard Shipping,0.05,3573.63
462117,7629,2024-09-18,2024-09-19,2024-09-21,Delivered,Credit Card,Standard Shipping,0.05,1740.87
47557,90847,2025-12-16,,,Cancelled,Credit Card,Express Shipping,0.0,2180.07
130301,6784,2025-12-14,2025-12-15,2025-12-18,Delivered,Credit Card,Standard Shipping,0.1,154.23
158600,29726,2025-01-16,2025-01-17,2025-01-20,Delivered,Debit Card,Standard Shipping,0.0,4372.44
466720,34756,2025-09-22,,,Cancelled,Net Banking,Standard Shipping,0.15,68.84
350009,66128,2023-11-18,2023-11-19,2023-11-24,Delivered,Credit Card,Express Shipping,0.0,2749.92
435488,5365,2025-10-10,2025-10-12,2025-10-14,Delivered,UPI,Economy Shipping,0.05,1114.46
99377,65769,2025-09-21,2025-09-22,2025-09-26,Delivered,COD,Standard Shipping,0.0,2278.94
359775,57101,2024-12-17,2024-12-19,2024-12-22,Delivered,Credit Card,Standard Shipping,0.1,701.21
368910,28155,2025-11-30,2025-12-01,2025-12-03,Delivered,UPI,Express Shipping,0.0,16.14
153632,81521,2025-12-17,2025-12-19,2025-12-21,Delivered,Credit Card,Priority Overnight,0.0,403.96
187485,14894,2025-06-17,2025-06-19,2025-06-21,Delivered,Credit Card,Standard Shipping,0.05,252.07
464042,89686,2025-03-20,2025-03-21,2025-03-24,Delivered,Debit Card,Standard Shipping,0.0,1200.45
230506,81392,2022-12-08,2022-12-11,2022-12-13,Delivered,Credit Card,Standard Shipping,0.05,1150.54
113195,89763,2023-07-29,,,Pending,Net Banking,Priority Overnight,0.0,630.78
489443,52554,2022-09-28,2022-09-29,2022-10-01,Delivered,Credit Card,Standard Shipping,0.0,2727.63
134340,48163,2025-11-30,2025-12-02,2025-12-04,Delivered,UPI,Standard Shipping,0.0,672.31
298325,11,2025-07-19,2025-07-20,2025-07-24,Delivered,Wallet,Express Shipping,0.15,2484.36
292474,93058,2025-05-26,2025-05-28,2025-06-02,Delivered,Wallet,Express Shipping,0.0,917.35
38912,36429,2025-11-27,2025-11-28,2025-12-01,Delivered,UPI,Standard Shipping,0.2,3495.47
261154,58148,2025-12-28,2025-12-30,2026-01-02,Delivered,Wallet,Priority Overnight,0.0,4951.67
44359,73414,2024-09-06,2024-09-07,2024-09-09,Returned,Credit Card,Standard Shipping,0.05,79.63
77857,34206,2025-11-26,2025-11-28,2025-11-30,Delivered,UPI,Standard Shipping,0.0,1953.45
196255,53520,2024-04-08,2024-04-11,2024-04-14,Delivered,Debit Card,Standard Shipping,0.0,1927.89
396763,92481,2023-09-21,2023-09-23,2023-09-25,Delivered,COD,Standard Shipping,0.0,6541.83
465051,67569,2022-05-31,2022-06-03,2022-06-05,Delivered,Wallet,Priority Overnight,0.05,2250.61
341336,10177,2025-11-25,2025-11-27,2025-11-29,Delivered,UPI,Priority Overnight,0.2,1307.76
319473,7209,2024-04-12,2024-04-13,2024-04-16,Delivered,UPI,Express Shipping,0.0,392.07
23404,98871,2025-07-31,2025-08-02,2025-08-04,Delivered,COD,Standard Shipping,0.1,662.13
383940,50636,2024-12-14,2024-12-15,2024-12-19,Delivered,Credit Card,Standard Shipping,0.0,4684.03
84482,20738,2025-12-19,2025-12-20,2025-12-22,Delivered,Credit Card,Standard Shipping,0.1,2388.89
436374,84436,2025-04-16,2025-04-18,2025-04-21,Delivered,Debit Card,Express Shipping,0.05,2025.1
33878,65149,2025-08-14,2025-08-15,2025-08-19,Delivered,Net Banking,Standard Shipping,0.1,1004.42
25607,15938,2025-11-25,2025-11-27,2025-11-29,Delivered,Credit Card,Economy Shipping,0.0,73.99
385495,74373,2025-10-31,2025-11-02,2025-11-06,Delivered,Net Banking,Standard Shipping,0.0,2313.95
79654,19732,2025-10-08,2025-10-09,2025-10-13,Delivered,Credit Card,Standard Shipping,0.0,4234.93
484026,58602,2023-07-18,2023-07-19,2023-07-22,Delivered,UPI,Standard Shipping,0.0,1964.36
497764,45449,2025-12-21,,,Pending,UPI,Express Shipping,0.05,1728.65
26996,48586,2025-10-29,2025-11-01,2025-11-03,Returned,Net Banking,Standard Shipping,0.15,1671.05
101066,75549,2023-11-22,2023-11-23,2023-11-25,Delivered,Credit Card,Priority Overnight,0.05,1785.96
48465,35861,2025-03-09,2025-03-11,2025-03-14,Delivered,Net Banking,Standard Shipping,0.0,1663.93
176185,46536,2025-05-08,2025-05-11,2025-05-13,Delivered,UPI,Standard Shipping,0.0,1509.93
270212,54984,2025-12-29,2025-12-30,2026-01-02,Delivered,Credit Card,Priority Overnight,0.0,853.46
373469,43067,2025-04-17,2025-04-19,2025-04-21,Delivered,Net Banking,Standard Shipping,0.15,1570.66
26367,67518,2023-12-19,2023-12-20,2023-12-23,Delivered,UPI,Standard Shipping,0.1,1689.54
374448,39152,2025-11-01,2025-11-03,2025-11-07,Delivered,Credit Card,Standard Shipping,0.0,1399.96
35557,13000,2025-11-21,2025-11-22,2025-11-25,Delivered,Credit Card,Express Shipping,0.0,1903.98
488878,93389,2025-08-01,2025-08-03,2025-08-05,Delivered,UPI,Standard Shipping,0.0,4322.84
110300,52348,2025-08-09,2025-08-10,2025-08-13,Delivered,Debit Card,Standard Shipping,0.1,1139.17
129164,10959,2025-08-16,2025-08-18,2025-08-22,Delivered,Net Banking,Standard Shipping,0.0,1342.8
235148,82506,2025-11-17,2025-11-18,2025-11-23,Delivered,Wallet,Standard Shipping,0.0,3733.31
341965,3770,2025-03-04,2025-03-05,2025-03-07,Delivered,Debit Card,Standard Shipping,0.0,94.99
89150,42002,2023-04-01,2023-04-02,2023-04-05,Delivered,Wallet,Economy Shipping,0.0,2361.49
389288,76933,2025-12-23,,,Cancelled,Debit Card,Standard Shipping,0.1,1787.22
115822,80397,2022-10-30,,,Pending,Credit Card,Express Shipping,0.0,2447.18
117378,70521,2024-12-28,2024-12-29,2024-12-31,Delivered,Net Banking,Standard Shipping,0.05,2862.16
6653,3519,2025-06-11,2025-06-14,2025-06-16,Delivered,Debit Card,Standard Shipping,0.0,1467.89
125449,84830,2023-09-09,2023-09-10,2023-09-12,Delivered,Credit Card,Standard Shipping,0.1,1322.61
256472,4240,2024-12-19,2024-12-20,2024-12-23,Delivered,Wallet,Express Shipping,0.0,65.98
304456,68168,2025-12-07,2025-12-10,2025-12-15,Delivered,Wallet,Express Shipping,0.05,2045.66
217113,54841,2025-10-15,,,Cancelled,Credit Card,Standard Shipping,0.1,2275.03
178196,63805,2025-11-16,2025-11-18,2025-11-20,Delivered,UPI,Standard Shipping,0.05,1295.45
394204,20514,2023-07-08,2023-07-10,2023-07-12,Delivered,Debit Card,Standard Shipping,0.05,1174.76
223220,65952,2025-09-08,2025-09-10,2025-09-13,Delivered,Debit Card,Economy Shipping,0.0,1961.93
443000,83013,2025-05-20,2025-05-23,2025-05-26,Delivered,UPI,Standard Shipping,0.0,213.74
316158,4152,2025-01-08,2025-01-09,2025-01-14,Delivered,Credit Card,Standard Shipping,0.0,1734.76
212477,25137,2025-08-13,2025-08-14,2025-08-16,Delivered,COD,Express Shipping,0.1,2000.31
219754,83225,2025-11-28,2025-11-29,2025-12-04,Delivered,UPI,Standard Shipping,0.0,1029.69
244401,58515,2025-11-07,2025-11-09,2025-11-12,Delivered,Debit Card,Standard Shipping,0.05,435.62
213456,24896,2025-03-09,2025-03-11,2025-03-13,Delivered,UPI,Economy Shipping,0.0,4441.6
264927,2277,2024-12-15,2024-12-17,2024-12-19,Delivered,UPI,Standard Shipping,0.0,2814.93
10482,94754,2025-06-13,2025-06-15,2025-06-19,Delivered,Debit Card,Priority Overnight,0.1,2290.3
115840,50055,2025-08-08,2025-08-09,2025-08-13,Delivered,Credit Card,Express Shipping,0.0,4091.32
290487,12276,2025-11-25,2025-11-27,2025-11-29,Delivered,Debit Card,Express Shipping,0.0,963.92
336021,78677,2025-07-02,2025-07-04,2025-07-08,Delivered,Debit Card,Express Shipping,0.1,550.17
90219,32825,2025-10-14,2025-10-15,2025-10-18,Delivered,Credit Card,Priority Overnight,0.15,927.92
287479,17673,2025-11-16,2025-11-19,2025-11-21,Delivered,Credit Card,Standard Shipping,0.05,1039.68
157961,96005,2024-06-24,,,Cancelled,Debit Card,Standard Shipping,0.0,3326.38
298555,92781,2025-12-06,2025-12-09,2025-12-12,Delivered,Wallet,Standard Shipping,0.1,1716.37
269387,22861,2024-07-15,,,Cancelled,Wallet,Express Shipping,0.15,1417.99
162399,33144,2025-08-09,2025-08-11,2025-08-14,Delivered,Credit Card,Economy Shipping,0.05,2484.34
294277,17265,2025-12-27,,,Cancelled,Debit Card,Standard Shipping,0.15,1635.05
470872,78960,2025-11-02,2025-11-04,2025-11-07,Delivered,UPI,Standard Shipping,0.05,3010.22
406550,57454,2025-04-12,2025-04-13,2025-04-16,Delivered,Net Banking,Standard Shipping,0.15,655.95
204730,22342,2025-05-12,2025-05-13,2025-05-15,Delivered,Credit Card,Express Shipping,0.0,3165.33
377879,91952,2025-05-07,2025-05-08,2025-05-12,Delivered,Net Banking,Standard Shipping,0.1,1784.33
423750,74580,2025-10-10,2025-10-11,2025-10-13,Returned,Wallet,Standard Shipping,0.2,1213.06
265700,41287,2025-07-19,2025-07-20,2025-07-24,Delivered,Wallet,Express Shipping,0.0,2510.92
147419,81845,2025-06-09,2025-06-10,2025-06-15,Delivered,Wallet,Standard Shipping,0.15,635.92
22183,12309,2024-11-09,2024-11-12,2024-11-15,Delivered,Debit Card,Standard Shipping,0.15,1680.4
230837,33762,2025-12-23,2025-12-24,2025-12-27,Delivered,Net Banking,Express Shipping,0.1,3622.77
351738,12008,2025-03-12,2025-03-14,2025-03-16,Delivered,Debit Card,Standard Shipping,0.15,1900.72
47523,4061,2025-12-20,2025-12-21,2025-12-24,Delivered,Credit Card,Priority Overnight,0.15,2627.77
85548,33444,2025-08-30,2025-08-31,2025-09-04,Delivered,UPI,Standard Shipping,0.0,572.95
366702,55004,2023-06-23,2023-06-25,2023-06-27,Delivered,Credit Card,Standard Shipping,0.05,878.15
345519,56176,2024-11-08,2024-11-11,2024-11-16,Delivered,Credit Card,Standard Shipping,0.15,2151.6
435183,8820,2025-10-05,2025-10-06,2025-10-08,Delivered,Credit Card,Standard Shipping,0.0,1421.14
436481,22535,2022-11-28,2022-11-29,2022-12-01,Delivered,Wallet,Economy Shipping,0.0,1056.93
104774,17912,2024-09-11,2024-09-12,2024-09-15,Delivered,Credit Card,Express Shipping,0.1,3678.24
134779,75607,2024-09-04,2024-09-07,2024-09-09,Delivered,UPI,Standard Shipping,0.0,988.16
27861,47368,2023-11-18,2023-11-19,2023-11-22,Delivered,Debit Card,Standard Shipping,0.0,2330.94
254126,83172,2025-12-14,2025-12-15,2025-12-18,Delivered,UPI,Standard Shipping,0.15,614.57
258953,50149,2022-11-13,2022-11-15,2022-11-18,Delivered,UPI,Standard Shipping,0.0,1688.97
315210,32756,2024-06-26,2024-06-27,2024-07-01,Delivered,Net Banking,Standard Shipping,0.0,1443.01
296882,39339,2025-09-25,2025-09-26,2025-09-28,Delivered,Credit Card,Express Shipping,0.0,174.16
227565,1230,2024-06-24,2024-06-25,2024-06-27,Delivered,Credit Card,Standard Shipping,0.05,2515.58
290483,14583,2025-10-28,2025-10-29,2025-10-31,Delivered,COD,Standard Shipping,0.0,7002.92
447901,14944,2025-07-12,2025-07-13,2025-07-16,Delivered,Credit Card,Express Shipping,0.0,1067.33
442963,67680,2025-11-25,2025-11-27,2025-12-01,Delivered,Debit Card,Express Shipping,0.2,1444.87
431447,84147,2024-12-17,2024-12-18,2024-12-20,Delivered,Credit Card,Standard Shipping,0.2,2962.91
432287,68552,2024-12-15,2024-12-16,2024-12-21,Delivered,COD,Express Shipping,0.05,534.33
368960,77146,2025-10-25,2025-10-27,2025-10-30,Delivered,Debit Card,Express Shipping,0.0,1717.18
150674,10366,2023-12-28,2023-12-29,2023-12-31,Delivered,Credit Card,Express Shipping,0.1,878.35
179515,64722,2024-07-23,,,Pending,Credit Card,Express Shipping,0.2,2762.3
8078,89785,2025-07-01,2025-07-03,2025-07-07,Delivered,Credit Card,Economy Shipping,0.0,607.96
378173,10792,2024-02-13,2024-02-14,2024-02-19,Delivered,Credit Card,Economy Shipping,0.05,67.44
137229,1353,2024-09-20,2024-09-22,2024-09-25,Delivered,Credit Card,Express Shipping,0.15,519.16
282952,45499,2025-11-18,2025-11-19,2025-11-22,Delivered,Net Banking,Standard Shipping,0.0,2020.55
498707,79467,2025-09-28,2025-09-29,2025-10-02,Delivered,COD,Express Shipping,0.1,1581.02
178252,40819,2025-12-19,2025-12-21,2025-12-24,Delivered,Wallet,Standard Shipping,0.1,847.75
383213,28419,2025-05-01,2025-05-04,2025-05-07,Delivered,UPI,Standard Shipping,0.15,1270.61
325061,28950,2024-07-15,2024-07-17,2024-07-19,Delivered,Credit Card,Standard Shipping,0.2,4032.71
448868,25196,2023-10-01,2023-10-02,2023-10-05,Delivered,Net Banking,Priority Overnight,0.2,920.71
48047,98601,2025-09-02,2025-09-04,2025-09-06,Delivered,Wallet,Express Shipping,0.1,1353.26
301854,5550,2025-12-18,2025-12-19,2025-12-24,Delivered,Credit Card,Economy Shipping,0.0,2314.28
474538,69164,2025-05-17,2025-05-18,2025-05-22,Delivered,Credit Card,Standard Shipping,0.0,490.98
392115,37767,2022-08-20,2022-08-21,2022-08-24,Returned,Net Banking,Priority Overnight,0.05,1098.96
420272,7289,2024-07-20,2024-07-22,2024-07-26,Delivered,COD,Standard Shipping,0.0,1290.13
51635,9399,2024-04-05,2024-04-06,2024-04-08,Delivered,Debit Card,Standard Shipping,0.0,1036.92
330624,88579,2025-03-21,2025-03-23,2025-03-28,Delivered,Credit Card,Standard Shipping,0.1,184.47
150133,80883,2025-06-17,2025-06-20,2025-06-24,Delivered,UPI,Standard Shipping,0.05,1373.89
133164,30456,2023-06-02,2023-06-04,2023-06-08,Delivered,Debit Card,Standard Shipping,0.15,1017.73
306628,97734,2025-08-07,2025-08-09,2025-08-11,Delivered,Credit Card,Express Shipping,0.1,1011.96
472878,70439,2023-12-23,,,Cancelled,Credit Card,Standard Shipping,0.0,1091.98
130742,15393,2023-12-14,2023-12-15,2023-12-20,Delivered,Net Banking,Express Shipping,0.15,7021.68
381412,65284,2024-08-16,2024-08-17,2024-08-20,Delivered,Net Banking,Express Shipping,0.1,2998.76
62418,52036,2024-11-26,2024-11-27,2024-12-01,Delivered,UPI,Economy Shipping,0.0,4399.29
91615,87977,2025-06-22,2025-06-23,2025-06-25,Delivered,UPI,Standard Shipping,0.0,3004.1
353182,82665,2022-12-07,2022-12-08,2022-12-11,Delivered,Credit Card,Economy Shipping,0.1,1333.35
119326,56713,2025-01-21,2025-01-22,2025-01-25,Delivered,Credit Card,Standard Shipping,0.0,6150.61
430901,66042,2025-11-03,2025-11-04,2025-11-06,Delivered,COD,Standard Shipping,0.05,3366.08
90039,11066,2024-09-28,2024-09-30,2024-10-04,Delivered,Credit Card,Express Shipping,0.0,1112.4
468371,23179,2022-07-03,2022-07-06,2022-07-09,Delivered,Debit Card,Express Shipping,0.1,2087.38
365381,84406,2023-08-20,2023-08-21,2023-08-23,Delivered,Debit Card,Standard Shipping,0.0,768.41
229559,74232,2024-06-27,2024-06-29,2024-07-04,Delivered,UPI,Priority Overnight,0.05,983.42
147412,66748,2023-01-14,2023-01-15,2023-01-19,Delivered,Wallet,Express Shipping,0.0,3963.01
238313,3111,2024-12-21,2024-12-23,2024-12-26,Delivered,Wallet,Express Shipping,0.1,6496.71
301131,17376,2025-05-07,2025-05-09,2025-05-11,Delivered,Credit Card,Priority Overnight,0.0,1823.66
277354,15999,2025-12-14,2025-12-16,2025-12-20,Delivered,UPI,Express Shipping,0.05,1012.02
409908,15155,2023-11-20,2023-11-22,2023-11-26,Delivered,COD,Priority Overnight,0.0,3629.99
69295,83227,2025-09-26,2025-09-28,2025-09-30,Delivered,UPI,Express Shipping,0.15,2015.16
376014,96941,2025-11-06,2025-11-08,2025-11-11,Delivered,Credit Card,Standard Shipping,0.05,4161.32
336386,45167,2025-08-22,2025-08-25,2025-08-28,Delivered,Credit Card,Economy Shipping,0.05,517.47
467525,10568,2025-03-13,2025-03-14,2025-03-16,Delivered,Wallet,Economy Shipping,0.0,2073.63
87150,2428,2025-01-05,2025-01-06,2025-01-09,Delivered,Credit Card,Express Shipping,0.0,3181.04
271079,48191,2022-05-12,2022-05-13,2022-05-15,Delivered,Credit Card,Standard Shipping,0.1,1961.72
150262,20549,2025-11-07,2025-11-10,2025-11-15,Delivered,Credit Card,Standard Shipping,0.1,847.9
396286,86763,2022-11-25,2022-11-28,2022-11-30,Delivered,Net Banking,Standard Shipping,0.1,1349.55
331429,95114,2025-11-13,2025-11-15,2025-11-18,Delivered,UPI,Economy Shipping,0.15,2609.48
38957,63011,2023-08-11,2023-08-12,2023-08-17,Delivered,Credit Card,Express Shipping,0.0,1016.96
15774,25445,2025-10-01,2025-10-02,2025-10-04,Delivered,COD,Standard Shipping,0.05,746.68
354977,6072,2025-12-16,2025-12-17,2025-12-19,Delivered,Debit Card,Express Shipping,0.0,1345.3
372505,17648,2025-02-20,2025-02-22,2025-02-25,Delivered,Debit Card,Express Shipping,0.1,395.68
292596,6950,2025-05-14,2025-05-15,2025-05-20,Delivered,Debit Card,Express Shipping,0.15,871.14
139416,25959,2025-12-29,2025-12-31,2026-01-03,Returned,Debit Card,Standard Shipping,0.0,2775.88
8342,33408,2025-03-22,2025-03-24,2025-03-27,Delivered,Credit Card,Standard Shipping,0.1,2315.02
169708,72042,2024-06-12,2024-06-14,2024-06-16,Delivered,UPI,Standard Shipping,0.0,1280.38
433389,46233,2024-08-31,2024-09-02,2024-09-05,Delivered,Wallet,Standard Shipping,0.2,576.79
227076,36395,2025-12-13,2025-12-14,2025-12-16,Delivered,Credit Card,Standard Shipping,0.0,2091.82
442622,67686,2025-11-15,2025-11-16,2025-11-18,Delivered,Net Banking,Economy Shipping,0.0,5519.47
68490,43234,2022-08-29,2022-08-30,2022-09-03,Delivered,Net Banking,Standard Shipping,0.0,1690.55
424433,17907,2025-05-21,2025-05-22,2025-05-24,Returned,Credit Card,Standard Shipping,0.0,2679.96
415931,85910,2024-08-31,2024-09-01,2024-09-04,Delivered,Debit Card,Standard Shipping,0.0,673.13
375955,6439,2024-10-29,2024-10-30,2024-11-01,Delivered,Wallet,Standard Shipping,0.05,4028.26
357485,35847,2025-11-18,2025-11-19,2025-11-21,Delivered,COD,Express Shipping,0.0,1731.84
424686,14864,2025-11-25,2025-11-26,2025-11-30,Delivered,Debit Card,Standard Shipping,0.2,623.69
8650,30680,2023-03-23,2023-03-24,2023-03-27,Delivered,Credit Card,Economy Shipping,0.1,3208.99
74548,41421,2024-10-09,2024-10-12,2024-10-16,Delivered,Credit Card,Standard Shipping,0.1,2804.0
354799,91904,2023-10-27,2023-10-28,2023-10-31,Delivered,Debit Card,Express Shipping,0.0,1809.95
405040,24588,2025-12-15,2025-12-17,2025-12-19,Delivered,Credit Card,Standard Shipping,0.1,620.91
230413,93399,2025-08-20,2025-08-21,2025-08-25,Delivered,UPI,Standard Shipping,0.15,1456.45
250088,25511,2025-09-28,2025-09-29,2025-10-01,Delivered,Debit Card,Standard Shipping,0.0,347.45
283531,49193,2025-11-28,2025-11-30,2025-12-04,Delivered,Net Banking,Priority Overnight,0.0,1993.69
339001,62093,2025-06-20,2025-06-21,2025-06-23,Returned,UPI,Priority Overnight,0.0,3104.84
470141,80219,2024-08-31,2024-09-03,2024-09-05,Delivered,Debit Card,Express Shipping,0.0,556.73
173732,36609,2024-06-04,,,Cancelled,Net Banking,Express Shipping,0.0,1265.17
351655,93965,2025-12-06,,,Cancelled,Credit Card,Standard Shipping,0.15,959.94
56320,92386,2023-05-19,2023-05-22,2023-05-25,Delivered,Credit Card,Priority Overnight,0.05,3632.8
142485,486,2025-11-15,2025-11-16,2025-11-19,Delivered,Credit Card,Standard Shipping,0.05,538.38
194068,36319,2025-07-18,2025-07-20,2025-07-24,Delivered,Debit Card,Express Shipping,0.05,975.65
410319,97790,2025-10-03,2025-10-04,2025-10-09,Delivered,Net Banking,Standard Shipping,0.0,3412.07
140329,54069,2025-08-26,2025-08-27,2025-08-30,Returned,Credit Card,Economy Shipping,0.0,12.74
42494,81158,2025-12-12,2025-12-13,2025-12-15,Delivered,Credit Card,Standard Shipping,0.15,1992.52
355136,90677,2024-12-23,2024-12-24,2024-12-26,Delivered,Credit Card,Standard Shipping,0.05,3919.14
440963,19901,2025-07-10,2025-07-12,2025-07-16,Delivered,Debit Card,Express Shipping,0.0,1265.25
37419,77175,2025-05-08,2025-05-11,2025-05-14,Delivered,Wallet,Standard Shipping,0.05,333.68
325366,13247,2025-05-29,2025-05-30,2025-06-01,Delivered,Net Banking,Priority Overnight,0.0,1802.95
151104,90820,2025-01-04,2025-01-06,2025-01-08,Delivered,Credit Card,Express Shipping,0.0,3888.63
74346,79006,2025-08-27,2025-08-28,2025-08-30,Delivered,COD,Standard Shipping,0.05,81.33
62341,81733,2025-03-24,2025-03-26,2025-03-29,Delivered,COD,Standard Shipping,0.1,2277.29
396686,74412,2025-09-19,2025-09-20,2025-09-23,Delivered,UPI,Standard Shipping,0.0,830.56
29360,78757,2024-11-22,2024-11-24,2024-11-28,Delivered,Credit Card,Standard Shipping,0.05,1826.88
285046,83776,2024-12-16,2024-12-17,2024-12-20,Delivered,Net Banking,Standard Shipping,0.1,1745.05
70664,66066,2024-05-08,2024-05-10,2024-05-14,Delivered,Net Banking,Standard Shipping,0.0,139.99
226088,50120,2025-08-28,2025-08-30,2025-09-01,Delivered,Credit Card,Economy Shipping,0.0,2402.94
280743,99040,2025-06-24,2025-06-26,2025-06-28,Delivered,Debit Card,Express Shipping,0.2,1485.16
155850,27042,2025-09-10,2025-09-11,2025-09-13,Delivered,Credit Card,Economy Shipping,0.05,1258.94
168801,14546,2025-05-03,2025-05-06,2025-05-08,Delivered,Debit Card,Standard Shipping,0.2,741.58
47483,41454,2024-07-15,2024-07-17,2024-07-21,Delivered,Credit Card,Standard Shipping,0.0,3896.52
93130,59492,2024-11-21,2024-11-23,2024-11-27,Delivered,Debit Card,Standard Shipping,0.05,1401.93
466799,17086,2025-01-31,2025-02-02,2025-02-06,Delivered,Debit Card,Priority Overnight,0.0,1064.94
440355,25975,2023-07-13,2023-07-14,2023-07-19,Delivered,Credit Card,Standard Shipping,0.0,480.72
145098,98217,2025-11-05,2025-11-07,2025-11-09,Delivered,Debit Card,Standard Shipping,0.1,1790.85
123838,37192,2025-10-20,2025-10-23,2025-10-28,Delivered,Credit Card,Express Shipping,0.0,958.87
310261,68976,2025-10-02,2025-10-04,2025-10-06,Delivered,UPI,Standard Shipping,0.05,1435.07
44799,44360,2024-02-29,2024-03-02,2024-03-04,Delivered,UPI,Standard Shipping,0.0,239.78
365198,23835,2025-11-17,,,Pending,Credit Card,Standard Shipping,0.0,2312.95
218882,81680,2025-10-01,2025-10-03,2025-10-07,Delivered,Debit Card,Standard Shipping,0.0,1102.38
295655,15890,2025-10-29,2025-10-30,2025-11-02,Delivered,UPI,Standard Shipping,0.0,3251.64
464700,2193,2024-11-07,2024-11-08,2024-11-10,Delivered,Debit Card,Priority Overnight,0.0,5008.39
465150,79470,2025-03-06,,,Pending,Debit Card,Standard Shipping,0.0,1828.96
116647,2841,2025-05-08,2025-05-10,2025-05-13,Delivered,COD,Express Shipping,0.2,906.87
419808,99477,2024-12-23,2024-12-25,2024-12-27,Delivered,Credit Card,Economy Shipping,0.0,2548.95
86667,83200,2024-02-21,2024-02-23,2024-02-25,Delivered,Credit Card,Standard Shipping,0.0,4604.94
346801,87419,2025-01-23,2025-01-25,2025-01-28,Delivered,Credit Card,Standard Shipping,0.0,2515.45
308170,25709,2024-09-16,2024-09-17,2024-09-20,Delivered,Net Banking,Express Shipping,0.1,606.38
490754,97943,2025-11-09,2025-11-10,2025-11-14,Delivered,Credit Card,Express Shipping,0.0,2793.41
4823,88608,2025-11-03,2025-11-05,2025-11-08,Delivered,Debit Card,Standard Shipping,0.1,1733.09
489942,29023,2025-04-09,2025-04-11,2025-04-14,Delivered,Net Banking,Express Shipping,0.15,2596.17
340213,98252,2024-11-21,2024-11-22,2024-11-25,Delivered,Credit Card,Standard Shipping,0.0,2238.47
451729,54607,2025-10-28,2025-10-29,2025-11-01,Delivered,Credit Card,Priority Overnight,0.05,4202.32
244899,96589,2025-06-17,,,Cancelled,Credit Card,Economy Shipping,0.05,465.21
33915,98381,2024-11-19,2024-11-20,2024-11-22,Delivered,Debit Card,Economy Shipping,0.0,2752.35
201049,97292,2024-05-26,2024-05-27,2024-05-29,Delivered,COD,Economy Shipping,0.1,4145.02
427597,1560,2025-04-16,2025-04-17,2025-04-20,Delivered,Credit Card,Standard Shipping,0.0,1461.28
224526,58322,2024-04-22,2024-04-23,2024-04-26,Delivered,Credit Card,Standard Shipping,0.05,3528.64
192578,97440,2025-10-25,2025-10-26,2025-10-28,Returned,Debit Card,Express Shipping,0.0,4241.95
420637,95248,2025-12-27,2025-12-28,2025-12-31,Delivered,Credit Card,Standard Shipping,0.0,1172.02
439982,82399,2024-11-09,2024-11-11,2024-11-13,Delivered,Net Banking,Priority Overnight,0.2,1820.08
35450,49296,2024-02-06,2024-02-07,2024-02-11,Delivered,COD,Express Shipping,0.0,594.97
240069,35069,2025-09-22,2025-09-24,2025-09-27,Delivered,Credit Card,Express Shipping,0.05,2359.86
442640,89433,2025-11-24,2025-11-26,2025-11-29,Returned,Wallet,Standard Shipping,0.0,383.97
88477,55750,2025-12-31,2026-01-02,2026-01-06,Delivered,Wallet,Standard Shipping,0.1,859.75
461841,43820,2024-04-09,2024-04-12,2024-04-14,Delivered,Credit Card,Standard Shipping,0.2,228.38
432026,14577,2023-10-07,2023-10-08,2023-10-10,Delivered,UPI,Standard Shipping,0.0,3991.68
36016,42554,2025-10-30,2025-11-01,2025-11-04,Delivered,Credit Card,Standard Shipping,0.05,1939.69
421582,94396,2025-12-14,2025-12-15,2025-12-17,Delivered,Debit Card,Express Shipping,0.0,1884.74
243024,41049,2024-07-30,2024-07-31,2024-08-02,Delivered,COD,Standard Shipping,0.0,2482.73
225577,70752,2023-05-18,2023-05-19,2023-05-23,Delivered,Debit Card,Express Shipping,0.0,1506.68
285735,45367,2025-10-20,2025-10-22,2025-10-24,Returned,Credit Card,Standard Shipping,0.0,3675.47
187533,56629,2024-07-13,2024-07-15,2024-07-17,Returned,Credit Card,Standard Shipping,0.1,3833.32
134160,53774,2023-08-30,2023-08-31,2023-09-03,Delivered,Credit Card,Express Shipping,0.0,1967.25
440340,56567,2025-10-19,2025-10-20,2025-10-22,Delivered,Credit Card,Express Shipping,0.15,4442.81
205753,19640,2025-09-11,2025-09-12,2025-09-15,Delivered,Credit Card,Standard Shipping,0.0,334.96
491702,83424,2025-11-25,2025-11-26,2025-11-29,Delivered,Credit Card,Priority Overnight,0.0,267.99
446144,46998,2024-12-26,2024-12-27,2024-12-29,Delivered,Credit Card,Standard Shipping,0.1,1570.74
130892,45527,2024-09-11,2024-09-12,2024-09-14,Delivered,Credit Card,Standard Shipping,0.0,621.98
279066,35052,2025-08-28,2025-08-29,2025-09-01,Delivered,Credit Card,Express Shipping,0.0,3173.78
447466,86738,2022-12-26,2022-12-27,2023-01-01,Delivered,Debit Card,Standard Shipping,0.0,5428.9
44520,20907,2025-08-20,2025-08-22,2025-08-25,Delivered,Credit Card,Standard Shipping,0.0,527.58
305475,68988,2025-08-26,2025-08-27,2025-08-30,Delivered,Credit Card,Standard Shipping,0.05,646.91
368669,3059,2022-11-26,,,Cancelled,COD,Express Shipping,0.15,1581.61
406201,6639,2025-09-15,2025-09-16,2025-09-20,Delivered,UPI,Express Shipping,0.05,938.25
239083,52576,2025-12-19,2025-12-21,2025-12-26,Returned,Credit Card,Priority Overnight,0.1,1414.6
15898,44593,2023-08-17,2023-08-20,2023-08-25,Delivered,Credit Card,Standard Shipping,0.15,1038.32
78539,79202,2024-07-15,2024-07-16,2024-07-19,Delivered,Debit Card,Express Shipping,0.05,1974.93
355081,85167,2024-11-10,,,Cancelled,Debit Card,Priority Overnight,0.0,257.44
219193,82194,2025-03-05,2025-03-07,2025-03-09,Delivered,Debit Card,Standard Shipping,0.05,1940.07
230323,8691,2025-02-23,2025-02-25,2025-02-28,Delivered,Debit Card,Standard Shipping,0.05,1127.25
370567,27585,2024-03-19,2024-03-21,2024-03-24,Delivered,Debit Card,Standard Shipping,0.0,2563.13
303937,70762,2025-12-28,2025-12-31,2026-01-03,Delivered,Debit Card,Economy Shipping,0.0,1542.67
182888,40114,2024-04-04,2024-04-05,2024-04-08,Delivered,Net Banking,Standard Shipping,0.0,1014.12
41382,93050,2024-09-23,2024-09-26,2024-09-30,Delivered,Net Banking,Standard Shipping,0.1,270.88
297338,23719,2025-11-02,2025-11-04,2025-11-09,Delivered,Credit Card,Express Shipping,0.05,1243.7
143688,76350,2024-05-07,2024-05-09,2024-05-12,Delivered,Wallet,Standard Shipping,0.05,832.72
381911,60112,2025-12-12,2025-12-14,2025-12-16,Delivered,Credit Card,Standard Shipping,0.15,311.48
30973,41409,2024-01-22,2024-01-23,2024-01-27,Delivered,Net Banking,Priority Overnight,0.0,5840.42
321786,14760,2024-12-24,2024-12-25,2024-12-28,Delivered,Credit Card,Express Shipping,0.05,558.56
152585,70777,2025-11-20,2025-11-21,2025-11-23,Delivered,Wallet,Priority Overnight,0.1,1694.5
114006,26883,2024-12-31,2025-01-02,2025-01-05,Delivered,COD,Standard Shipping,0.05,654.98
211019,37909,2025-11-28,2025-11-29,2025-12-03,Delivered,Credit Card,Express Shipping,0.05,1762.65
232511,61041,2025-06-16,2025-06-18,2025-06-22,Delivered,Net Banking,Express Shipping,0.0,831.2
74664,43817,2024-02-16,2024-02-17,2024-02-20,Returned,Credit Card,Standard Shipping,0.05,2854.09
295976,19432,2025-11-21,2025-11-22,2025-11-25,Delivered,UPI,Express Shipping,0.0,750.99
491224,49299,2025-06-18,2025-06-19,2025-06-22,Delivered,Debit Card,Priority Overnight,0.1,3310.14
467907,35130,2024-08-15,2024-08-17,2024-08-19,Delivered,Credit Card,Standard Shipping,0.0,865.05
336974,45388,2025-08-28,2025-08-29,2025-09-01,Delivered,Credit Card,Standard Shipping,0.15,3416.23
331946,13111,2025-07-30,2025-07-31,2025-08-03,Delivered,COD,Priority Overnight,0.05,4496.62
335107,82790,2025-12-10,2025-12-12,2025-12-15,Delivered,Credit Card,Standard Shipping,0.0,416.13
63931,44419,2025-10-28,2025-10-30,2025-11-04,Delivered,Credit Card,Standard Shipping,0.0,1705.75
423118,54073,2025-01-30,2025-01-31,2025-02-04,Delivered,UPI,Standard Shipping,0.0,1968.74
280705,51028,2025-12-14,2025-12-16,2025-12-18,Delivered,Credit Card,Standard Shipping,0.0,7112.88
479363,88112,2025-10-26,2025-10-28,2025-10-30,Delivered,Debit Card,Express Shipping,0.0,414.66
333631,90361,2025-01-22,2025-01-24,2025-01-26,Delivered,Debit Card,Standard Shipping,0.1,2106.75
496937,92081,2025-10-13,2025-10-14,2025-10-16,Delivered,Credit Card,Standard Shipping,0.05,1702.13
428065,92223,2025-04-10,2025-04-11,2025-04-15,Delivered,Credit Card,Priority Overnight,0.05,1350.82
372755,91517,2025-10-08,2025-10-09,2025-10-14,Delivered,Net Banking,Standard Shipping,0.0,809.97
200785,3414,2025-12-23,2025-12-24,2025-12-27,Delivered,Debit Card,Standard Shipping,0.05,1045.99
422008,24000,2024-05-09,2024-05-10,2024-05-12,Delivered,UPI,Standard Shipping,0.0,3376.14
316732,47137,2025-04-13,2025-04-14,2025-04-19,Delivered,Credit Card,Standard Shipping,0.05,627.96
56506,20187,2025-12-22,,,Cancelled,UPI,Express Shipping,0.05,353.22
474109,25645,2025-09-27,2025-09-30,2025-10-02,Delivered,Debit Card,Standard Shipping,0.1,1403.95
108901,41100,2023-03-16,2023-03-18,2023-03-20,Delivered,Credit Card,Express Shipping,0.15,6328.38
392674,48997,2025-06-01,2025-06-03,2025-06-07,Delivered,Wallet,Standard Shipping,0.0,4464.15
397815,88105,2025-10-11,2025-10-12,2025-10-17,Delivered,Debit Card,Priority Overnight,0.1,1745.44
206166,47675,2025-03-30,2025-03-31,2025-04-02,Delivered,UPI,Express Shipping,0.15,679.98
398485,67440,2025-12-24,2025-12-25,2025-12-28,Delivered,Credit Card,Standard Shipping,0.1,2649.81
179983,85174,2025-03-24,2025-03-26,2025-03-28,Delivered,Credit Card,Standard Shipping,0.0,914.06
28991,24916,2025-10-07,2025-10-08,2025-10-12,Delivered,Debit Card,Standard Shipping,0.0,2598.91
376353,3370,2025-11-19,2025-11-20,2025-11-23,Delivered,UPI,Standard Shipping,0.05,5387.25
233275,79815,2025-11-21,2025-11-23,2025-11-25,Delivered,UPI,Standard Shipping,0.15,1244.29
66430,28928,2025-12-04,,,Cancelled,Debit Card,Express Shipping,0.0,5877.22
423113,39046,2024-12-16,2024-12-19,2024-12-23,Delivered,COD,Standard Shipping,0.1,1110.54
342454,44866,2025-09-06,2025-09-07,2025-09-09,Delivered,Debit Card,Standard Shipping,0.05,1739.25
416126,82343,2024-11-16,2024-11-17,2024-11-20,Delivered,Wallet,Express Shipping,0.0,634.61
34269,95144,2025-09-29,2025-10-01,2025-10-04,Delivered,Debit Card,Standard Shipping,0.0,2263.52
348740,10926,2023-04-10,2023-04-11,2023-04-15,Delivered,UPI,Standard Shipping,0.0,1969.77
249758,85999,2025-11-18,2025-11-19,2025-11-22,Delivered,Credit Card,Express Shipping,0.0,1722.72
173949,16592,2025-03-17,2025-03-19,2025-03-21,Delivered,Credit Card,Standard Shipping,0.0,2432.65
245459,92195,2025-01-08,2025-01-10,2025-01-12,Delivered,Credit Card,Standard Shipping,0.0,8180.93
47522,61473,2024-12-23,2024-12-25,2024-12-29,Delivered,Credit Card,Standard Shipping,0.0,2393.25
313494,60211,2025-12-15,2025-12-17,2025-12-21,Delivered,Net Banking,Standard Shipping,0.0,246.59
193763,60751,2025-06-18,2025-06-19,2025-06-23,Delivered,Credit Card,Standard Shipping,0.0,1417.13
247133,87091,2025-02-12,2025-02-14,2025-02-17,Delivered,Wallet,Standard Shipping,0.0,1982.14
117264,30587,2025-10-22,2025-10-23,2025-10-27,Delivered,UPI,Standard Shipping,0.0,772.98
22071,72445,2024-11-30,2024-12-03,2024-12-07,Delivered,Credit Card,Standard Shipping,0.15,1068.9
358807,73022,2024-08-03,2024-08-06,2024-08-08,Delivered,Credit Card,Standard Shipping,0.15,1018.61
387595,93793,2025-03-26,2025-03-28,2025-04-02,Returned,Debit Card,Standard Shipping,0.0,1099.57
29137,17551,2025-05-26,2025-05-27,2025-05-29,Delivered,Debit Card,Standard Shipping,0.0,760.05
17246,90288,2025-12-16,2025-12-18,2025-12-20,Delivered,Debit Card,Standard Shipping,0.0,591.99
113405,50726,2022-11-13,2022-11-14,2022-11-16,Delivered,Debit Card,Priority Overnight,0.0,1678.64
302734,58132,2024-05-13,2024-05-15,2024-05-19,Delivered,Credit Card,Priority Overnight,0.05,1140.61
106278,1123,2024-11-29,2024-12-01,2024-12-04,Delivered,UPI,Express Shipping,0.1,669.05
280474,74743,2022-05-19,2022-05-21,2022-05-24,Delivered,Debit Card,Express Shipping,0.0,1183.54
136829,78017,2025-10-27,2025-10-29,2025-11-01,Delivered,UPI,Express Shipping,0.2,2637.54
281548,75338,2024-02-10,2024-02-11,2024-02-16,Delivered,Debit Card,Standard Shipping,0.1,4967.13
160299,54011,2025-03-12,2025-03-14,2025-03-17,Delivered,Credit Card,Standard Shipping,0.05,1241.62
346523,7268,2025-11-02,2025-11-03,2025-11-05,Delivered,UPI,Standard Shipping,0.05,141.59
4047,37853,2025-09-07,2025-09-09,2025-09-12,Delivered,Credit Card,Economy Shipping,0.05,504.08
275611,22919,2024-05-11,2024-05-12,2024-05-14,Delivered,COD,Standard Shipping,0.1,1109.17
163878,25091,2025-07-24,2025-07-26,2025-07-30,Delivered,Debit Card,Standard Shipping,0.0,1731.16
357242,77962,2025-05-29,,,Cancelled,UPI,Standard Shipping,0.05,833.77
292722,46566,2025-12-15,2025-12-16,2025-12-19,Delivered,Debit Card,Standard Shipping,0.05,2128.31
184686,94063,2025-12-18,2025-12-19,2025-12-22,Delivered,COD,Priority Overnight,0.0,763.98
420513,26565,2025-12-19,2025-12-20,2025-12-22,Delivered,Credit Card,Standard Shipping,0.05,1427.8
141529,54260,2025-11-20,2025-11-21,2025-11-26,Delivered,Net Banking,Express Shipping,0.1,3111.95
332548,872,2025-07-06,2025-07-09,2025-07-14,Delivered,COD,Priority Overnight,0.05,1697.51
14378,12402,2024-11-09,2024-11-11,2024-11-15,Delivered,Credit Card,Standard Shipping,0.2,887.2
158665,36970,2025-08-28,2025-08-31,2025-09-04,Delivered,Net Banking,Standard Shipping,0.0,3718.72
188556,99218,2025-05-19,2025-05-20,2025-05-24,Delivered,Credit Card,Standard Shipping,0.0,480.93
355091,85285,2023-11-09,,,Cancelled,COD,Express Shipping,0.0,901.11
112233,74087,2025-03-17,2025-03-19,2025-03-22,Delivered,Credit Card,Priority Overnight,0.0,775.42
231112,82215,2025-07-09,2025-07-11,2025-07-14,Delivered,UPI,Standard Shipping,0.05,1820.29
167188,18827,2025-08-21,2025-08-22,2025-08-25,Delivered,Debit Card,Standard Shipping,0.1,2608.63
47912,63864,2025-10-27,2025-10-30,2025-11-01,Delivered,Debit Card,Express Shipping,0.05,2848.73
151239,33293,2025-11-13,2025-11-15,2025-11-17,Delivered,UPI,Standard Shipping,0.0,3941.95
146604,48736,2025-07-11,2025-07-12,2025-07-17,Delivered,Credit Card,Standard Shipping,0.0,4703.23
273875,79567,2025-09-25,2025-09-28,2025-10-01,Delivered,Net Banking,Priority Overnight,0.0,847.91
279314,39757,2025-06-28,2025-06-29,2025-07-01,Delivered,Credit Card,Express Shipping,0.05,640.25
211398,96820,2023-05-16,2023-05-18,2023-05-21,Delivered,UPI,Standard Shipping,0.0,2129.94
314707,45649,2025-11-23,2025-11-24,2025-11-26,Delivered,Debit Card,Express Shipping,0.2,1338.27
276844,3688,2025-06-19,,,Pending,Credit Card,Express Shipping,0.0,776.83
377235,70409,2025-11-16,2025-11-17,2025-11-19,Delivered,UPI,Priority Overnight,0.0,2622.04
174482,46577,2025-06-02,2025-06-04,2025-06-08,Delivered,Credit Card,Standard Shipping,0.0,2300.92
70516,57085,2024-01-29,2024-01-31,2024-02-04,Delivered,Net Banking,Express Shipping,0.05,2507.87
106264,40887,2025-06-18,2025-06-21,2025-06-23,Delivered,Net Banking,Priority Overnight,0.05,960.06
158993,51349,2024-07-06,2024-07-09,2024-07-11,Delivered,Debit Card,Standard Shipping,0.2,1498.39
433457,64147,2025-11-16,2025-11-18,2025-11-20,Delivered,Net Banking,Express Shipping,0.0,606.28
142167,97813,2024-06-08,2024-06-09,2024-06-12,Delivered,COD,Express Shipping,0.0,863.98
295502,61881,2024-11-18,2024-11-19,2024-11-21,Delivered,UPI,Standard Shipping,0.0,3236.94
50631,43093,2025-11-02,2025-11-05,2025-11-10,Delivered,Debit Card,Standard Shipping,0.0,5676.01
223131,40645,2025-10-22,2025-10-23,2025-10-25,Delivered,Credit Card,Standard Shipping,0.1,2719.15
235767,37302,2022-12-15,2022-12-16,2022-12-18,Delivered,Debit Card,Express Shipping,0.0,1268.39
390562,18581,2024-10-16,2024-10-18,2024-10-20,Delivered,Credit Card,Express Shipping,0.05,1892.29
165856,1530,2025-10-29,2025-10-30,2025-11-01,Delivered,Credit Card,Priority Overnight,0.0,3858.26
16320,899,2025-04-14,2025-04-16,2025-04-18,Delivered,Credit Card,Standard Shipping,0.0,3007.13
89975,77653,2025-02-14,2025-02-15,2025-02-19,Delivered,Wallet,Express Shipping,0.0,1316.95
294720,7693,2025-07-12,2025-07-14,2025-07-16,Delivered,UPI,Express Shipping,0.0,1181.96
390668,88612,2024-11-29,2024-12-01,2024-12-03,Delivered,Debit Card,Standard Shipping,0.0,3204.69
442539,26473,2023-09-24,2023-09-25,2023-09-29,Returned,Debit Card,Express Shipping,0.1,3056.73
15237,82468,2025-04-07,2025-04-09,2025-04-11,Delivered,COD,Standard Shipping,0.2,1907.11
145582,29528,2025-03-09,,,Cancelled,Debit Card,Express Shipping,0.0,660.78
420953,53507,2024-07-14,2024-07-15,2024-07-20,Returned,UPI,Standard Shipping,0.1,3104.37
213598,74817,2025-09-16,2025-09-17,2025-09-19,Delivered,Credit Card,Express Shipping,0.0,5378.95
279201,78691,2025-11-10,2025-11-11,2025-11-13,Delivered,Debit Card,Standard Shipping,0.15,1002.46
64872,53774,2023-09-09,2023-09-10,2023-09-12,Delivered,Wallet,Express Shipping,0.15,1079.2
427148,7293,2024-03-10,2024-03-12,2024-03-14,Delivered,Debit Card,Standard Shipping,0.05,902.6
320495,91435,2025-12-27,2025-12-28,2025-12-30,Delivered,Net Banking,Express Shipping,0.0,2006.91
73165,97147,2024-09-26,2024-09-27,2024-09-30,Delivered,UPI,Express Shipping,0.0,3357.59
131920,20998,2025-10-08,2025-10-09,2025-10-11,Delivered,Credit Card,Economy Shipping,0.15,996.15
144096,81527,2025-06-07,2025-06-10,2025-06-13,Delivered,Credit Card,Economy Shipping,0.0,1064.21
243256,71878,2025-07-11,2025-07-12,2025-07-15,Delivered,Debit Card,Express Shipping,0.1,463.27
304962,79447,2025-12-05,2025-12-06,2025-12-08,Delivered,Credit Card,Standard Shipping,0.1,6477.57
147861,42500,2024-11-28,,,Pending,Credit Card,Standard Shipping,0.0,1537.31
444185,43903,2023-09-17,2023-09-18,2023-09-20,Returned,Credit Card,Priority Overnight,0.05,629.58
172628,49984,2023-12-23,2023-12-24,2023-12-29,Delivered,UPI,Express Shipping,0.05,2050.93
70102,14564,2024-11-25,,,Cancelled,Credit Card,Express Shipping,0.1,21.59
240966,29871,2023-04-17,2023-04-18,2023-04-22,Delivered,UPI,Standard Shipping,0.1,1757.41
35048,99103,2025-04-29,2025-04-30,2025-05-02,Delivered,UPI,Express Shipping,0.0,2044.9
364309,61531,2025-11-13,2025-11-14,2025-11-19,Delivered,UPI,Standard Shipping,0.1,338.06
423598,31886,2025-11-04,2025-11-06,2025-11-08,Delivered,Wallet,Express Shipping,0.0,421.77
460840,86389,2025-06-27,2025-06-29,2025-07-02,Delivered,Credit Card,Express Shipping,0.0,2883.96
447648,85039,2025-03-04,2025-03-06,2025-03-09,Delivered,Debit Card,Standard Shipping,0.0,875.48
210350,1225,2025-06-12,2025-06-13,2025-06-17,Delivered,Net Banking,Standard Shipping,0.0,3994.72
140583,80188,2025-12-06,2025-12-08,2025-12-10,Delivered,Credit Card,Express Shipping,0.0,723.52
428471,8004,2023-03-13,2023-03-14,2023-03-18,Delivered,Debit Card,Standard Shipping,0.0,166.72
8493,47013,2025-12-22,2025-12-23,2025-12-26,Delivered,Net Banking,Standard Shipping,0.0,332.58
353161,55669,2025-11-01,2025-11-03,2025-11-06,Delivered,Credit Card,Express Shipping,0.2,2386.67
331874,15355,2022-11-22,2022-11-23,2022-11-25,Delivered,Wallet,Standard Shipping,0.0,1512.84
279947,21517,2024-12-25,2024-12-26,2024-12-28,Delivered,Debit Card,Priority Overnight,0.0,4077.09
158770,14348,2023-12-03,2023-12-05,2023-12-08,Delivered,Debit Card,Express Shipping,0.0,1752.59
30560,30578,2025-11-15,2025-11-17,2025-11-22,Delivered,UPI,Standard Shipping,0.1,1144.78
23126,93269,2023-02-22,2023-02-24,2023-02-26,Delivered,Credit Card,Standard Shipping,0.0,999.91
224068,78817,2024-11-26,2024-11-28,2024-12-03,Delivered,Wallet,Express Shipping,0.0,4435.06
134064,81470,2024-10-11,,,Cancelled,UPI,Standard Shipping,0.0,3239.05
472584,45661,2025-03-18,2025-03-19,2025-03-22,Delivered,Wallet,Standard Shipping,0.0,1045.97
355400,63973,2025-02-28,2025-03-01,2025-03-04,Delivered,Debit Card,Priority Overnight,0.0,2274.08
178936,65192,2024-07-19,2024-07-21,2024-07-26,Delivered,Wallet,Express Shipping,0.05,396.26
330662,42929,2025-02-13,2025-02-14,2025-02-17,Delivered,COD,Standard Shipping,0.0,1848.13
13875,96174,2025-11-03,2025-11-04,2025-11-06,Delivered,Debit Card,Express Shipping,0.0,1031.99
263644,45073,2025-10-05,2025-10-07,2025-10-12,Delivered,Wallet,Standard Shipping,0.05,5047.89
378396,8899,2025-06-02,2025-06-03,2025-06-05,Delivered,Credit Card,Standard Shipping,0.0,1647.57
209899,85405,2022-12-18,2022-12-21,2022-12-25,Returned,Credit Card,Express Shipping,0.0,1400.54
52555,50289,2025-06-26,2025-06-27,2025-06-30,Delivered,Credit Card,Standard Shipping,0.0,2442.19
180067,97381,2025-11-25,2025-11-26,2025-11-29,Returned,Credit Card,Economy Shipping,0.1,867.52
20008,84928,2023-11-28,2023-11-30,2023-12-03,Delivered,Credit Card,Express Shipping,0.15,1252.2
308707,79680,2025-12-12,2025-12-13,2025-12-16,Delivered,Debit Card,Express Shipping,0.05,4695.55
337148,72810,2024-08-10,2024-08-11,2024-08-13,Returned,Credit Card,Standard Shipping,0.0,899.15
460265,16886,2025-08-03,2025-08-04,2025-08-06,Returned,UPI,Express Shipping,0.05,392.93
446027,15532,2025-12-06,2025-12-07,2025-12-10,Delivered,UPI,Economy Shipping,0.05,1340.36
306326,18781,2025-10-19,2025-10-22,2025-10-25,Delivered,Credit Card,Priority Overnight,0.0,513.26
497737,44570,2024-05-19,2024-05-20,2024-05-22,Delivered,Net Banking,Express Shipping,0.0,5289.23
155677,23902,2025-07-02,2025-07-03,2025-07-08,Delivered,UPI,Standard Shipping,0.05,1679.88
310499,9106,2024-04-10,2024-04-11,2024-04-13,Delivered,UPI,Standard Shipping,0.0,1355.63
75090,8907,2025-11-01,2025-11-02,2025-11-05,Delivered,Net Banking,Standard Shipping,0.0,9323.17
46503,48114,2025-09-17,2025-09-18,2025-09-21,Delivered,Net Banking,Priority Overnight,0.05,2620.73
22489,64102,2025-09-20,2025-09-21,2025-09-24,Delivered,COD,Priority Overnight,0.2,1309.55
253115,7282,2025-12-02,2025-12-03,2025-12-06,Delivered,Credit Card,Standard Shipping,0.05,1530.42
461084,18616,2024-02-27,2024-03-01,2024-03-03,Delivered,COD,Economy Shipping,0.05,1304.3
380350,76632,2025-11-26,2025-11-27,2025-11-29,Delivered,Debit Card,Standard Shipping,0.0,8890.58
390380,39366,2024-11-16,,,Cancelled,Net Banking,Priority Overnight,0.1,6092.02
161105,36005,2024-03-05,2024-03-07,2024-03-11,Delivered,Debit Card,Standard Shipping,0.0,3956.92
342869,24239,2023-01-09,2023-01-10,2023-01-12,Returned,Credit Card,Standard Shipping,0.0,1417.72
396625,18249,2025-08-03,2025-08-05,2025-08-07,Delivered,Credit Card,Standard Shipping,0.05,949.84
206604,8429,2024-08-21,2024-08-23,2024-08-26,Delivered,UPI,Priority Overnight,0.0,111.98
340254,41746,2023-09-15,2023-09-16,2023-09-18,Delivered,UPI,Express Shipping,0.0,322.04
54344,96924,2025-10-13,,,Cancelled,Credit Card,Standard Shipping,0.0,2624.93
254708,9783,2023-12-12,2023-12-13,2023-12-16,Delivered,Credit Card,Express Shipping,0.05,1509.65
324129,41961,2025-04-20,2025-04-21,2025-04-25,Delivered,Credit Card,Priority Overnight,0.0,5142.12
422804,56944,2024-03-21,2024-03-23,2024-03-26,Delivered,UPI,Express Shipping,0.0,3456.14
249494,99051,2024-12-11,2024-12-12,2024-12-16,Delivered,Credit Card,Economy Shipping,0.15,1561.29
390667,86471,2025-01-10,2025-01-12,2025-01-14,Delivered,Credit Card,Express Shipping,0.0,2533.45
415882,67842,2024-01-22,2024-01-23,2024-01-26,Delivered,Net Banking,Standard Shipping,0.0,1360.33
61884,59628,2025-06-16,2025-06-17,2025-06-22,Delivered,Net Banking,Express Shipping,0.15,249.01
117891,62502,2024-03-13,2024-03-14,2024-03-16,Delivered,Credit Card,Standard Shipping,0.0,2115.18
81614,31825,2025-12-07,2025-12-09,2025-12-13,Delivered,Credit Card,Standard Shipping,0.0,3291.94
22634,14787,2025-11-12,2025-11-14,2025-11-16,Delivered,Net Banking,Economy Shipping,0.0,11260.59
396580,85660,2024-11-30,2024-12-01,2024-12-03,Delivered,UPI,Priority Overnight,0.05,1557.81
273624,28763,2025-08-06,2025-08-08,2025-08-10,Delivered,Credit Card,Standard Shipping,0.0,5008.16
472740,74449,2025-06-18,2025-06-20,2025-06-22,Delivered,Credit Card,Priority Overnight,0.05,225.14
196593,15030,2024-02-19,2024-02-20,2024-02-22,Delivered,UPI,Standard Shipping,0.1,282.55
125464,16411,2025-01-10,2025-01-13,2025-01-15,Delivered,Credit Card,Express Shipping,0.15,935.82
133484,47540,2025-11-30,2025-12-01,2025-12-03,Delivered,Net Banking,Standard Shipping,0.1,266.88
283934,26184,2025-07-19,2025-07-20,2025-07-22,Delivered,UPI,Express Shipping,0.1,374.37
8504,68180,2025-12-11,2025-12-12,2025-12-16,Delivered,Credit Card,Standard Shipping,0.0,643.96
95195,87978,2025-11-02,2025-11-05,2025-11-07,Delivered,Net Banking,Standard Shipping,0.05,796.16
193935,5494,2024-11-23,2024-11-25,2024-11-27,Delivered,Debit Card,Express Shipping,0.1,294.93
106833,83508,2025-09-17,2025-09-19,2025-09-21,Delivered,Credit Card,Priority Overnight,0.1,1253.84
481419,71043,2023-05-15,2023-05-17,2023-05-20,Delivered,Net Banking,Standard Shipping,0.05,544.08
123705,53127,2025-08-27,2025-08-30,2025-09-02,Delivered,Credit Card,Standard Shipping,0.05,1670.09
216543,84676,2025-07-30,2025-08-01,2025-08-03,Delivered,Credit Card,Standard Shipping,0.05,1284.2
462208,13575,2025-04-06,2025-04-08,2025-04-12,Delivered,Net Banking,Express Shipping,0.0,1053.92
51672,84888,2022-10-03,2022-10-05,2022-10-07,Delivered,UPI,Express Shipping,0.2,2169.14
162531,67524,2025-06-19,2025-06-20,2025-06-24,Returned,Credit Card,Priority Overnight,0.1,3453.47
284633,27974,2025-12-06,2025-12-08,2025-12-12,Delivered,Credit Card,Standard Shipping,0.1,1011.48
464952,20535,2024-09-28,2024-09-30,2024-10-02,Delivered,UPI,Express Shipping,0.15,1207.4
58948,43343,2024-05-12,2024-05-13,2024-05-16,Delivered,Credit Card,Priority Overnight,0.0,2806.68
363647,11852,2025-09-24,2025-09-25,2025-09-27,Delivered,UPI,Express Shipping,0.2,1802.33
270476,69196,2025-10-07,,,Cancelled,Credit Card,Standard Shipping,0.1,1847.7
242121,81697,2025-06-10,,,Cancelled,Debit Card,Standard Shipping,0.0,2277.02
76222,45159,2025-10-28,2025-10-29,2025-10-31,Delivered,Credit Card,Economy Shipping,0.0,2970.13
53723,28829,2024-09-26,2024-09-28,2024-10-03,Delivered,Net Banking,Standard Shipping,0.0,783.83
177107,90925,2025-11-26,2025-11-29,2025-12-02,Delivered,Debit Card,Priority Overnight,0.0,2090.69
239210,948,2023-06-14,2023-06-16,2023-06-18,Delivered,UPI,Standard Shipping,0.1,2664.61
339932,55860,2024-10-21,2024-10-22,2024-10-26,Delivered,Credit Card,Standard Shipping,0.0,837.61
405352,51377,2024-06-03,,,Cancelled,UPI,Express Shipping,0.15,1002.08
351424,81785,2024-10-03,2024-10-04,2024-10-07,Delivered,Debit Card,Standard Shipping,0.2,1079.65
364346,98528,2023-12-04,2023-12-05,2023-12-08,Delivered,Debit Card,Standard Shipping,0.0,267.99
95497,26989,2022-11-25,2022-11-27,2022-11-30,Delivered,Credit Card,Standard Shipping,0.0,3247.06
316919,51625,2024-11-04,2024-11-05,2024-11-08,Delivered,Credit Card,Express Shipping,0.0,4855.58
489814,63199,2025-12-09,,,Cancelled,UPI,Express Shipping,0.0,750.99
366703,32875,2023-06-26,2023-06-29,2023-07-02,Delivered,Net Banking,Standard Shipping,0.2,1132.61
64750,34584,2025-12-02,2025-12-05,2025-12-07,Returned,Debit Card,Standard Shipping,0.0,3008.27
203767,70713,2025-09-12,2025-09-14,2025-09-18,Delivered,UPI,Standard Shipping,0.0,646.4
137033,96399,2025-12-01,2025-12-02,2025-12-05,Delivered,Credit Card,Standard Shipping,0.0,2393.94
380258,52644,2025-04-01,2025-04-02,2025-04-04,Delivered,Net Banking,Standard Shipping,0.0,541.97
422540,62978,2023-09-09,2023-09-10,2023-09-12,Delivered,Credit Card,Standard Shipping,0.05,4208.12
226816,10772,2025-09-26,2025-09-27,2025-09-29,Delivered,UPI,Priority Overnight,0.05,1059.22
166771,90845,2025-07-05,2025-07-07,2025-07-12,Delivered,Credit Card,Standard Shipping,0.0,4484.73
429134,25018,2025-09-11,2025-09-12,2025-09-14,Delivered,Credit Card,Standard Shipping,0.1,1974.85
353922,22034,2025-12-22,2025-12-23,2025-12-26,Delivered,Debit Card,Standard Shipping,0.1,4820.01
357582,29363,2024-12-23,,,Cancelled,UPI,Standard Shipping,0.0,1618.05
271295,73146,2022-10-10,,,Pending,Net Banking,Economy Shipping,0.0,2512.74
444773,62299,2024-02-28,2024-02-29,2024-03-02,Delivered,Credit Card,Standard Shipping,0.1,1680.53
2012,72783,2025-12-23,2025-12-26,2025-12-28,Delivered,Net Banking,Priority Overnight,0.0,3427.98
8835,56871,2025-10-30,2025-11-01,2025-11-03,Delivered,UPI,Standard Shipping,0.15,19.19
490869,99309,2025-07-11,2025-07-14,2025-07-18,Delivered,Credit Card,Express Shipping,0.05,677.31
481356,83510,2025-06-07,2025-06-09,2025-06-13,Delivered,Net Banking,Standard Shipping,0.0,2426.73
491904,37875,2025-08-21,2025-08-23,2025-08-28,Delivered,COD,Express Shipping,0.0,1855.84
461832,76825,2025-03-03,2025-03-04,2025-03-06,Delivered,Net Banking,Standard Shipping,0.2,307.97
67169,13889,2025-10-10,2025-10-11,2025-10-15,Delivered,Credit Card,Express Shipping,0.1,3129.14
172694,58926,2023-09-16,2023-09-18,2023-09-21,Delivered,Debit Card,Standard Shipping,0.0,3967.54
479976,2336,2025-07-02,2025-07-03,2025-07-05,Delivered,Debit Card,Express Shipping,0.15,1000.39
456992,51727,2025-01-31,2025-02-02,2025-02-04,Delivered,Wallet,Standard Shipping,0.2,2628.27
364030,49183,2023-12-15,,,Cancelled,Credit Card,Standard Shipping,0.1,1256.59
222915,13543,2025-08-03,2025-08-04,2025-08-06,Delivered,UPI,Economy Shipping,0.0,1587.96
98808,87846,2025-05-07,2025-05-08,2025-05-11,Delivered,Credit Card,Express Shipping,0.15,5123.58
444999,40061,2025-11-06,2025-11-08,2025-11-10,Delivered,Credit Card,Standard Shipping,0.1,793.47
132377,18352,2025-10-12,2025-10-15,2025-10-18,Delivered,UPI,Express Shipping,0.0,1397.45
300154,89373,2025-07-27,,,Cancelled,Debit Card,Standard Shipping,0.0,2796.26
341441,98743,2023-06-25,2023-06-26,2023-06-29,Delivered,Wallet,Standard Shipping,0.1,360.88
223741,20407,2025-05-22,2025-05-25,2025-05-28,Delivered,Credit Card,Standard Shipping,0.0,1411.3
272728,80630,2024-04-12,2024-04-13,2024-04-16,Delivered,Debit Card,Standard Shipping,0.0,1214.69
91176,43292,2023-08-02,2023-08-03,2023-08-06,Delivered,Debit Card,Economy Shipping,0.0,1373.93
457027,29266,2023-02-11,2023-02-12,2023-02-15,Delivered,Credit Card,Standard Shipping,0.05,1954.82
69510,60841,2024-10-13,2024-10-15,2024-10-17,Delivered,Debit Card,Standard Shipping,0.1,3011.66
21040,94194,2025-01-13,2025-01-14,2025-01-17,Delivered,Debit Card,Standard Shipping,0.1,80.74
194542,72309,2023-06-25,2023-06-27,2023-06-29,Delivered,Credit Card,Standard Shipping,0.2,376.19
155778,89379,2025-07-24,2025-07-25,2025-07-28,Delivered,Credit Card,Standard Shipping,0.1,2088.5
495015,55007,2025-09-05,2025-09-07,2025-09-09,Delivered,Credit Card,Priority Overnight,0.0,6682.73
321940,56744,2025-11-29,2025-12-01,2025-12-04,Delivered,Debit Card,Standard Shipping,0.05,4493.83
157516,2445,2025-06-09,2025-06-10,2025-06-13,Delivered,Credit Card,Priority Overnight,0.0,5004.27
138774,58232,2025-07-07,2025-07-08,2025-07-12,Delivered,Debit Card,Priority Overnight,0.0,1937.79
89,71227,2025-02-17,2025-02-18,2025-02-23,Delivered,Wallet,Standard Shipping,0.05,1527.54
99302,58229,2025-06-19,2025-06-22,2025-06-25,Delivered,COD,Standard Shipping,0.05,2074.76
369054,56739,2024-09-04,2024-09-06,2024-09-08,Delivered,Wallet,Standard Shipping,0.2,2418.93
334832,96924,2025-12-07,2025-12-08,2025-12-11,Delivered,Net Banking,Standard Shipping,0.05,876.71
402641,18382,2022-12-13,2022-12-16,2022-12-20,Delivered,Debit Card,Priority Overnight,0.0,304.99
412320,24325,2024-08-18,2024-08-20,2024-08-22,Delivered,Wallet,Standard Shipping,0.0,668.6
124685,76847,2025-05-15,2025-05-18,2025-05-20,Delivered,Credit Card,Express Shipping,0.0,261.27
292502,61997,2024-02-07,2024-02-08,2024-02-11,Delivered,UPI,Standard Shipping,0.0,2716.39
341762,98339,2024-01-11,2024-01-12,2024-01-14,Delivered,Credit Card,Standard Shipping,0.05,2866.2
166310,73224,2024-05-05,2024-05-07,2024-05-09,Delivered,Credit Card,Standard Shipping,0.15,387.58
66982,44810,2025-12-22,2025-12-23,2025-12-26,Delivered,Credit Card,Standard Shipping,0.0,1103.96
185967,35608,2023-07-03,2023-07-04,2023-07-06,Delivered,UPI,Express Shipping,0.15,846.24
258598,95059,2025-03-25,2025-03-26,2025-03-28,Delivered,Debit Card,Standard Shipping,0.05,337.23
360765,31379,2024-07-01,2024-07-02,2024-07-05,Delivered,Credit Card,Standard Shipping,0.0,2581.34
215643,6430,2025-11-22,2025-11-23,2025-11-26,Delivered,Debit Card,Standard Shipping,0.0,1269.42
395720,41643,2025-07-13,2025-07-14,2025-07-16,Returned,COD,Standard Shipping,0.05,1299.89
214382,96557,2024-10-02,2024-10-05,2024-10-08,Delivered,UPI,Standard Shipping,0.15,1910.29
118897,71123,2025-11-20,2025-11-22,2025-11-25,Delivered,Net Banking,Standard Shipping,0.0,743.95
162648,66558,2025-11-02,2025-11-03,2025-11-06,Delivered,Debit Card,Express Shipping,0.15,1980.28
41124,87410,2024-06-30,2024-07-02,2024-07-05,Delivered,Credit Card,Standard Shipping,0.05,649.32
305254,17248,2025-09-24,2025-09-25,2025-09-28,Delivered,Debit Card,Economy Shipping,0.0,2995.02
22716,21272,2025-04-08,2025-04-11,2025-04-13,Delivered,Debit Card,Standard Shipping,0.0,479.96
7715,1397,2025-06-22,2025-06-23,2025-06-28,Delivered,UPI,Standard Shipping,0.0,1464.44
54517,26355,2025-06-04,2025-06-06,2025-06-08,Delivered,Debit Card,Standard Shipping,0.0,3869.17
892,90071,2025-12-27,2025-12-30,2026-01-01,Delivered,UPI,Standard Shipping,0.05,2101.98
286710,37767,2024-02-17,2024-02-18,2024-02-20,Delivered,Debit Card,Express Shipping,0.05,802.85
244481,62590,2025-07-01,2025-07-02,2025-07-06,Delivered,Debit Card,Standard Shipping,0.15,1426.39
63159,63758,2025-09-09,,,Cancelled,UPI,Standard Shipping,0.0,709.95
356678,65124,2025-07-21,2025-07-22,2025-07-24,Delivered,Credit Card,Express Shipping,0.0,2423.76
221754,69748,2024-03-17,2024-03-18,2024-03-22,Delivered,Credit Card,Priority Overnight,0.05,284.82
148362,3827,2024-02-22,2024-02-24,2024-02-26,Delivered,Credit Card,Standard Shipping,0.15,888.35
412216,10237,2025-02-10,2025-02-11,2025-02-14,Delivered,Net Banking,Economy Shipping,0.1,199.13
404723,65394,2024-08-02,2024-08-03,2024-08-05,Delivered,Wallet,Economy Shipping,0.1,1032.28
84561,90874,2023-06-08,2023-06-09,2023-06-12,Delivered,Credit Card,Standard Shipping,0.0,1811.77
173118,65069,2023-11-20,2023-11-23,2023-11-27,Delivered,Debit Card,Economy Shipping,0.05,54.39
191837,79986,2025-12-13,2025-12-14,2025-12-17,Returned,Net Banking,Priority Overnight,0.0,4009.13
414102,28987,2024-05-04,,,Cancelled,Net Banking,Priority Overnight,0.0,3240.31
397624,94374,2025-11-11,2025-11-14,2025-11-18,Delivered,Debit Card,Express Shipping,0.0,1068.77
214517,72202,2025-03-22,2025-03-23,2025-03-26,Delivered,Debit Card,Standard Shipping,0.1,2279.78
353420,68555,2025-02-23,2025-02-25,2025-02-27,Delivered,Credit Card,Standard Shipping,0.0,2010.7
346806,88343,2025-12-10,,,Cancelled,Debit Card,Standard Shipping,0.0,1019.91
136539,50322,2023-08-17,2023-08-18,2023-08-22,Delivered,COD,Express Shipping,0.1,542.68
97060,60156,2024-03-03,2024-03-06,2024-03-08,Delivered,Wallet,Standard Shipping,0.1,2948.34
496520,79432,2022-11-28,2022-11-30,2022-12-03,Delivered,Net Banking,Express Shipping,0.0,10584.35
124106,28420,2023-09-16,2023-09-18,2023-09-21,Delivered,Credit Card,Standard Shipping,0.1,2710.91
426394,54158,2025-09-26,,,Pending,COD,Express Shipping,0.0,975.16
489669,48432,2024-05-28,2024-05-29,2024-06-02,Delivered,Debit Card,Express Shipping,0.0,1694.56
375312,91579,2024-11-05,2024-11-06,2024-11-09,Delivered,Credit Card,Priority Overnight,0.05,2424.96
297608,17826,2023-07-10,2023-07-13,2023-07-18,Delivered,Debit Card,Priority Overnight,0.1,278.79
51600,94366,2023-11-07,2023-11-09,2023-11-14,Delivered,Debit Card,Standard Shipping,0.05,598.62
427301,82444,2025-06-14,2025-06-15,2025-06-20,Delivered,Credit Card,Express Shipping,0.15,612.0
125884,44807,2025-08-13,2025-08-14,2025-08-17,Delivered,Credit Card,Priority Overnight,0.0,2490.9
268428,7628,2025-04-29,2025-05-01,2025-05-06,Delivered,Credit Card,Standard Shipping,0.0,1368.33
432585,55136,2025-09-01,2025-09-04,2025-09-07,Delivered,Net Banking,Express Shipping,0.1,2397.55
345808,24903,2024-05-16,,,Cancelled,Debit Card,Priority Overnight,0.15,1523.64
285354,64372,2023-12-24,2023-12-25,2023-12-28,Delivered,COD,Standard Shipping,0.1,45.04
301520,86792,2025-10-06,2025-10-07,2025-10-10,Delivered,Credit Card,Standard Shipping,0.1,589.74
307680,47745,2025-03-28,2025-03-30,2025-04-02,Delivered,Credit Card,Express Shipping,0.0,1741.36
419626,92104,2024-11-28,2024-11-29,2024-12-01,Delivered,Net Banking,Priority Overnight,0.0,1779.95
350875,69627,2024-04-18,2024-04-20,2024-04-22,Delivered,Debit Card,Standard Shipping,0.0,1492.39
374920,66034,2025-12-29,2025-12-30,2026-01-02,Delivered,Credit Card,Standard Shipping,0.0,5199.62
428819,32672,2025-06-08,2025-06-09,2025-06-12,Delivered,COD,Express Shipping,0.0,2340.53
118934,2731,2025-08-03,2025-08-04,2025-08-06,Delivered,Credit Card,Standard Shipping,0.0,1510.91
134362,80020,2025-02-27,2025-03-01,2025-03-04,Delivered,UPI,Express Shipping,0.05,6799.96
332419,8435,2024-03-11,2024-03-13,2024-03-15,Delivered,UPI,Standard Shipping,0.0,1750.99
211445,67124,2025-12-26,2025-12-27,2025-12-30,Returned,Credit Card,Standard Shipping,0.0,1722.56
57982,53206,2024-05-02,2024-05-04,2024-05-06,Delivered,Credit Card,Economy Shipping,0.0,4219.02
421885,64242,2024-08-24,2024-08-25,2024-08-27,Delivered,UPI,Standard Shipping,0.0,148.19
356136,28261,2023-10-22,2023-10-23,2023-10-26,Delivered,Debit Card,Priority Overnight,0.0,2696.46
166969,35433,2025-11-11,2025-11-12,2025-11-14,Delivered,COD,Standard Shipping,0.0,2216.69
146502,72596,2024-11-13,2024-11-16,2024-11-20,Delivered,Wallet,Standard Shipping,0.1,5372.2
317265,4369,2023-03-19,2023-03-20,2023-03-22,Delivered,Credit Card,Standard Shipping,0.05,5317.19
174971,92373,2025-09-27,2025-09-29,2025-10-04,Delivered,Credit Card,Standard Shipping,0.0,770.28
139304,58807,2025-12-16,2025-12-17,2025-12-21,Delivered,Credit Card,Standard Shipping,0.0,1303.23
115584,70971,2024-12-25,2024-12-26,2024-12-29,Delivered,COD,Express Shipping,0.0,1631.97
196425,49352,2025-08-19,2025-08-20,2025-08-23,Delivered,Credit Card,Standard Shipping,0.05,1602.2
41674,7168,2025-04-10,2025-04-13,2025-04-16,Delivered,Debit Card,Express Shipping,0.0,3248.3
389283,99987,2025-07-11,2025-07-12,2025-07-14,Delivered,Credit Card,Express Shipping,0.0,2177.42
265095,31067,2025-04-27,2025-04-30,2025-05-02,Delivered,Credit Card,Standard Shipping,0.15,1159.21
272303,46751,2025-11-27,2025-11-29,2025-12-02,Delivered,Debit Card,Standard Shipping,0.0,5273.49
244830,58880,2025-09-22,2025-09-23,2025-09-26,Delivered,Debit Card,Express Shipping,0.05,634.31
384545,7522,2022-12-02,2022-12-04,2022-12-06,Delivered,COD,Standard Shipping,0.0,35.99
474364,94403,2025-05-08,2025-05-09,2025-05-12,Delivered,UPI,Express Shipping,0.0,2128.84
226982,32492,2022-01-29,2022-01-30,2022-02-01,Delivered,Credit Card,Standard Shipping,0.0,570.65
472309,97000,2025-10-12,2025-10-14,2025-10-17,Delivered,Debit Card,Standard Shipping,0.05,718.18
296436,18632,2025-12-04,2025-12-06,2025-12-08,Delivered,UPI,Express Shipping,0.05,1746.36
183349,62093,2025-12-30,2025-12-31,2026-01-04,Delivered,Debit Card,Priority Overnight,0.0,4695.05
271405,47731,2025-08-29,2025-08-30,2025-09-01,Delivered,Credit Card,Express Shipping,0.15,460.66
69559,65969,2024-06-19,,,Cancelled,Credit Card,Standard Shipping,0.0,520.96
186607,7071,2024-11-01,2024-11-02,2024-11-04,Delivered,Net Banking,Priority Overnight,0.0,1356.17
377273,58680,2025-12-21,2025-12-24,2025-12-26,Delivered,Credit Card,Standard Shipping,0.0,243.18
111950,17796,2023-05-17,2023-05-18,2023-05-21,Delivered,Credit Card,Standard Shipping,0.1,1558.76
427184,61803,2024-07-21,2024-07-23,2024-07-26,Delivered,UPI,Express Shipping,0.1,1094.3
367784,43127,2025-11-22,2025-11-24,2025-11-26,Delivered,Credit Card,Standard Shipping,0.2,1521.27
177680,11892,2025-08-15,2025-08-17,2025-08-21,Delivered,Debit Card,Standard Shipping,0.1,1133.96
171649,86389,2023-12-17,2023-12-18,2023-12-20,Delivered,Debit Card,Express Shipping,0.05,2052.48
188195,6741,2023-06-16,,,Cancelled,Credit Card,Standard Shipping,0.0,474.35
292620,63239,2024-05-19,2024-05-20,2024-05-22,Delivered,Credit Card,Express Shipping,0.0,2962.68
488817,16629,2024-07-10,2024-07-11,2024-07-14,Delivered,Credit Card,Standard Shipping,0.0,1625.3
248890,18662,2025-12-12,2025-12-13,2025-12-16,Delivered,Credit Card,Standard Shipping,0.0,2072.93
315002,70937,2024-11-17,2024-11-19,2024-11-21,Delivered,Credit Card,Express Shipping,0.15,817.85
479507,72791,2025-08-02,2025-08-03,2025-08-06,Delivered,Credit Card,Express Shipping,0.0,3001.05
378060,18072,2025-04-22,2025-04-24,2025-04-27,Delivered,Credit Card,Standard Shipping,0.1,4101.82
403733,98659,2025-12-31,2026-01-03,2026-01-05,Delivered,Debit Card,Standard Shipping,0.05,1660.64
12064,5194,2025-07-14,2025-07-15,2025-07-19,Delivered,UPI,Standard Shipping,0.05,2043.41
85668,40123,2025-12-22,2025-12-23,2025-12-25,Delivered,Credit Card,Standard Shipping,0.05,1278.66
219811,12200,2025-09-09,2025-09-11,2025-09-14,Delivered,Debit Card,Standard Shipping,0.0,723.59
176504,37946,2025-04-11,2025-04-12,2025-04-15,Delivered,UPI,Express Shipping,0.15,2668.29
104499,81935,2024-05-08,2024-05-09,2024-05-12,Delivered,Debit Card,Express Shipping,0.0,1076.06
313416,78226,2025-08-30,2025-09-01,2025-09-03,Delivered,Wallet,Standard Shipping,0.15,2679.38
444336,17217,2025-12-05,2025-12-06,2025-12-09,Delivered,UPI,Express Shipping,0.0,3277.91
439631,29170,2025-08-18,,,Pending,UPI,Standard Shipping,0.0,3432.16
150375,95267,2025-12-18,2025-12-19,2025-12-21,Delivered,Debit Card,Standard Shipping,0.0,982.47
100778,66973,2024-12-08,2024-12-10,2024-12-12,Delivered,Debit Card,Standard Shipping,0.0,947.95
316613,87928,2025-12-14,2025-12-16,2025-12-20,Delivered,UPI,Standard Shipping,0.05,3385.87
145196,31820,2024-07-22,2024-07-23,2024-07-27,Delivered,Credit Card,Economy Shipping,0.2,891.15
429409,47446,2023-07-01,2023-07-03,2023-07-06,Delivered,Net Banking,Standard Shipping,0.1,2198.2
30918,55572,2025-04-11,2025-04-14,2025-04-16,Delivered,Credit Card,Economy Shipping,0.05,4383.5
114017,30515,2025-11-17,2025-11-19,2025-11-22,Delivered,Credit Card,Standard Shipping,0.0,2517.94
372817,70682,2024-07-13,2024-07-15,2024-07-18,Delivered,Credit Card,Standard Shipping,0.0,639.98
456088,86339,2025-12-14,2025-12-15,2025-12-17,Returned,Net Banking,Standard Shipping,0.05,5619.8
329312,66516,2025-06-30,2025-07-01,2025-07-03,Delivered,Credit Card,Express Shipping,0.0,1616.22
53071,62406,2023-08-24,2023-08-27,2023-08-29,Delivered,Credit Card,Standard Shipping,0.0,1478.57
178443,69655,2025-11-14,2025-11-17,2025-11-19,Delivered,COD,Standard Shipping,0.0,732.97
151374,79858,2025-07-13,2025-07-15,2025-07-18,Delivered,Credit Card,Standard Shipping,0.0,3360.56
190566,29249,2024-03-21,2024-03-23,2024-03-25,Delivered,Credit Card,Economy Shipping,0.0,243.99
223812,87955,2025-04-13,2025-04-15,2025-04-20,Delivered,UPI,Standard Shipping,0.2,1707.17
491500,82224,2025-02-16,2025-02-18,2025-02-20,Delivered,Credit Card,Standard Shipping,0.0,2807.23
21215,35267,2025-07-31,2025-08-01,2025-08-05,Delivered,UPI,Standard Shipping,0.15,436.93
382910,10015,2025-09-12,2025-09-13,2025-09-17,Delivered,Credit Card,Standard Shipping,0.05,1212.07
252809,80533,2025-09-02,2025-09-03,2025-09-06,Delivered,UPI,Express Shipping,0.15,446.18
143823,57458,2024-08-19,2024-08-22,2024-08-26,Delivered,Debit Card,Standard Shipping,0.05,1724.12
391853,89885,2025-02-10,2025-02-11,2025-02-13,Delivered,UPI,Standard Shipping,0.1,1102.43
152031,56849,2025-10-10,2025-10-12,2025-10-16,Delivered,Credit Card,Priority Overnight,0.0,3989.93
50611,15082,2025-02-23,2025-02-24,2025-02-26,Delivered,Credit Card,Standard Shipping,0.0,1492.86
131477,4083,2025-09-10,,,Cancelled,UPI,Express Shipping,0.1,1703.75
373663,43386,2024-04-07,2024-04-08,2024-04-10,Delivered,Debit Card,Standard Shipping,0.05,2355.69
466334,98376,2025-09-05,,,Cancelled,Credit Card,Express Shipping,0.0,959.01
469284,26354,2025-12-20,2025-12-21,2025-12-23,Delivered,Credit Card,Standard Shipping,0.0,653.67
442041,22511,2025-01-25,2025-01-26,2025-01-28,Delivered,Credit Card,Standard Shipping,0.05,2198.6
321441,48521,2025-10-20,2025-10-21,2025-10-23,Delivered,Credit Card,Express Shipping,0.0,950.04
35664,36622,2023-11-05,2023-11-06,2023-11-09,Delivered,Credit Card,Standard Shipping,0.0,2839.96
153120,2251,2025-04-03,2025-04-04,2025-04-07,Delivered,Credit Card,Standard Shipping,0.0,2273.76
159054,78061,2025-04-08,2025-04-09,2025-04-11,Delivered,Debit Card,Standard Shipping,0.05,1270.5
314987,70103,2025-08-07,2025-08-08,2025-08-13,Delivered,Wallet,Standard Shipping,0.1,871.62
185459,97209,2025-03-31,2025-04-03,2025-04-06,Delivered,Debit Card,Standard Shipping,0.05,2042.74
90580,6848,2025-08-21,2025-08-22,2025-08-25,Delivered,COD,Standard Shipping,0.05,2257.23
425615,31923,2025-12-16,2025-12-18,2025-12-22,Delivered,Credit Card,Priority Overnight,0.0,3115.28
181408,16699,2025-11-04,2025-11-07,2025-11-12,Delivered,Wallet,Standard Shipping,0.05,1279.59
482868,3780,2025-05-11,2025-05-12,2025-05-16,Delivered,Credit Card,Priority Overnight,0.0,2300.84
313432,2751,2025-02-20,2025-02-22,2025-02-25,Delivered,Credit Card,Standard Shipping,0.2,1209.54
203940,8037,2025-07-30,2025-07-31,2025-08-02,Delivered,Debit Card,Standard Shipping,0.1,3175.02
283727,40717,2025-03-16,2025-03-17,2025-03-19,Delivered,Credit Card,Priority Overnight,0.0,3957.96
498033,24565,2024-11-02,2024-11-03,2024-11-05,Delivered,Credit Card,Standard Shipping,0.0,749.62
151992,33385,2025-12-01,2025-12-02,2025-12-04,Delivered,Credit Card,Standard Shipping,0.15,758.16
393957,76421,2025-12-09,2025-12-11,2025-12-13,Delivered,Credit Card,Express Shipping,0.0,2392.13
493011,36856,2022-12-10,2022-12-13,2022-12-15,Returned,Debit Card,Standard Shipping,0.0,1069.4
124174,76450,2025-11-25,2025-11-26,2025-11-29,Returned,Credit Card,Standard Shipping,0.0,3501.82
15160,82373,2022-12-11,,,Cancelled,Net Banking,Economy Shipping,0.0,1253.22
389823,57853,2025-07-01,2025-07-03,2025-07-06,Delivered,Credit Card,Standard Shipping,0.0,1672.96
227763,97440,2025-07-02,2025-07-04,2025-07-06,Delivered,Net Banking,Standard Shipping,0.1,1237.6
408169,681,2023-02-24,2023-02-25,2023-02-27,Delivered,Debit Card,Express Shipping,0.2,1096.53
156026,29076,2022-11-10,2022-11-11,2022-11-13,Delivered,Credit Card,Express Shipping,0.0,3200.49
377467,54657,2025-06-29,2025-07-01,2025-07-04,Delivered,Wallet,Express Shipping,0.05,2865.83
343590,66689,2024-12-01,2024-12-03,2024-12-08,Delivered,Credit Card,Standard Shipping,0.0,5620.52
197795,96626,2025-10-23,,,Pending,Debit Card,Express Shipping,0.15,1307.7
456722,90388,2024-10-05,2024-10-07,2024-10-10,Returned,UPI,Standard Shipping,0.0,2241.84
164699,2114,2025-07-18,2025-07-20,2025-07-22,Delivered,Net Banking,Standard Shipping,0.05,1566.02
441546,99296,2025-11-21,2025-11-24,2025-11-26,Delivered,Credit Card,Standard Shipping,0.15,956.2
450430,90946,2025-05-05,2025-05-06,2025-05-09,Delivered,UPI,Standard Shipping,0.05,2130.44
480396,32343,2024-07-14,,,Cancelled,UPI,Standard Shipping,0.1,278.02
399528,66978,2024-05-10,2024-05-12,2024-05-17,Delivered,UPI,Standard Shipping,0.0,1711.06
27572,4131,2024-06-20,2024-06-21,2024-06-23,Delivered,UPI,Standard Shipping,0.0,4945.81
100637,8319,2025-04-10,2025-04-12,2025-04-17,Delivered,UPI,Priority Overnight,0.05,4432.11
251365,21526,2025-11-27,2025-11-28,2025-11-30,Delivered,Debit Card,Economy Shipping,0.0,1953.98
440366,12371,2025-03-12,2025-03-13,2025-03-18,Delivered,Credit Card,Standard Shipping,0.1,708.78
460664,24861,2024-12-14,2024-12-17,2024-12-20,Delivered,Credit Card,Standard Shipping,0.05,2623.91
349755,95777,2024-09-15,2024-09-17,2024-09-20,Delivered,UPI,Express Shipping,0.0,2331.84
372270,49868,2025-04-07,2025-04-08,2025-04-10,Delivered,Credit Card,Standard Shipping,0.15,1501.1
287480,35367,2025-11-29,2025-12-01,2025-12-03,Delivered,Net Banking,Express Shipping,0.05,995.55
25714,32029,2025-02-20,2025-02-22,2025-02-24,Returned,UPI,Express Shipping,0.1,1645.13
459028,33293,2025-10-14,2025-10-15,2025-10-17,Returned,UPI,Economy Shipping,0.05,1445.01
264433,17189,2024-05-24,,,Pending,Credit Card,Express Shipping,0.0,1861.27
193476,63600,2025-03-18,2025-03-19,2025-03-22,Delivered,Debit Card,Standard Shipping,0.0,1598.47
408458,96309,2025-07-30,2025-07-31,2025-08-03,Delivered,Credit Card,Express Shipping,0.0,413.24
409480,96128,2025-07-27,2025-07-28,2025-08-01,Delivered,Debit Card,Express Shipping,0.0,2268.67
318488,56862,2024-11-25,2024-11-26,2024-11-28,Delivered,UPI,Economy Shipping,0.0,827.95
354812,46985,2025-04-07,2025-04-08,2025-04-10,Delivered,Debit Card,Standard Shipping,0.05,2243.13
485729,4825,2024-12-08,2024-12-10,2024-12-12,Delivered,Credit Card,Standard Shipping,0.05,620.03
307948,77176,2025-06-30,2025-07-02,2025-07-04,Delivered,Credit Card,Express Shipping,0.0,930.98
302085,77496,2025-03-07,2025-03-08,2025-03-11,Delivered,Credit Card,Standard Shipping,0.0,1745.17
482050,93159,2025-02-12,2025-02-14,2025-02-16,Delivered,Debit Card,Standard Shipping,0.2,3700.9
249447,92862,2025-07-25,2025-07-26,2025-07-29,Delivered,Wallet,Economy Shipping,0.2,1168.72
286039,16054,2025-11-27,2025-11-28,2025-11-30,Delivered,UPI,Standard Shipping,0.05,999.22
421106,78530,2024-05-29,2024-06-01,2024-06-03,Delivered,Net Banking,Standard Shipping,0.05,2065.82
136155,30701,2024-10-24,2024-10-25,2024-10-30,Delivered,Credit Card,Standard Shipping,0.0,207.99
259923,5722,2025-12-28,2025-12-29,2025-12-31,Delivered,Credit Card,Standard Shipping,0.0,3725.94
416022,44157,2024-05-02,2024-05-04,2024-05-06,Delivered,Credit Card,Express Shipping,0.15,2605.61
173060,50410,2024-11-06,2024-11-08,2024-11-11,Returned,Debit Card,Express Shipping,0.0,859.97
283061,29069,2025-07-09,2025-07-10,2025-07-12,Delivered,Debit Card,Priority Overnight,0.0,341.98
415930,77469,2025-10-21,2025-10-23,2025-10-26,Delivered,UPI,Express Shipping,0.15,953.7
285051,79225,2025-11-04,2025-11-07,2025-11-09,Delivered,UPI,Express Shipping,0.0,533.24
282088,41085,2025-10-04,2025-10-06,2025-10-09,Returned,UPI,Express Shipping,0.0,5599.28
160358,24103,2024-01-24,2024-01-26,2024-01-28,Returned,COD,Standard Shipping,0.1,592.84
230768,23404,2024-07-09,2024-07-10,2024-07-13,Delivered,UPI,Standard Shipping,0.0,5902.74
57107,40963,2025-09-25,2025-09-27,2025-09-30,Delivered,Net Banking,Standard Shipping,0.0,884.16
173572,93213,2023-05-29,2023-05-30,2023-06-02,Delivered,Debit Card,Standard Shipping,0.1,3894.51
494170,90407,2025-11-24,,,Cancelled,Credit Card,Standard Shipping,0.0,3193.86
381739,60799,2025-05-28,2025-05-29,2025-06-01,Delivered,Credit Card,Express Shipping,0.2,103.08
374469,76829,2023-12-13,2023-12-14,2023-12-19,Delivered,Wallet,Standard Shipping,0.05,1325.23
124614,23896,2024-05-13,2024-05-14,2024-05-16,Delivered,UPI,Standard Shipping,0.0,1638.09
385507,9487,2024-12-08,2024-12-09,2024-12-11,Delivered,Wallet,Express Shipping,0.0,1554.97
225949,41584,2025-11-10,2025-11-12,2025-11-15,Delivered,Net Banking,Priority Overnight,0.05,979.6
488387,27258,2025-01-02,2025-01-03,2025-01-08,Delivered,Debit Card,Standard Shipping,0.0,624.46
432571,71646,2025-08-28,2025-08-29,2025-08-31,Delivered,Debit Card,Standard Shipping,0.05,2020.16
201530,68871,2025-05-25,2025-05-27,2025-05-29,Delivered,UPI,Express Shipping,0.05,2809.28
209671,1682,2025-07-10,2025-07-11,2025-07-14,Delivered,Wallet,Standard Shipping,0.05,495.88
369583,86389,2025-11-29,2025-12-01,2025-12-04,Returned,Debit Card,Express Shipping,0.1,314.06
260445,10950,2025-09-02,2025-09-05,2025-09-10,Delivered,COD,Priority Overnight,0.05,1807.39
372219,18563,2025-07-20,,,Pending,Debit Card,Priority Overnight,0.0,2643.28
44187,43972,2025-12-22,2025-12-23,2025-12-25,Delivered,Credit Card,Economy Shipping,0.0,991.97
346997,82974,2025-08-12,2025-08-14,2025-08-16,Delivered,Debit Card,Standard Shipping,0.0,1409.97
446219,15817,2025-11-16,2025-11-18,2025-11-20,Delivered,Credit Card,Express Shipping,0.2,274.37
385518,18379,2024-05-23,2024-05-26,2024-05-28,Delivered,Debit Card,Standard Shipping,0.15,5015.03
468447,82711,2025-06-24,,,Cancelled,UPI,Express Shipping,0.1,874.74
350048,50218,2024-02-11,2024-02-13,2024-02-17,Delivered,Credit Card,Standard Shipping,0.0,3287.65
157037,52265,2025-07-20,2025-07-23,2025-07-26,Delivered,Credit Card,Standard Shipping,0.0,86.98
155989,90595,2024-03-28,2024-03-29,2024-04-03,Delivered,Credit Card,Express Shipping,0.0,2622.04
136698,90006,2025-03-06,2025-03-08,2025-03-10,Delivered,Credit Card,Standard Shipping,0.1,505.21
179517,62372,2024-11-15,2024-11-18,2024-11-21,Delivered,Credit Card,Economy Shipping,0.0,1808.02
361897,23534,2024-03-16,2024-03-18,2024-03-20,Delivered,Credit Card,Standard Shipping,0.0,3735.94
411152,53739,2025-01-12,2025-01-14,2025-01-16,Delivered,UPI,Standard Shipping,0.05,1383.14
198924,8314,2025-10-03,2025-10-05,2025-10-08,Delivered,Net Banking,Economy Shipping,0.0,4977.04
287951,11658,2025-01-17,2025-01-18,2025-01-21,Delivered,UPI,Standard Shipping,0.05,985.5
218535,68357,2025-10-29,2025-10-30,2025-11-02,Delivered,Credit Card,Standard Shipping,0.0,2784.95
130333,77927,2023-10-25,2023-10-26,2023-10-29,Delivered,Wallet,Express Shipping,0.2,1345.16
72567,9745,2025-06-05,2025-06-06,2025-06-10,Delivered,COD,Express Shipping,0.1,52.68
23468,14489,2025-12-05,2025-12-06,2025-12-11,Delivered,UPI,Express Shipping,0.0,1273.5
343781,47596,2025-04-16,2025-04-17,2025-04-20,Delivered,Debit Card,Standard Shipping,0.0,518.67
475806,62475,2023-11-19,2023-11-20,2023-11-24,Delivered,Credit Card,Economy Shipping,0.1,1603.96
229799,95169,2024-12-01,2024-12-02,2024-12-05,Delivered,UPI,Express Shipping,0.2,553.57
426074,95312,2024-04-02,2024-04-03,2024-04-06,Delivered,Debit Card,Standard Shipping,0.0,1802.94
398316,67459,2024-03-14,2024-03-16,2024-03-18,Delivered,COD,Standard Shipping,0.05,4651.72
339457,1838,2023-08-20,2023-08-22,2023-08-24,Delivered,Credit Card,Express Shipping,0.0,2026.07
409315,26824,2025-01-04,,,Cancelled,Net Banking,Priority Overnight,0.05,1139.22
6202,51420,2025-11-28,2025-11-29,2025-12-04,Delivered,Credit Card,Standard Shipping,0.15,587.03
439811,38553,2025-12-01,2025-12-02,2025-12-05,Delivered,Debit Card,Express Shipping,0.1,1212.06
381500,38960,2025-10-05,2025-10-06,2025-10-09,Delivered,UPI,Standard Shipping,0.0,5055.77
154622,33389,2025-04-06,2025-04-08,2025-04-11,Delivered,UPI,Economy Shipping,0.0,2179.04
261787,33035,2025-12-13,2025-12-15,2025-12-18,Delivered,Debit Card,Standard Shipping,0.0,878.29
441374,89937,2024-12-26,2024-12-28,2025-01-01,Delivered,UPI,Standard Shipping,0.1,585.08
32165,83537,2025-12-27,2025-12-28,2025-12-30,Delivered,Credit Card,Express Shipping,0.0,1320.57
13331,96789,2022-09-18,2022-09-20,2022-09-25,Delivered,Credit Card,Standard Shipping,0.05,336.07
171294,87948,2024-12-14,2024-12-16,2024-12-18,Delivered,Net Banking,Standard Shipping,0.0,120.99
278752,78239,2025-05-20,2025-05-21,2025-05-24,Delivered,Debit Card,Standard Shipping,0.15,3671.87
246294,46821,2025-10-26,2025-10-29,2025-10-31,Delivered,Debit Card,Standard Shipping,0.05,3754.14
247037,13199,2025-11-12,2025-11-13,2025-11-15,Delivered,Wallet,Standard Shipping,0.0,654.98
197992,67001,2025-06-15,2025-06-17,2025-06-21,Returned,UPI,Standard Shipping,0.05,1716.35
325768,15502,2025-09-19,2025-09-20,2025-09-23,Delivered,Credit Card,Economy Shipping,0.05,3626.01
353125,32030,2024-07-25,2024-07-27,2024-07-30,Delivered,UPI,Standard Shipping,0.0,1427.39
492801,87833,2025-10-09,2025-10-10,2025-10-12,Delivered,Credit Card,Priority Overnight,0.15,1213.77
471331,72470,2025-02-02,2025-02-04,2025-02-09,Delivered,UPI,Express Shipping,0.0,1664.96
254811,89678,2025-10-11,2025-10-12,2025-10-14,Returned,Debit Card,Standard Shipping,0.05,2049.33
1480,93675,2025-12-21,2025-12-22,2025-12-25,Delivered,Debit Card,Express Shipping,0.1,1247.41
387778,46631,2024-03-11,2024-03-12,2024-03-15,Delivered,Credit Card,Express Shipping,0.15,5272.61
319410,62613,2025-11-27,2025-11-28,2025-11-30,Delivered,Credit Card,Express Shipping,0.0,1997.19
195876,11971,2024-12-23,2024-12-24,2024-12-27,Delivered,Credit Card,Standard Shipping,0.1,1971.86
433523,45113,2024-12-27,2024-12-28,2024-12-31,Delivered,Debit Card,Economy Shipping,0.15,716.52
499337,52310,2023-09-19,2023-09-20,2023-09-24,Delivered,Credit Card,Standard Shipping,0.15,2480.25
243642,2731,2025-04-05,2025-04-06,2025-04-08,Delivered,Debit Card,Express Shipping,0.0,1252.86
190042,56584,2025-06-25,2025-06-28,2025-07-01,Delivered,Credit Card,Standard Shipping,0.0,697.21
200518,79310,2023-04-05,2023-04-08,2023-04-12,Delivered,Credit Card,Express Shipping,0.0,428.97
291515,58069,2022-11-27,2022-11-28,2022-11-30,Delivered,UPI,Standard Shipping,0.1,693.89
335162,99726,2025-09-22,2025-09-23,2025-09-26,Delivered,Debit Card,Priority Overnight,0.0,1008.89
334752,25418,2025-10-02,,,Pending,UPI,Standard Shipping,0.05,1223.22
151740,84002,2025-09-08,2025-09-09,2025-09-12,Delivered,Credit Card,Standard Shipping,0.0,3397.4
477789,65686,2025-09-07,2025-09-08,2025-09-11,Delivered,Credit Card,Express Shipping,0.05,549.89
39948,16447,2025-11-15,2025-11-18,2025-11-23,Delivered,Credit Card,Express Shipping,0.0,4504.13
230636,39708,2025-01-20,2025-01-21,2025-01-23,Delivered,UPI,Standard Shipping,0.0,1504.35
229332,17163,2024-12-25,2024-12-26,2024-12-28,Delivered,Debit Card,Standard Shipping,0.15,450.63
180013,65705,2025-12-19,2025-12-20,2025-12-22,Delivered,Credit Card,Priority Overnight,0.1,550.56
95819,75814,2023-07-15,2023-07-17,2023-07-22,Delivered,Debit Card,Priority Overnight,0.0,1581.06
410981,88038,2025-04-18,,,Cancelled,Credit Card,Standard Shipping,0.0,489.96
17991,76450,2025-11-28,2025-11-30,2025-12-02,Delivered,Debit Card,Economy Shipping,0.1,2700.55
239536,94351,2024-12-08,2024-12-11,2024-12-14,Delivered,Credit Card,Economy Shipping,0.15,663.01
179492,89645,2025-07-17,2025-07-19,2025-07-22,Delivered,Credit Card,Economy Shipping,0.0,1509.01
182526,46084,2024-11-01,,,Pending,Credit Card,Express Shipping,0.0,1463.29
219327,29109,2025-08-25,2025-08-26,2025-08-29,Delivered,UPI,Standard Shipping,0.0,5040.72
353043,84210,2025-11-15,2025-11-17,2025-11-19,Delivered,Credit Card,Standard Shipping,0.0,2835.84
244761,97834,2024-12-17,2024-12-18,2024-12-21,Delivered,Credit Card,Economy Shipping,0.05,2018.72
307865,9245,2024-11-27,2024-11-28,2024-11-30,Delivered,UPI,Express Shipping,0.2,1283.03
68964,15405,2022-11-29,2022-12-01,2022-12-04,Delivered,Credit Card,Express Shipping,0.0,362.21
265598,5654,2025-05-31,2025-06-01,2025-06-03,Delivered,Credit Card,Express Shipping,0.1,6612.16
481693,19678,2025-08-07,2025-08-08,2025-08-11,Delivered,Debit Card,Standard Shipping,0.0,4421.52
288276,32135,2025-10-20,,,Cancelled,Debit Card,Standard Shipping,0.05,579.47
265439,13722,2023-04-08,2023-04-10,2023-04-13,Delivered,Net Banking,Standard Shipping,0.2,2552.01
32059,22676,2025-05-11,2025-05-12,2025-05-14,Delivered,Wallet,Standard Shipping,0.05,1021.22
294095,79324,2022-07-29,2022-07-30,2022-08-03,Delivered,UPI,Standard Shipping,0.05,563.91
233586,11783,2025-03-27,,,Cancelled,Debit Card,Standard Shipping,0.05,281.91
113292,4862,2025-08-26,2025-08-29,2025-09-01,Delivered,Debit Card,Standard Shipping,0.15,589.37
150388,79842,2024-02-02,2024-02-03,2024-02-07,Delivered,Credit Card,Express Shipping,0.2,3125.71
92224,45856,2025-10-28,2025-10-30,2025-11-01,Delivered,Credit Card,Priority Overnight,0.15,599.12
274307,99381,2025-12-23,2025-12-24,2025-12-28,Delivered,Net Banking,Standard Shipping,0.05,736.46
76227,14725,2025-01-26,2025-01-27,2025-01-29,Delivered,Wallet,Standard Shipping,0.1,1258.17
39394,14534,2024-07-29,2024-07-30,2024-08-01,Delivered,Wallet,Standard Shipping,0.15,432.86
46009,1931,2024-04-27,,,Cancelled,Net Banking,Standard Shipping,0.2,1327.91
479049,54870,2024-11-23,2024-11-26,2024-11-28,Returned,Credit Card,Standard Shipping,0.0,2712.73
319577,15681,2024-10-31,2024-11-01,2024-11-03,Delivered,Wallet,Standard Shipping,0.15,1701.79
34287,26875,2024-11-20,2024-11-21,2024-11-25,Delivered,Credit Card,Standard Shipping,0.0,2867.29
284046,23880,2025-09-20,2025-09-22,2025-09-25,Delivered,UPI,Express Shipping,0.0,1358.43
149331,28316,2025-03-06,2025-03-08,2025-03-10,Delivered,Credit Card,Express Shipping,0.2,769.97
55220,17437,2024-12-05,2024-12-07,2024-12-10,Delivered,UPI,Standard Shipping,0.0,738.91
398230,79595,2025-11-09,2025-11-11,2025-11-13,Delivered,Net Banking,Standard Shipping,0.0,1935.01
83990,95043,2025-08-02,2025-08-03,2025-08-07,Delivered,COD,Standard Shipping,0.0,3811.4
66918,60283,2024-07-19,2024-07-20,2024-07-23,Delivered,Debit Card,Priority Overnight,0.0,1264.44
143328,47997,2025-10-03,2025-10-05,2025-10-08,Delivered,Credit Card,Economy Shipping,0.0,2091.96
498200,78059,2025-05-12,2025-05-13,2025-05-15,Delivered,Credit Card,Express Shipping,0.15,2336.4
453033,16835,2025-11-03,2025-11-05,2025-11-08,Delivered,Debit Card,Standard Shipping,0.0,3809.39
257470,93391,2025-10-09,2025-10-12,2025-10-14,Delivered,Wallet,Express Shipping,0.0,1573.94
26937,74076,2025-05-12,2025-05-14,2025-05-16,Delivered,Wallet,Standard Shipping,0.1,3941.92
57799,10170,2025-07-25,2025-07-27,2025-07-30,Delivered,Net Banking,Standard Shipping,0.1,1687.83
296715,24617,2025-10-12,2025-10-15,2025-10-20,Delivered,Credit Card,Standard Shipping,0.1,2186.95
338755,58613,2025-11-05,,,Cancelled,Credit Card,Standard Shipping,0.15,2355.48
489779,29827,2024-04-28,,,Cancelled,UPI,Express Shipping,0.1,2474.81
149901,47895,2024-10-18,2024-10-19,2024-10-21,Delivered,UPI,Economy Shipping,0.05,1799.74
200644,91202,2023-08-30,2023-08-31,2023-09-05,Delivered,Credit Card,Express Shipping,0.0,670.47
490030,96956,2025-11-15,2025-11-16,2025-11-18,Delivered,Credit Card,Standard Shipping,0.0,2675.27
425748,8839,2022-04-03,2022-04-04,2022-04-07,Delivered,UPI,Priority Overnight,0.0,1458.24
467824,93802,2024-11-03,2024-11-04,2024-11-08,Delivered,Credit Card,Standard Shipping,0.05,1418.11
201317,86431,2024-09-25,2024-09-26,2024-09-29,Delivered,Credit Card,Standard Shipping,0.05,1034.51
269260,1018,2025-03-03,2025-03-05,2025-03-09,Delivered,Credit Card,Standard Shipping,0.05,120.57
485142,40345,2025-08-22,2025-08-23,2025-08-26,Delivered,Wallet,Express Shipping,0.0,1480.35
94178,27798,2025-07-13,2025-07-16,2025-07-18,Delivered,Debit Card,Express Shipping,0.1,532.36
342308,6723,2025-12-11,2025-12-12,2025-12-15,Delivered,Credit Card,Standard Shipping,0.0,1338.15
413999,48509,2023-06-12,2023-06-13,2023-06-15,Delivered,Credit Card,Priority Overnight,0.1,894.77
123452,61057,2024-11-16,2024-11-17,2024-11-21,Delivered,Debit Card,Standard Shipping,0.15,2679.54
287679,81642,2023-07-10,2023-07-11,2023-07-14,Delivered,Debit Card,Standard Shipping,0.0,1579.97
392903,51906,2024-12-01,,,Pending,Credit Card,Express Shipping,0.0,1502.55
296837,83666,2023-08-10,,,Cancelled,Wallet,Standard Shipping,0.0,1145.93
267421,23083,2025-04-21,2025-04-24,2025-04-27,Delivered,UPI,Express Shipping,0.0,1843.49
136109,23754,2025-06-30,2025-07-02,2025-07-05,Delivered,Credit Card,Express Shipping,0.0,800.95
224231,11299,2024-11-24,2024-11-27,2024-11-29,Delivered,Net Banking,Express Shipping,0.05,2977.53
236671,16658,2025-12-29,2025-12-30,2026-01-01,Delivered,Debit Card,Express Shipping,0.0,2671.5
260300,20470,2025-12-20,2025-12-21,2025-12-25,Delivered,Debit Card,Standard Shipping,0.05,2837.31
35034,9519,2023-10-14,2023-10-15,2023-10-17,Delivered,Credit Card,Standard Shipping,0.1,1544.65
288401,78664,2025-01-05,2025-01-06,2025-01-09,Delivered,Debit Card,Priority Overnight,0.0,1370.96
378243,36178,2024-10-02,2024-10-05,2024-10-09,Delivered,Credit Card,Standard Shipping,0.0,1832.77
487652,40436,2024-05-18,2024-05-19,2024-05-21,Delivered,Credit Card,Standard Shipping,0.05,1447.35
46529,40340,2025-10-17,2025-10-18,2025-10-20,Delivered,UPI,Standard Shipping,0.0,3878.35
52572,38830,2025-12-22,2025-12-23,2025-12-27,Delivered,Debit Card,Standard Shipping,0.0,3297.97
355366,49963,2024-08-22,2024-08-23,2024-08-26,Delivered,UPI,Standard Shipping,0.05,1324.98
242496,96806,2025-11-23,2025-11-25,2025-11-27,Delivered,Credit Card,Express Shipping,0.1,1043.87
213847,31106,2024-05-06,2024-05-07,2024-05-12,Delivered,UPI,Standard Shipping,0.1,487.25
415808,46618,2025-11-18,2025-11-21,2025-11-24,Delivered,Debit Card,Express Shipping,0.0,832.81
245159,39345,2024-08-22,2024-08-23,2024-08-27,Delivered,Net Banking,Express Shipping,0.0,1720.42
385187,90970,2024-03-25,2024-03-26,2024-03-28,Delivered,Debit Card,Economy Shipping,0.0,1476.17
362977,84255,2025-12-31,2026-01-02,2026-01-05,Delivered,Credit Card,Standard Shipping,0.05,6272.77
458051,16566,2025-02-26,2025-02-28,2025-03-03,Delivered,Credit Card,Standard Shipping,0.0,1849.57
16519,91398,2025-01-25,2025-01-27,2025-01-30,Delivered,Debit Card,Express Shipping,0.0,3271.01
222647,16554,2025-05-07,2025-05-08,2025-05-12,Delivered,Debit Card,Standard Shipping,0.0,2701.94
191404,58664,2025-11-25,2025-11-27,2025-12-01,Delivered,Net Banking,Standard Shipping,0.0,5266.61
241355,81942,2025-07-20,,,Cancelled,Debit Card,Standard Shipping,0.05,1017.79
262374,77684,2025-09-09,2025-09-11,2025-09-14,Delivered,Credit Card,Standard Shipping,0.0,4790.1
182523,67587,2025-07-25,2025-07-26,2025-07-29,Delivered,Debit Card,Express Shipping,0.2,2365.79
371610,45713,2025-10-13,2025-10-15,2025-10-17,Delivered,Debit Card,Standard Shipping,0.0,565.98
460044,96195,2023-05-06,2023-05-09,2023-05-12,Delivered,UPI,Standard Shipping,0.0,774.36
52431,31519,2024-11-26,2024-11-28,2024-11-30,Delivered,Credit Card,Standard Shipping,0.05,4063.16
328654,96059,2024-03-11,2024-03-12,2024-03-16,Delivered,Credit Card,Express Shipping,0.0,524.74
202844,42817,2025-08-17,2025-08-19,2025-08-22,Delivered,Credit Card,Express Shipping,0.1,3794.76
84902,98838,2025-11-26,2025-11-29,2025-12-01,Delivered,COD,Express Shipping,0.05,124.86
76920,94811,2025-12-19,2025-12-20,2025-12-24,Delivered,Net Banking,Standard Shipping,0.05,2362.05
121314,32245,2024-07-06,2024-07-07,2024-07-10,Delivered,Credit Card,Express Shipping,0.15,1004.41
24536,71367,2025-11-06,2025-11-07,2025-11-09,Delivered,COD,Standard Shipping,0.1,959.96
251355,14566,2024-12-14,2024-12-17,2024-12-20,Delivered,Credit Card,Economy Shipping,0.0,484.44
120079,41522,2025-05-26,2025-05-27,2025-05-31,Delivered,UPI,Standard Shipping,0.05,1394.31
104408,58926,2024-12-01,2024-12-03,2024-12-05,Delivered,Debit Card,Standard Shipping,0.0,456.99
403179,109,2022-05-17,2022-05-19,2022-05-21,Delivered,Credit Card,Standard Shipping,0.05,1358.95
88118,86910,2025-01-15,2025-01-16,2025-01-20,Delivered,Net Banking,Standard Shipping,0.0,4948.9
8011,66915,2025-10-06,2025-10-07,2025-10-10,Delivered,Credit Card,Standard Shipping,0.0,2520.72
434931,71486,2024-09-12,2024-09-14,2024-09-16,Delivered,Credit Card,Standard Shipping,0.1,2548.37
346586,41239,2022-10-30,2022-11-01,2022-11-04,Delivered,Credit Card,Express Shipping,0.0,1117.67
321358,73412,2025-04-01,2025-04-03,2025-04-05,Delivered,Wallet,Standard Shipping,0.0,5751.45
193327,11343,2024-12-15,2024-12-18,2024-12-20,Delivered,Net Banking,Standard Shipping,0.1,1728.87
476372,11718,2025-08-29,2025-08-30,2025-09-02,Delivered,Debit Card,Standard Shipping,0.05,1490.31
491924,15398,2025-11-25,2025-11-26,2025-11-28,Delivered,Wallet,Express Shipping,0.1,339.06
62495,75900,2025-07-01,,,Cancelled,UPI,Standard Shipping,0.0,1015.45
355759,31516,2025-11-17,2025-11-19,2025-11-23,Delivered,COD,Priority Overnight,0.05,927.13
451242,77613,2023-01-15,2023-01-16,2023-01-20,Delivered,Credit Card,Standard Shipping,0.0,342.81
440023,95428,2022-12-29,2023-01-01,2023-01-05,Delivered,Net Banking,Standard Shipping,0.0,2411.35
56858,30724,2023-11-30,,,Pending,Debit Card,Standard Shipping,0.0,3154.61
73920,14965,2025-10-10,2025-10-12,2025-10-14,Delivered,Debit Card,Standard Shipping,0.0,2989.48
283741,29210,2023-11-05,2023-11-06,2023-11-09,Delivered,Debit Card,Standard Shipping,0.0,2108.54
144469,73456,2025-11-05,2025-11-06,2025-11-09,Delivered,Debit Card,Standard Shipping,0.0,1475.1
386851,49469,2024-12-26,2024-12-28,2024-12-30,Delivered,Credit Card,Priority Overnight,0.0,1207.96
300737,54168,2025-05-24,2025-05-25,2025-05-27,Delivered,Credit Card,Standard Shipping,0.0,1699.74
336080,57645,2024-07-20,2024-07-21,2024-07-23,Delivered,UPI,Priority Overnight,0.0,135.99
103641,91261,2025-10-27,2025-10-29,2025-11-03,Delivered,Credit Card,Standard Shipping,0.05,502.86
481708,28474,2025-10-08,2025-10-09,2025-10-11,Delivered,Credit Card,Express Shipping,0.2,2934.69
285422,30714,2025-03-01,2025-03-03,2025-03-05,Delivered,Net Banking,Express Shipping,0.15,1002.88
483189,42895,2025-01-19,2025-01-20,2025-01-24,Delivered,Credit Card,Express Shipping,0.2,1468.78
417687,32056,2025-05-19,2025-05-21,2025-05-25,Delivered,Debit Card,Economy Shipping,0.0,2418.39
121415,13466,2023-07-05,2023-07-06,2023-07-09,Delivered,Wallet,Priority Overnight,0.0,1534.61
389783,2469,2024-12-06,2024-12-09,2024-12-11,Delivered,Net Banking,Express Shipping,0.05,586.26
146310,66898,2025-02-08,2025-02-11,2025-02-13,Delivered,UPI,Standard Shipping,0.05,68.36
431311,10050,2025-11-01,2025-11-02,2025-11-05,Delivered,Credit Card,Standard Shipping,0.0,900.97
443781,62564,2023-06-18,2023-06-21,2023-06-24,Delivered,Credit Card,Priority Overnight,0.0,4290.52
430042,10822,2025-11-26,2025-11-27,2025-11-29,Delivered,Credit Card,Priority Overnight,0.05,1399.4
155048,75896,2025-10-28,2025-10-29,2025-10-31,Delivered,UPI,Economy Shipping,0.0,4421.1
242980,80490,2025-08-16,2025-08-18,2025-08-20,Delivered,COD,Standard Shipping,0.0,766.11
49502,71280,2025-07-31,2025-08-02,2025-08-04,Delivered,Credit Card,Standard Shipping,0.0,3180.47
432201,86274,2025-03-23,2025-03-25,2025-03-27,Delivered,Debit Card,Standard Shipping,0.0,33.99
127475,45582,2025-08-08,2025-08-11,2025-08-15,Delivered,Net Banking,Express Shipping,0.0,1712.3
12790,34328,2023-10-10,2023-10-11,2023-10-14,Delivered,UPI,Standard Shipping,0.0,3462.44
347338,88770,2025-02-17,,,Pending,Debit Card,Standard Shipping,0.0,1110.11
307734,79730,2022-11-08,,,Cancelled,Debit Card,Standard Shipping,0.05,1951.45
261130,97252,2025-06-24,2025-06-25,2025-06-28,Delivered,UPI,Express Shipping,0.0,662.42
166401,23234,2024-04-14,2024-04-15,2024-04-19,Delivered,Net Banking,Express Shipping,0.0,805.93
100734,75776,2025-12-12,2025-12-13,2025-12-16,Delivered,UPI,Standard Shipping,0.15,1299.04
302443,14829,2023-11-29,,,Pending,Credit Card,Standard Shipping,0.1,410.48
89590,71123,2024-11-27,2024-11-29,2024-12-03,Delivered,Credit Card,Economy Shipping,0.0,164.28
170819,46262,2025-12-29,2025-12-30,2026-01-01,Delivered,Wallet,Express Shipping,0.0,306.02
322648,92610,2023-12-14,2023-12-17,2023-12-19,Delivered,Debit Card,Express Shipping,0.0,594.96
13729,27691,2023-12-18,2023-12-20,2023-12-23,Delivered,UPI,Standard Shipping,0.0,1235.65
260816,28894,2024-06-27,2024-06-29,2024-07-02,Delivered,Debit Card,Standard Shipping,0.2,1650.61
123666,97744,2025-12-06,2025-12-08,2025-12-11,Delivered,Wallet,Priority Overnight,0.0,527.95
429507,81197,2025-12-19,2025-12-22,2025-12-25,Delivered,Credit Card,Standard Shipping,0.05,807.88
440826,36693,2025-12-17,2025-12-19,2025-12-21,Delivered,Debit Card,Standard Shipping,0.05,526.81
141962,94465,2025-07-29,2025-07-30,2025-08-02,Delivered,Debit Card,Priority Overnight,0.05,1252.73
132864,86815,2024-08-31,2024-09-01,2024-09-06,Delivered,Debit Card,Economy Shipping,0.0,759.92
4103,33223,2025-04-15,,,Cancelled,Debit Card,Express Shipping,0.0,321.95
320378,66983,2025-12-20,2025-12-22,2025-12-27,Delivered,Net Banking,Economy Shipping,0.2,2135.78
308863,57894,2025-10-05,2025-10-07,2025-10-11,Delivered,Wallet,Standard Shipping,0.05,1470.96
467115,4641,2023-05-21,2023-05-22,2023-05-24,Delivered,Debit Card,Economy Shipping,0.1,813.31
38677,47133,2025-08-10,2025-08-13,2025-08-17,Delivered,Credit Card,Standard Shipping,0.05,1229.36
144940,94322,2025-10-09,2025-10-12,2025-10-14,Delivered,Credit Card,Standard Shipping,0.0,1597.85
250809,55425,2025-07-19,2025-07-21,2025-07-23,Delivered,Wallet,Standard Shipping,0.0,1506.31
262915,58675,2025-11-11,2025-11-14,2025-11-16,Delivered,UPI,Standard Shipping,0.1,1926.72
240718,42922,2025-04-20,2025-04-21,2025-04-23,Delivered,Wallet,Express Shipping,0.0,1993.95
25130,69184,2025-11-09,2025-11-10,2025-11-14,Delivered,Credit Card,Economy Shipping,0.05,2148.58
3482,51155,2022-04-25,2022-04-27,2022-05-02,Delivered,Credit Card,Standard Shipping,0.15,475.12
439790,78857,2025-12-23,2025-12-25,2025-12-30,Delivered,COD,Standard Shipping,0.0,457.65
13965,29499,2025-11-10,2025-11-12,2025-11-14,Delivered,Debit Card,Standard Shipping,0.05,3538.72
248457,46856,2024-04-02,2024-04-04,2024-04-07,Returned,Credit Card,Standard Shipping,0.0,2175.25
442509,41332,2024-10-08,2024-10-11,2024-10-13,Delivered,Credit Card,Standard Shipping,0.0,1328.04
221938,25223,2024-10-28,2024-10-29,2024-11-01,Delivered,Credit Card,Standard Shipping,0.0,2418.08
360791,30479,2025-02-27,2025-02-28,2025-03-02,Delivered,Credit Card,Standard Shipping,0.05,458.96
304270,37489,2024-11-16,2024-11-17,2024-11-20,Delivered,COD,Express Shipping,0.1,977.37
133772,23763,2025-10-17,2025-10-18,2025-10-20,Delivered,UPI,Express Shipping,0.1,1865.25
219148,35227,2024-12-14,2024-12-16,2024-12-19,Delivered,Wallet,Standard Shipping,0.0,1192.45
141477,57472,2025-09-11,2025-09-12,2025-09-15,Delivered,Credit Card,Express Shipping,0.1,472.48
447511,71315,2025-03-28,2025-03-29,2025-04-01,Returned,Debit Card,Standard Shipping,0.1,1233.05
310008,40155,2025-12-31,2026-01-02,2026-01-04,Delivered,Credit Card,Priority Overnight,0.05,3541.66
189159,92606,2024-10-20,2024-10-21,2024-10-25,Delivered,UPI,Standard Shipping,0.15,2622.68
415446,2502,2025-11-23,2025-11-26,2025-11-29,Delivered,Net Banking,Express Shipping,0.0,1519.94
148852,80031,2024-10-09,2024-10-10,2024-10-13,Delivered,COD,Standard Shipping,0.05,6052.97
265963,36380,2023-07-25,2023-07-27,2023-08-01,Delivered,Credit Card,Standard Shipping,0.05,3174.02
48269,94904,2025-10-02,2025-10-04,2025-10-07,Delivered,UPI,Standard Shipping,0.0,4132.97
155241,33930,2024-04-05,2024-04-07,2024-04-10,Delivered,Credit Card,Economy Shipping,0.0,2876.41
207935,62172,2024-04-20,2024-04-21,2024-04-25,Delivered,Net Banking,Express Shipping,0.1,1715.44
67975,37357,2024-10-05,2024-10-07,2024-10-10,Delivered,Debit Card,Priority Overnight,0.0,1377.29
269525,10345,2023-08-14,2023-08-15,2023-08-18,Delivered,UPI,Standard Shipping,0.1,3256.69
53802,49295,2025-09-25,2025-09-27,2025-10-01,Delivered,UPI,Standard Shipping,0.05,629.07
368773,63436,2024-01-03,2024-01-04,2024-01-07,Delivered,UPI,Economy Shipping,0.0,350.92
102989,27527,2024-10-21,2024-10-22,2024-10-25,Delivered,Credit Card,Standard Shipping,0.0,6133.64
382366,5159,2024-09-06,2024-09-07,2024-09-10,Delivered,UPI,Standard Shipping,0.05,542.43
32025,78532,2025-07-12,2025-07-14,2025-07-16,Delivered,Credit Card,Standard Shipping,0.05,1102.66
431878,62072,2025-12-07,,,Pending,UPI,Economy Shipping,0.0,3134.83
399730,67722,2025-12-23,2025-12-24,2025-12-26,Delivered,Debit Card,Standard Shipping,0.0,2221.56
30000,15041,2024-12-01,2024-12-04,2024-12-06,Delivered,Debit Card,Standard Shipping,0.1,23.38
43300,52225,2025-05-31,2025-06-03,2025-06-06,Delivered,Net Banking,Express Shipping,0.0,1038.63
115332,29555,2024-06-16,2024-06-17,2024-06-21,Delivered,Debit Card,Express Shipping,0.05,1355.13
385210,66763,2025-03-14,2025-03-16,2025-03-19,Returned,Credit Card,Standard Shipping,0.05,3815.86
478806,9056,2025-08-26,2025-08-27,2025-08-29,Delivered,Credit Card,Standard Shipping,0.0,2984.93
420547,17134,2025-12-28,2025-12-29,2026-01-01,Delivered,Credit Card,Standard Shipping,0.1,1768.11
204628,82790,2025-11-23,2025-11-24,2025-11-27,Returned,UPI,Standard Shipping,0.0,389.97
131859,15598,2025-08-04,2025-08-05,2025-08-07,Delivered,Net Banking,Standard Shipping,0.15,4667.31
481804,45629,2023-09-12,2023-09-13,2023-09-16,Delivered,Net Banking,Standard Shipping,0.05,6520.05
304985,92540,2025-12-09,2025-12-11,2025-12-15,Delivered,UPI,Standard Shipping,0.1,3580.21
160631,25768,2025-08-15,2025-08-16,2025-08-19,Delivered,Credit Card,Standard Shipping,0.0,3786.44
98933,49654,2023-05-29,2023-05-31,2023-06-03,Delivered,UPI,Standard Shipping,0.05,1449.98
154890,9280,2025-12-02,2025-12-04,2025-12-08,Delivered,Debit Card,Standard Shipping,0.05,1110.15
9828,92772,2024-10-02,2024-10-04,2024-10-09,Delivered,Credit Card,Standard Shipping,0.0,831.98
278953,66012,2023-06-21,2023-06-23,2023-06-27,Delivered,Debit Card,Priority Overnight,0.1,2730.31
326322,56223,2023-12-11,,,Cancelled,Net Banking,Express Shipping,0.0,1449.66
380504,77194,2025-02-20,2025-02-21,2025-02-25,Delivered,Debit Card,Standard Shipping,0.15,2817.16
171514,80335,2025-12-28,2025-12-29,2026-01-01,Delivered,Credit Card,Standard Shipping,0.1,1213.16
127218,39974,2024-12-21,2024-12-22,2024-12-25,Delivered,UPI,Express Shipping,0.15,917.12
240044,6314,2023-12-11,2023-12-14,2023-12-16,Delivered,Credit Card,Express Shipping,0.0,2465.82
366108,73243,2025-12-31,2026-01-01,2026-01-04,Delivered,Debit Card,Economy Shipping,0.05,1794.8
216017,73848,2025-09-09,2025-09-10,2025-09-12,Delivered,Credit Card,Standard Shipping,0.05,2049.08
79367,26934,2025-12-23,2025-12-24,2025-12-26,Delivered,Debit Card,Standard Shipping,0.0,2559.14
393707,68511,2025-03-13,2025-03-14,2025-03-16,Returned,Credit Card,Express Shipping,0.05,2603.22
115242,46260,2025-10-29,2025-10-31,2025-11-03,Delivered,Credit Card,Standard Shipping,0.0,2774.5
460883,97558,2025-05-10,2025-05-12,2025-05-15,Delivered,Credit Card,Economy Shipping,0.0,1647.74
475872,27928,2025-12-24,2025-12-27,2025-12-29,Delivered,UPI,Standard Shipping,0.05,649.41
116827,84111,2022-09-23,2022-09-24,2022-09-26,Delivered,Credit Card,Standard Shipping,0.0,852.68
345623,27011,2024-11-17,2024-11-19,2024-11-23,Delivered,Credit Card,Standard Shipping,0.2,1446.64
267938,34853,2022-10-14,2022-10-16,2022-10-20,Delivered,Credit Card,Standard Shipping,0.0,1695.7
276714,26421,2025-10-03,2025-10-04,2025-10-07,Delivered,UPI,Priority Overnight,0.0,1530.77
129172,71185,2024-01-28,2024-01-30,2024-02-01,Delivered,COD,Standard Shipping,0.05,1820.14
358454,17147,2025-05-07,,,Cancelled,Credit Card,Standard Shipping,0.1,273.33
337862,59489,2025-03-10,2025-03-13,2025-03-18,Delivered,COD,Priority Overnight,0.15,3843.88
457206,29109,2023-11-04,2023-11-05,2023-11-08,Delivered,Wallet,Express Shipping,0.0,741.97
62192,32321,2023-02-27,2023-03-01,2023-03-03,Delivered,Wallet,Economy Shipping,0.05,805.1
321439,33175,2025-03-12,2025-03-13,2025-03-16,Delivered,Net Banking,Standard Shipping,0.0,1608.02
307026,37704,2025-05-18,,,Pending,Credit Card,Standard Shipping,0.0,3986.34
320640,31557,2024-05-28,,,Pending,Credit Card,Economy Shipping,0.0,1730.94
50517,39599,2025-07-28,2025-07-30,2025-08-04,Delivered,Credit Card,Express Shipping,0.0,90.99
10890,13268,2024-01-13,2024-01-14,2024-01-16,Delivered,Net Banking,Express Shipping,0.0,4321.71
250116,55211,2025-08-30,2025-08-31,2025-09-02,Delivered,UPI,Priority Overnight,0.0,493.37
125668,99199,2024-11-29,2024-12-02,2024-12-05,Delivered,Debit Card,Economy Shipping,0.0,6692.84
458787,62685,2024-09-18,2024-09-20,2024-09-23,Delivered,Credit Card,Standard Shipping,0.05,3240.05
322194,44960,2023-08-09,,,Pending,Wallet,Standard Shipping,0.15,275.17
334286,35342,2025-09-14,2025-09-15,2025-09-18,Delivered,Debit Card,Standard Shipping,0.0,2434.26
298548,27198,2024-11-16,2024-11-17,2024-11-21,Delivered,Debit Card,Express Shipping,0.2,2906.13
455878,25604,2025-05-22,2025-05-23,2025-05-26,Delivered,UPI,Standard Shipping,0.05,2350.22
397195,91075,2024-11-07,2024-11-09,2024-11-14,Delivered,Credit Card,Standard Shipping,0.2,244.77
478873,84438,2025-11-06,2025-11-08,2025-11-11,Delivered,UPI,Standard Shipping,0.1,1885.29
437915,39601,2024-02-25,2024-02-27,2024-03-03,Delivered,UPI,Priority Overnight,0.0,162.99
156326,45756,2025-03-26,2025-03-27,2025-03-30,Delivered,Credit Card,Standard Shipping,0.15,391.72
12798,29971,2022-11-14,2022-11-15,2022-11-17,Delivered,Credit Card,Standard Shipping,0.15,628.11
35017,97445,2024-11-05,2024-11-07,2024-11-11,Delivered,Credit Card,Express Shipping,0.15,1064.91
109685,19432,2025-11-26,2025-11-28,2025-12-01,Delivered,Net Banking,Express Shipping,0.0,2701.64
455802,74550,2025-11-13,2025-11-15,2025-11-17,Delivered,Wallet,Standard Shipping,0.0,3582.45
108288,87333,2024-09-27,2024-09-29,2024-10-02,Returned,UPI,Standard Shipping,0.0,2713.79
389432,10992,2024-07-18,2024-07-21,2024-07-25,Delivered,Credit Card,Express Shipping,0.0,4218.85
480490,33492,2024-04-07,2024-04-10,2024-04-13,Delivered,Credit Card,Standard Shipping,0.2,1875.2
466130,39026,2025-08-02,2025-08-03,2025-08-07,Delivered,Credit Card,Priority Overnight,0.0,4899.7
462210,9757,2024-05-01,2024-05-04,2024-05-08,Delivered,Debit Card,Standard Shipping,0.15,165.28
281487,63780,2024-12-31,2025-01-01,2025-01-03,Delivered,Net Banking,Priority Overnight,0.0,2101.39
90784,39181,2025-12-19,,,Cancelled,Credit Card,Economy Shipping,0.0,824.26
307761,96989,2023-11-26,2023-11-27,2023-12-01,Delivered,Debit Card,Express Shipping,0.05,3645.99
290250,76321,2025-11-30,2025-12-02,2025-12-07,Delivered,Credit Card,Express Shipping,0.0,2710.37
282833,87919,2025-11-19,2025-11-21,2025-11-25,Delivered,Wallet,Express Shipping,0.1,1700.92
356485,73128,2025-06-19,,,Cancelled,Wallet,Priority Overnight,0.05,3452.42
412567,27946,2025-10-13,2025-10-15,2025-10-18,Delivered,Wallet,Standard Shipping,0.0,91.98
131894,22445,2024-08-05,2024-08-07,2024-08-12,Delivered,UPI,Express Shipping,0.1,191.37
379229,42487,2025-11-09,2025-11-11,2025-11-13,Delivered,Net Banking,Express Shipping,0.05,1238.71
52376,17261,2025-10-05,2025-10-08,2025-10-10,Delivered,Credit Card,Standard Shipping,0.0,1829.35
415625,76392,2024-07-03,2024-07-04,2024-07-06,Delivered,Debit Card,Standard Shipping,0.0,1076.16
276596,20291,2025-06-17,2025-06-19,2025-06-24,Delivered,Debit Card,Standard Shipping,0.2,2325.94
27521,2073,2024-12-26,2024-12-29,2024-12-31,Delivered,Credit Card,Express Shipping,0.0,168.97
458495,63823,2025-09-14,2025-09-15,2025-09-18,Delivered,Credit Card,Standard Shipping,0.0,1880.53
232046,42325,2025-06-07,,,Pending,Credit Card,Standard Shipping,0.05,1496.11
214917,73372,2024-11-09,2024-11-10,2024-11-13,Delivered,Debit Card,Standard Shipping,0.0,775.97
445396,62934,2024-08-01,2024-08-03,2024-08-05,Delivered,Credit Card,Standard Shipping,0.0,3674.65
254609,50961,2023-11-02,2023-11-03,2023-11-05,Delivered,UPI,Economy Shipping,0.0,1176.44
70316,43053,2025-07-19,2025-07-22,2025-07-25,Returned,Net Banking,Express Shipping,0.0,995.12
285707,84267,2022-08-03,2022-08-04,2022-08-06,Delivered,Debit Card,Standard Shipping,0.05,629.25
189739,60089,2025-09-07,2025-09-09,2025-09-11,Delivered,Debit Card,Standard Shipping,0.05,1679.15
481560,63417,2024-02-10,2024-02-11,2024-02-15,Delivered,Credit Card,Express Shipping,0.1,550.76
79651,35616,2025-10-10,2025-10-13,2025-10-16,Delivered,UPI,Priority Overnight,0.0,2200.56
107423,59048,2025-07-26,,,Cancelled,Debit Card,Express Shipping,0.05,1199.39
392004,30984,2024-02-11,2024-02-14,2024-02-16,Returned,Debit Card,Standard Shipping,0.0,249.3
310336,10000,2024-10-11,2024-10-14,2024-10-18,Delivered,COD,Economy Shipping,0.0,2685.04
383326,25812,2024-06-04,2024-06-07,2024-06-12,Delivered,Debit Card,Standard Shipping,0.05,1140.92
87321,11100,2025-09-29,2025-10-02,2025-10-04,Delivered,Net Banking,Standard Shipping,0.2,6364.14
262384,70765,2025-04-08,2025-04-09,2025-04-12,Delivered,Credit Card,Standard Shipping,0.1,247.99
96159,95915,2025-10-06,2025-10-07,2025-10-11,Delivered,UPI,Standard Shipping,0.05,903.12
443194,3458,2025-10-24,2025-10-25,2025-10-28,Delivered,UPI,Express Shipping,0.0,786.94
312231,38805,2025-11-26,2025-11-27,2025-11-30,Delivered,UPI,Standard Shipping,0.15,3203.1
379854,55731,2025-09-30,2025-10-01,2025-10-06,Delivered,UPI,Standard Shipping,0.0,942.7
298630,15240,2025-10-20,,,Cancelled,UPI,Express Shipping,0.0,7743.79
130646,57334,2025-12-16,2025-12-17,2025-12-19,Delivered,Debit Card,Economy Shipping,0.0,4106.57
138703,72808,2025-11-15,2025-11-17,2025-11-20,Delivered,Credit Card,Standard Shipping,0.0,2852.76
220389,19582,2025-09-27,2025-09-28,2025-09-30,Delivered,Wallet,Standard Shipping,0.0,1469.97
224884,45716,2023-07-02,2023-07-04,2023-07-09,Delivered,Credit Card,Standard Shipping,0.1,421.17
28643,33914,2023-01-03,2023-01-04,2023-01-06,Delivered,Credit Card,Priority Overnight,0.0,4039.03
126062,41180,2024-11-21,2024-11-23,2024-11-28,Delivered,UPI,Standard Shipping,0.15,689.76
128791,32962,2025-08-03,2025-08-05,2025-08-07,Delivered,Credit Card,Standard Shipping,0.15,151.19
129037,37614,2025-08-12,2025-08-13,2025-08-15,Delivered,Credit Card,Economy Shipping,0.05,1228.66
495155,72392,2025-09-28,2025-09-29,2025-10-01,Delivered,Credit Card,Standard Shipping,0.1,2181.23
400081,59339,2023-03-14,2023-03-15,2023-03-18,Delivered,Debit Card,Standard Shipping,0.05,5530.47
159888,38805,2025-12-19,2025-12-22,2025-12-25,Delivered,UPI,Express Shipping,0.1,1076.54
187414,88326,2023-03-23,,,Pending,Credit Card,Economy Shipping,0.2,2754.32
299552,41644,2025-08-31,2025-09-01,2025-09-04,Delivered,Credit Card,Standard Shipping,0.1,1779.55
93195,52292,2025-04-25,2025-04-26,2025-04-28,Delivered,UPI,Standard Shipping,0.15,2977.14
119812,33934,2024-11-13,2024-11-14,2024-11-17,Delivered,Debit Card,Express Shipping,0.05,803.67
314026,94190,2025-11-29,2025-12-01,2025-12-05,Delivered,Debit Card,Express Shipping,0.0,3762.48
147196,87569,2022-12-12,2022-12-15,2022-12-18,Delivered,Credit Card,Standard Shipping,0.0,1740.83
266155,42993,2024-12-15,2024-12-18,2024-12-20,Delivered,UPI,Standard Shipping,0.15,1563.01
78843,4309,2025-11-05,2025-11-06,2025-11-08,Delivered,Credit Card,Standard Shipping,0.05,640.97
77928,49718,2025-07-13,2025-07-15,2025-07-18,Delivered,Credit Card,Economy Shipping,0.0,830.73
306256,64091,2023-12-05,,,Cancelled,UPI,Economy Shipping,0.1,1500.56
323838,88503,2025-01-21,,,Pending,UPI,Express Shipping,0.2,2645.95
130392,20408,2025-06-19,2025-06-20,2025-06-23,Delivered,Credit Card,Standard Shipping,0.1,570.53
50295,15487,2025-12-08,2025-12-09,2025-12-12,Delivered,UPI,Standard Shipping,0.05,2963.5
263953,3042,2025-01-20,2025-01-23,2025-01-25,Delivered,Debit Card,Standard Shipping,0.1,1014.28
181815,84511,2025-07-05,2025-07-07,2025-07-10,Delivered,Debit Card,Standard Shipping,0.1,2724.65
453737,38197,2024-09-07,2024-09-08,2024-09-11,Delivered,COD,Express Shipping,0.05,4180.54
298148,57938,2023-12-29,2023-12-30,2024-01-01,Delivered,Credit Card,Standard Shipping,0.05,1576.93
367125,45927,2025-09-23,2025-09-25,2025-09-28,Returned,Credit Card,Standard Shipping,0.05,1495.36
340241,32287,2025-06-08,2025-06-11,2025-06-13,Delivered,Debit Card,Standard Shipping,0.15,1929.53
370364,48334,2023-12-08,2023-12-09,2023-12-12,Delivered,Debit Card,Standard Shipping,0.0,2775.3
298937,45766,2025-11-03,,,Cancelled,UPI,Express Shipping,0.0,1577.07
82305,63054,2024-10-29,2024-10-31,2024-11-03,Delivered,Wallet,Standard Shipping,0.15,765.22
26517,42641,2025-01-24,2025-01-26,2025-01-28,Delivered,Credit Card,Standard Shipping,0.05,409.96
499886,31340,2025-05-30,2025-06-01,2025-06-06,Delivered,Credit Card,Standard Shipping,0.1,1513.51
464363,26829,2025-12-21,2025-12-22,2025-12-26,Delivered,UPI,Standard Shipping,0.05,2032.26
10446,34332,2025-11-20,2025-11-21,2025-11-23,Delivered,Credit Card,Priority Overnight,0.05,1284.13
213261,36374,2025-10-05,2025-10-07,2025-10-09,Delivered,Credit Card,Standard Shipping,0.0,1507.95
484877,20531,2025-04-08,2025-04-10,2025-04-12,Delivered,Credit Card,Standard Shipping,0.2,719.5
9004,98352,2025-07-09,2025-07-10,2025-07-14,Delivered,Net Banking,Standard Shipping,0.0,1354.89
128884,71998,2025-05-01,2025-05-03,2025-05-05,Delivered,Debit Card,Standard Shipping,0.0,2145.95
184925,95545,2024-02-22,2024-02-23,2024-02-27,Delivered,Credit Card,Standard Shipping,0.0,3777.16
295144,80168,2024-07-14,2024-07-15,2024-07-18,Delivered,Credit Card,Express Shipping,0.1,1989.8
122423,4027,2022-12-10,2022-12-11,2022-12-13,Delivered,Debit Card,Express Shipping,0.1,888.87
25448,19872,2025-02-14,2025-02-16,2025-02-20,Delivered,Debit Card,Standard Shipping,0.05,1471.7
235959,89344,2025-09-22,2025-09-24,2025-09-29,Delivered,Debit Card,Express Shipping,0.05,2505.33
171846,62811,2024-05-06,2024-05-08,2024-05-10,Delivered,Debit Card,Standard Shipping,0.0,1871.85
340243,37357,2024-09-20,2024-09-22,2024-09-26,Delivered,Credit Card,Priority Overnight,0.05,3030.44
164296,93370,2025-12-14,2025-12-15,2025-12-17,Delivered,UPI,Express Shipping,0.05,3872.76
112721,95963,2025-08-31,2025-09-02,2025-09-06,Delivered,Debit Card,Standard Shipping,0.0,908.61
156901,44524,2025-10-26,2025-10-27,2025-10-29,Delivered,Credit Card,Standard Shipping,0.1,2802.36
494414,63017,2025-05-31,2025-06-01,2025-06-04,Delivered,UPI,Economy Shipping,0.0,2085.26
386158,59761,2023-12-24,2023-12-25,2023-12-29,Delivered,Credit Card,Standard Shipping,0.05,933.48
435907,55584,2022-07-04,2022-07-06,2022-07-08,Delivered,UPI,Express Shipping,0.15,1598.06
475325,9491,2025-11-11,2025-11-14,2025-11-18,Delivered,Net Banking,Express Shipping,0.0,1422.27
348673,66232,2025-06-04,2025-06-07,2025-06-11,Delivered,Credit Card,Economy Shipping,0.0,3797.94
393261,23177,2025-10-20,2025-10-22,2025-10-25,Delivered,Credit Card,Standard Shipping,0.0,3050.72
394260,99421,2023-07-11,2023-07-12,2023-07-17,Delivered,Debit Card,Priority Overnight,0.1,1217.66
420138,6082,2025-12-24,2025-12-26,2025-12-28,Delivered,Debit Card,Economy Shipping,0.0,405.48
488322,70277,2023-12-22,2023-12-25,2023-12-28,Delivered,UPI,Standard Shipping,0.0,2345.61
182149,70816,2025-12-04,2025-12-07,2025-12-12,Delivered,Debit Card,Express Shipping,0.15,1195.89
370207,97059,2024-02-05,2024-02-06,2024-02-08,Delivered,Wallet,Express Shipping,0.0,3793.46
885,70134,2025-12-22,2025-12-25,2025-12-28,Returned,Wallet,Express Shipping,0.0,1469.64
442641,36324,2024-04-04,2024-04-06,2024-04-09,Delivered,Credit Card,Standard Shipping,0.05,1647.23
280426,39887,2025-08-11,2025-08-13,2025-08-16,Delivered,UPI,Economy Shipping,0.15,626.65
117945,21061,2023-12-27,2023-12-28,2024-01-02,Returned,Credit Card,Standard Shipping,0.2,4791.23
355977,22214,2022-12-18,,,Cancelled,Debit Card,Standard Shipping,0.05,2302.82
366948,15757,2025-09-16,2025-09-19,2025-09-21,Delivered,Credit Card,Standard Shipping,0.0,2051.24
97403,22921,2025-11-10,2025-11-11,2025-11-14,Delivered,Net Banking,Standard Shipping,0.0,3264.94
34638,35374,2024-07-14,2024-07-16,2024-07-18,Delivered,COD,Express Shipping,0.0,1770.01
79407,69825,2025-12-23,2025-12-24,2025-12-27,Delivered,Debit Card,Standard Shipping,0.05,5250.08
419214,61893,2025-10-31,2025-11-01,2025-11-03,Delivered,Credit Card,Standard Shipping,0.0,3328.6
130863,41755,2024-01-07,2024-01-09,2024-01-12,Delivered,Credit Card,Priority Overnight,0.05,1119.34
192163,15064,2025-12-07,2025-12-08,2025-12-10,Delivered,Credit Card,Priority Overnight,0.05,832.93
27325,26688,2025-03-23,2025-03-24,2025-03-26,Returned,Debit Card,Standard Shipping,0.0,3254.75
131488,89973,2024-06-09,2024-06-10,2024-06-13,Delivered,Credit Card,Express Shipping,0.05,1101.69
80442,53465,2025-11-15,2025-11-17,2025-11-19,Returned,Credit Card,Standard Shipping,0.15,1013.3
202340,32721,2024-11-02,2024-11-03,2024-11-06,Delivered,UPI,Standard Shipping,0.05,1353.57
251692,31808,2022-05-04,2022-05-05,2022-05-07,Returned,Debit Card,Standard Shipping,0.05,2929.74
80943,33553,2025-07-09,2025-07-10,2025-07-13,Delivered,Credit Card,Express Shipping,0.0,1227.94
437009,76879,2025-11-05,2025-11-06,2025-11-11,Delivered,Debit Card,Priority Overnight,0.1,1699.72
164363,83536,2024-08-24,2024-08-26,2024-08-28,Delivered,Credit Card,Express Shipping,0.0,1500.12
379590,8394,2024-10-02,2024-10-04,2024-10-08,Delivered,Wallet,Economy Shipping,0.0,402.83
33286,20010,2024-08-15,2024-08-16,2024-08-18,Delivered,Debit Card,Standard Shipping,0.0,2533.44
120451,91987,2023-10-23,2023-10-24,2023-10-27,Delivered,Credit Card,Economy Shipping,0.0,436.98
255608,50793,2025-11-17,2025-11-18,2025-11-21,Delivered,Net Banking,Priority Overnight,0.05,693.45
309647,18595,2025-09-23,2025-09-24,2025-09-26,Delivered,Credit Card,Standard Shipping,0.1,91.33
180662,24175,2024-12-16,2024-12-18,2024-12-23,Delivered,UPI,Standard Shipping,0.1,408.06
325839,92768,2024-08-25,2024-08-26,2024-08-29,Delivered,Credit Card,Standard Shipping,0.0,1179.41
243335,63298,2025-12-04,2025-12-05,2025-12-09,Returned,Credit Card,Priority Overnight,0.15,876.99
58401,55580,2024-09-09,2024-09-10,2024-09-13,Delivered,Debit Card,Express Shipping,0.0,654.96
157100,56985,2025-12-07,2025-12-08,2025-12-11,Delivered,UPI,Standard Shipping,0.1,1267.64
132163,77077,2025-01-23,2025-01-25,2025-01-27,Delivered,Credit Card,Express Shipping,0.05,1990.94
304853,41173,2024-11-14,,,Cancelled,Debit Card,Economy Shipping,0.0,1597.89
262339,35052,2023-05-11,,,Cancelled,UPI,Express Shipping,0.0,1536.07
218555,5462,2025-02-06,2025-02-08,2025-02-11,Delivered,UPI,Standard Shipping,0.05,1572.2
437921,73344,2024-11-04,2024-11-05,2024-11-07,Delivered,UPI,Standard Shipping,0.0,2445.66
456429,28545,2024-10-01,2024-10-04,2024-10-08,Delivered,Net Banking,Standard Shipping,0.0,2389.35
197116,94273,2025-05-27,2025-05-30,2025-06-01,Delivered,Credit Card,Standard Shipping,0.05,1711.0
157374,96530,2024-12-11,2024-12-13,2024-12-16,Delivered,COD,Standard Shipping,0.0,2953.69
243863,79496,2024-03-02,2024-03-05,2024-03-09,Delivered,Wallet,Priority Overnight,0.05,3358.4
17824,91718,2025-04-18,2025-04-19,2025-04-23,Delivered,Credit Card,Express Shipping,0.0,2341.0
274314,23965,2024-11-13,2024-11-15,2024-11-19,Delivered,Credit Card,Standard Shipping,0.05,1266.28
90540,98926,2025-09-23,2025-09-24,2025-09-27,Delivered,UPI,Economy Shipping,0.0,2043.89
289466,51891,2024-12-27,2024-12-29,2024-12-31,Delivered,Debit Card,Express Shipping,0.0,1145.5
338192,43256,2025-12-10,2025-12-11,2025-12-13,Delivered,Debit Card,Standard Shipping,0.05,1803.13
290865,98081,2024-07-29,,,Cancelled,UPI,Standard Shipping,0.1,1181.56
46552,89602,2025-03-14,2025-03-15,2025-03-18,Delivered,Net Banking,Standard Shipping,0.15,4160.64
255331,22363,2024-12-15,2024-12-16,2024-12-18,Delivered,Credit Card,Express Shipping,0.1,2162.8
84089,10867,2023-08-26,2023-08-28,2023-08-30,Delivered,UPI,Express Shipping,0.2,910.35
499790,4746,2023-12-02,2023-12-05,2023-12-08,Delivered,Debit Card,Express Shipping,0.1,284.88
144252,39726,2025-09-16,,,Cancelled,Credit Card,Express Shipping,0.0,4433.35
472218,38306,2025-09-20,2025-09-22,2025-09-25,Returned,Net Banking,Priority Overnight,0.1,752.5
440828,94880,2025-07-18,2025-07-21,2025-07-26,Delivered,UPI,Express Shipping,0.0,482.58
254927,39409,2025-12-05,2025-12-06,2025-12-08,Delivered,Wallet,Standard Shipping,0.0,1477.07
298448,89555,2025-12-14,2025-12-16,2025-12-20,Delivered,Wallet,Express Shipping,0.15,2524.79
183298,21300,2023-09-29,2023-10-02,2023-10-06,Delivered,Debit Card,Economy Shipping,0.0,1522.54
20669,11570,2025-02-05,2025-02-07,2025-02-10,Delivered,Credit Card,Standard Shipping,0.2,1085.68
327690,76683,2025-10-24,2025-10-26,2025-10-29,Delivered,Debit Card,Priority Overnight,0.0,1845.9
17740,69572,2025-10-19,2025-10-20,2025-10-24,Delivered,Credit Card,Express Shipping,0.0,1905.04
341482,64331,2025-06-23,2025-06-24,2025-06-27,Delivered,Credit Card,Express Shipping,0.05,1260.6
111025,4522,2022-11-27,,,Cancelled,Debit Card,Express Shipping,0.05,522.86
317365,68748,2025-10-28,2025-10-31,2025-11-02,Delivered,Net Banking,Standard Shipping,0.15,1143.54
248130,9335,2025-09-03,2025-09-04,2025-09-08,Returned,Debit Card,Express Shipping,0.0,2753.36
349832,3570,2024-11-05,2024-11-08,2024-11-10,Delivered,Credit Card,Economy Shipping,0.15,419.56
271074,3945,2025-10-14,2025-10-15,2025-10-18,Delivered,Credit Card,Standard Shipping,0.0,917.97
339836,55308,2025-12-22,2025-12-24,2025-12-27,Delivered,Debit Card,Standard Shipping,0.1,179.07
94766,351,2025-08-16,2025-08-17,2025-08-22,Delivered,Credit Card,Priority Overnight,0.0,495.22
388716,9568,2025-03-27,2025-03-28,2025-04-02,Delivered,Wallet,Standard Shipping,0.0,1652.94
303155,68920,2025-08-04,2025-08-06,2025-08-09,Delivered,Debit Card,Express Shipping,0.0,443.97
21890,10489,2024-09-19,2024-09-21,2024-09-25,Delivered,Debit Card,Standard Shipping,0.0,861.98
11308,97963,2024-03-30,2024-03-31,2024-04-02,Delivered,UPI,Standard Shipping,0.05,2737.94
446599,6412,2025-06-27,2025-06-30,2025-07-03,Delivered,UPI,Economy Shipping,0.0,3202.55
61463,24909,2025-09-08,2025-09-11,2025-09-13,Delivered,Net Banking,Express Shipping,0.0,3387.21
344700,45088,2025-12-06,2025-12-08,2025-12-10,Delivered,Credit Card,Standard Shipping,0.0,1702.91
474583,24313,2025-11-20,2025-11-21,2025-11-23,Delivered,Debit Card,Standard Shipping,0.15,978.37
351002,23884,2024-11-09,2024-11-10,2024-11-13,Delivered,Wallet,Economy Shipping,0.2,2813.03
295046,43254,2025-12-18,2025-12-20,2025-12-22,Delivered,Net Banking,Express Shipping,0.0,901.22
411640,70618,2025-08-25,2025-08-27,2025-08-30,Delivered,Debit Card,Standard Shipping,0.05,3027.75
343027,86739,2024-09-06,2024-09-09,2024-09-11,Delivered,Net Banking,Express Shipping,0.0,2328.08
351324,74477,2024-03-06,2024-03-07,2024-03-10,Delivered,Credit Card,Express Shipping,0.0,3372.6
342804,54006,2024-07-27,2024-07-29,2024-07-31,Delivered,Net Banking,Economy Shipping,0.05,3433.85
451433,15131,2025-12-06,2025-12-07,2025-12-10,Delivered,Debit Card,Standard Shipping,0.0,611.97
86696,85046,2025-11-03,2025-11-05,2025-11-08,Delivered,Credit Card,Standard Shipping,0.2,552.77
19048,61644,2025-11-26,2025-11-28,2025-12-01,Returned,Net Banking,Priority Overnight,0.0,465.96
126216,12529,2025-06-19,2025-06-22,2025-06-27,Delivered,Credit Card,Express Shipping,0.1,4364.2
294397,9800,2025-02-18,,,Pending,Credit Card,Economy Shipping,0.05,703.93
226507,45573,2025-12-15,2025-12-16,2025-12-18,Delivered,UPI,Standard Shipping,0.0,617.06
431354,55993,2024-10-25,2024-10-26,2024-10-31,Delivered,UPI,Express Shipping,0.05,3564.41
409712,90699,2025-11-27,,,Pending,UPI,Standard Shipping,0.0,940.81
135359,89177,2025-11-21,2025-11-23,2025-11-25,Delivered,Debit Card,Standard Shipping,0.0,2935.58
54203,88543,2024-07-24,2024-07-25,2024-07-27,Delivered,Debit Card,Standard Shipping,0.1,1868.25
496,29266,2023-06-05,2023-06-08,2023-06-10,Delivered,Debit Card,Economy Shipping,0.0,1614.54
213690,51364,2025-12-07,2025-12-08,2025-12-13,Delivered,Credit Card,Standard Shipping,0.0,60.99
49874,40524,2025-03-02,2025-03-05,2025-03-08,Delivered,Debit Card,Standard Shipping,0.0,5165.92
121723,54116,2025-11-27,2025-11-30,2025-12-02,Delivered,Net Banking,Standard Shipping,0.0,1547.54
278888,55531,2025-10-10,2025-10-12,2025-10-14,Delivered,Credit Card,Standard Shipping,0.0,3733.99
242165,44542,2025-10-22,,,Pending,Credit Card,Standard Shipping,0.0,1561.96
395321,8531,2025-02-22,2025-02-23,2025-02-27,Delivered,Credit Card,Standard Shipping,0.05,1396.0
243425,21446,2025-12-08,2025-12-09,2025-12-13,Delivered,UPI,Express Shipping,0.05,1942.15
136511,80733,2024-01-26,2024-01-27,2024-02-01,Delivered,Net Banking,Priority Overnight,0.0,797.91
85665,42386,2023-12-01,2023-12-02,2023-12-04,Delivered,UPI,Standard Shipping,0.0,732.51
452304,82185,2025-01-09,,,Cancelled,COD,Standard Shipping,0.0,583.46
440480,54828,2025-02-21,2025-02-23,2025-02-25,Delivered,Credit Card,Express Shipping,0.1,824.91
490215,55199,2025-05-23,2025-05-26,2025-05-28,Delivered,UPI,Standard Shipping,0.2,1870.36
300936,1809,2025-12-15,2025-12-17,2025-12-20,Delivered,Credit Card,Economy Shipping,0.0,2532.95
352150,31679,2022-11-16,2022-11-17,2022-11-19,Delivered,COD,Express Shipping,0.05,1066.11
116574,94004,2025-12-29,2025-12-31,2026-01-05,Delivered,Debit Card,Standard Shipping,0.0,828.71
189527,16829,2025-12-01,,,Pending,Net Banking,Priority Overnight,0.05,165.96
324304,77777,2025-12-28,2025-12-29,2026-01-01,Delivered,Credit Card,Economy Shipping,0.0,1271.94
117390,16696,2024-11-21,2024-11-22,2024-11-25,Returned,Debit Card,Standard Shipping,0.0,354.62
29846,98514,2023-05-06,2023-05-07,2023-05-10,Delivered,Debit Card,Standard Shipping,0.15,1949.52
328388,57818,2025-04-26,2025-04-28,2025-04-30,Delivered,COD,Standard Shipping,0.0,692.97
23210,80962,2025-10-04,,,Pending,Debit Card,Standard Shipping,0.05,2462.31
451693,6076,2025-01-12,2025-01-13,2025-01-16,Returned,Credit Card,Standard Shipping,0.0,177.98
389419,16704,2025-10-28,2025-10-30,2025-11-03,Delivered,Net Banking,Standard Shipping,0.0,1727.75
225671,30888,2025-11-15,2025-11-16,2025-11-18,Delivered,COD,Standard Shipping,0.0,1978.9
64843,28239,2025-05-22,2025-05-24,2025-05-29,Delivered,COD,Express Shipping,0.05,2596.28
349544,4648,2025-07-09,2025-07-10,2025-07-12,Delivered,Net Banking,Express Shipping,0.05,1384.99
242552,61168,2025-11-19,2025-11-21,2025-11-25,Delivered,Net Banking,Standard Shipping,0.15,2103.17
47450,87241,2025-03-13,2025-03-15,2025-03-18,Delivered,Credit Card,Standard Shipping,0.1,3945.09
228500,29437,2025-11-17,2025-11-18,2025-11-22,Delivered,UPI,Standard Shipping,0.0,1273.14
164166,32829,2025-03-01,2025-03-02,2025-03-07,Delivered,Credit Card,Priority Overnight,0.05,2584.79
83369,25245,2025-09-29,2025-10-02,2025-10-06,Delivered,Debit Card,Economy Shipping,0.0,1233.05
382617,55690,2024-12-13,2024-12-15,2024-12-18,Delivered,Debit Card,Standard Shipping,0.0,373.97
78310,72544,2025-10-12,2025-10-14,2025-10-17,Delivered,Debit Card,Express Shipping,0.0,3527.1
278982,38224,2025-07-02,,,Pending,Debit Card,Express Shipping,0.0,1021.07
41061,39172,2025-07-11,2025-07-13,2025-07-18,Delivered,Debit Card,Standard Shipping,0.05,622.56
22556,63257,2025-09-24,2025-09-25,2025-09-28,Delivered,Credit Card,Express Shipping,0.05,720.23
219585,19919,2025-08-26,2025-08-28,2025-09-01,Delivered,COD,Standard Shipping,0.05,1399.69
318907,74242,2024-07-10,2024-07-12,2024-07-15,Delivered,Credit Card,Standard Shipping,0.0,1922.42
234870,50546,2024-11-23,,,Cancelled,Credit Card,Standard Shipping,0.0,1255.56
53145,7762,2024-09-10,2024-09-11,2024-09-13,Delivered,Credit Card,Express Shipping,0.0,2754.1
437574,75865,2023-12-28,2023-12-29,2024-01-03,Delivered,Debit Card,Priority Overnight,0.0,4213.94
315386,455,2024-09-14,2024-09-16,2024-09-18,Delivered,Net Banking,Standard Shipping,0.0,1048.15
438369,59991,2025-05-05,2025-05-08,2025-05-11,Delivered,Credit Card,Economy Shipping,0.15,1171.45
153217,37294,2024-10-05,2024-10-07,2024-10-10,Delivered,Credit Card,Express Shipping,0.0,571.99
11414,88829,2025-12-05,2025-12-06,2025-12-09,Delivered,Net Banking,Express Shipping,0.2,2085.92
190255,2725,2025-06-16,2025-06-17,2025-06-21,Delivered,UPI,Standard Shipping,0.0,4675.37
193146,31260,2025-05-21,2025-05-22,2025-05-25,Delivered,Credit Card,Standard Shipping,0.0,635.2
345600,46907,2024-09-16,2024-09-17,2024-09-19,Delivered,UPI,Express Shipping,0.0,331.77
75070,30620,2025-07-08,2025-07-09,2025-07-11,Delivered,UPI,Express Shipping,0.0,2342.94
123639,27798,2023-05-23,2023-05-24,2023-05-26,Delivered,UPI,Express Shipping,0.1,543.57
191742,88543,2024-12-05,2024-12-06,2024-12-09,Delivered,Debit Card,Priority Overnight,0.05,3927.64
96296,52368,2022-04-18,,,Pending,UPI,Standard Shipping,0.0,2504.34
438296,69694,2023-11-29,2023-11-30,2023-12-04,Delivered,Net Banking,Standard Shipping,0.15,876.33
465761,81375,2025-11-30,2025-12-02,2025-12-06,Delivered,Credit Card,Express Shipping,0.0,2329.35
308013,24166,2025-11-01,,,Cancelled,Debit Card,Express Shipping,0.1,382.48
399415,36806,2025-11-03,2025-11-06,2025-11-09,Delivered,Debit Card,Standard Shipping,0.0,3500.2
370282,57556,2025-06-02,2025-06-03,2025-06-05,Delivered,COD,Standard Shipping,0.0,3624.5
238948,73175,2024-07-06,2024-07-07,2024-07-11,Delivered,Credit Card,Express Shipping,0.0,1850.94
101980,35683,2025-01-30,2025-01-31,2025-02-03,Delivered,UPI,Standard Shipping,0.1,1367.94
346099,55751,2023-07-15,2023-07-16,2023-07-20,Delivered,Debit Card,Express Shipping,0.0,2340.98
64898,95920,2025-08-23,2025-08-26,2025-08-28,Delivered,Debit Card,Priority Overnight,0.05,971.89
228789,23949,2024-06-13,2024-06-16,2024-06-21,Delivered,Debit Card,Standard Shipping,0.2,800.15
95504,29284,2025-05-04,2025-05-05,2025-05-07,Delivered,Net Banking,Priority Overnight,0.15,793.57
359377,65789,2025-11-26,2025-11-28,2025-11-30,Delivered,Debit Card,Standard Shipping,0.1,2165.83
387455,95249,2025-11-02,2025-11-03,2025-11-06,Delivered,Debit Card,Priority Overnight,0.05,529.97
453350,8169,2023-06-19,2023-06-21,2023-06-24,Delivered,UPI,Standard Shipping,0.0,1199.74
63602,28261,2024-06-18,2024-06-19,2024-06-23,Delivered,Credit Card,Express Shipping,0.05,828.78
457500,23339,2025-06-14,2025-06-15,2025-06-20,Delivered,Net Banking,Express Shipping,0.0,1057.9
419527,45396,2024-03-12,,,Cancelled,COD,Standard Shipping,0.0,1161.96
480584,68060,2025-11-03,2025-11-06,2025-11-11,Delivered,Credit Card,Standard Shipping,0.15,827.17
268145,64573,2023-05-02,2023-05-03,2023-05-05,Delivered,Debit Card,Express Shipping,0.0,1200.49
307279,73441,2025-06-19,2025-06-21,2025-06-24,Delivered,UPI,Standard Shipping,0.0,4434.11
158914,65323,2025-07-18,2025-07-21,2025-07-26,Delivered,Debit Card,Express Shipping,0.0,3482.93
136487,73160,2025-01-20,2025-01-22,2025-01-25,Delivered,Net Banking,Standard Shipping,0.1,3205.32
109427,8958,2025-06-29,2025-06-30,2025-07-02,Delivered,Wallet,Standard Shipping,0.0,761.87
39782,77545,2024-12-16,2024-12-17,2024-12-19,Delivered,Credit Card,Economy Shipping,0.0,1619.92
368322,31252,2024-03-22,2024-03-24,2024-03-26,Delivered,Debit Card,Express Shipping,0.0,3017.95
187179,97501,2025-09-19,2025-09-22,2025-09-24,Delivered,Credit Card,Standard Shipping,0.0,1534.83
97258,91192,2025-11-23,2025-11-24,2025-11-27,Delivered,UPI,Standard Shipping,0.0,464.98
13518,16965,2024-09-22,2024-09-24,2024-09-27,Delivered,UPI,Standard Shipping,0.05,725.44
9083,74406,2025-06-29,,,Cancelled,Wallet,Express Shipping,0.0,1315.98
324084,43574,2025-11-24,,,Cancelled,Credit Card,Standard Shipping,0.1,1929.2
464407,79393,2024-12-23,2024-12-24,2024-12-26,Delivered,UPI,Standard Shipping,0.0,2806.55
22107,92587,2025-10-13,2025-10-16,2025-10-18,Delivered,Credit Card,Standard Shipping,0.0,1658.55
48877,95764,2022-04-23,2022-04-24,2022-04-26,Delivered,Debit Card,Standard Shipping,0.1,1077.38
477395,2847,2025-10-03,2025-10-04,2025-10-08,Delivered,Credit Card,Express Shipping,0.15,1733.95
344861,90636,2022-12-11,2022-12-12,2022-12-14,Delivered,Credit Card,Priority Overnight,0.0,125.39
394566,95126,2025-05-22,,,Cancelled,Net Banking,Standard Shipping,0.0,2756.91
139656,61057,2025-11-11,2025-11-12,2025-11-16,Delivered,Credit Card,Standard Shipping,0.15,45.73
452389,83993,2023-12-30,2024-01-01,2024-01-05,Delivered,Credit Card,Standard Shipping,0.0,2224.94
498215,98931,2025-11-09,2025-11-10,2025-11-14,Delivered,Debit Card,Standard Shipping,0.2,843.25
75864,20268,2025-08-18,2025-08-21,2025-08-24,Delivered,Credit Card,Express Shipping,0.2,2939.05
459535,60759,2023-11-01,2023-11-03,2023-11-06,Delivered,COD,Standard Shipping,0.0,466.87
215841,98854,2025-10-24,2025-10-27,2025-10-30,Delivered,Credit Card,Standard Shipping,0.0,728.61
241761,26980,2025-02-12,2025-02-13,2025-02-15,Delivered,Wallet,Economy Shipping,0.05,1877.73
183461,45833,2025-07-06,2025-07-07,2025-07-09,Delivered,Credit Card,Economy Shipping,0.0,1959.39
403253,39527,2024-10-17,2024-10-18,2024-10-21,Delivered,Credit Card,Standard Shipping,0.15,1661.69
122734,404,2023-08-15,2023-08-18,2023-08-22,Delivered,Debit Card,Standard Shipping,0.05,1353.59
484724,89716,2025-07-11,2025-07-14,2025-07-17,Delivered,UPI,Express Shipping,0.0,627.27
403051,34860,2024-02-26,2024-02-29,2024-03-02,Delivered,UPI,Express Shipping,0.0,2129.51
131975,40775,2024-05-24,2024-05-26,2024-05-29,Delivered,Credit Card,Express Shipping,0.0,519.96
471036,58287,2022-12-06,2022-12-08,2022-12-10,Delivered,UPI,Standard Shipping,0.1,870.09
21491,4768,2025-07-04,2025-07-06,2025-07-09,Returned,Credit Card,Express Shipping,0.0,1382.97
321607,61265,2025-03-29,2025-03-30,2025-04-01,Delivered,Debit Card,Standard Shipping,0.05,2070.33
369329,97913,2024-02-17,2024-02-19,2024-02-22,Delivered,Credit Card,Express Shipping,0.0,5146.57
489148,38005,2025-10-21,2025-10-22,2025-10-26,Delivered,Wallet,Standard Shipping,0.0,3861.9
399775,29341,2025-11-02,2025-11-04,2025-11-08,Delivered,UPI,Economy Shipping,0.05,3152.06
47241,12602,2025-11-24,2025-11-26,2025-11-29,Delivered,UPI,Express Shipping,0.05,582.92
362683,12272,2022-07-26,2022-07-28,2022-07-31,Delivered,Net Banking,Express Shipping,0.0,536.07
431721,57366,2024-11-27,2024-11-28,2024-12-01,Delivered,Wallet,Express Shipping,0.15,1281.96
397859,34416,2025-12-12,,,Pending,Credit Card,Express Shipping,0.0,1224.96
406487,25957,2024-04-19,2024-04-22,2024-04-26,Delivered,Credit Card,Standard Shipping,0.0,1909.28
482189,79030,2025-06-18,2025-06-21,2025-06-23,Delivered,Debit Card,Priority Overnight,0.05,4709.91
113166,41288,2025-06-23,2025-06-25,2025-06-29,Delivered,Net Banking,Standard Shipping,0.0,884.43
234537,20337,2025-11-22,2025-11-23,2025-11-25,Delivered,Wallet,Express Shipping,0.2,918.63
211703,37934,2023-12-18,2023-12-19,2023-12-23,Delivered,Debit Card,Standard Shipping,0.05,2968.12
230676,53591,2025-11-25,2025-11-26,2025-11-28,Returned,Credit Card,Economy Shipping,0.1,134.97
38848,59269,2023-11-02,2023-11-03,2023-11-07,Delivered,UPI,Standard Shipping,0.0,651.56
134845,27808,2022-04-19,2022-04-20,2022-04-22,Delivered,Credit Card,Standard Shipping,0.0,1351.35
110005,11278,2025-07-03,2025-07-04,2025-07-06,Delivered,UPI,Standard Shipping,0.05,1760.31
240554,37968,2024-04-02,2024-04-03,2024-04-06,Returned,Net Banking,Standard Shipping,0.05,403.73
230693,15910,2025-08-24,2025-08-25,2025-08-27,Delivered,Credit Card,Express Shipping,0.0,4306.77
194415,82790,2025-12-24,2025-12-26,2025-12-28,Delivered,Credit Card,Standard Shipping,0.0,3476.67
258403,67035,2025-10-23,2025-10-24,2025-10-28,Delivered,Debit Card,Express Shipping,0.1,2611.73
65891,60968,2025-11-04,2025-11-06,2025-11-08,Delivered,Debit Card,Express Shipping,0.0,988.67
438942,18418,2025-06-27,2025-06-28,2025-07-02,Delivered,Net Banking,Standard Shipping,0.05,3297.0
291832,1857,2024-08-09,2024-08-11,2024-08-15,Delivered,UPI,Standard Shipping,0.0,121.46
154845,20331,2023-08-27,2023-08-29,2023-08-31,Delivered,Wallet,Standard Shipping,0.05,1990.48
361622,92079,2025-01-20,2025-01-21,2025-01-26,Delivered,UPI,Standard Shipping,0.0,537.11
343775,21805,2025-01-26,2025-01-27,2025-01-29,Delivered,Net Banking,Standard Shipping,0.05,773.27
342295,41177,2023-02-14,2023-02-17,2023-02-20,Delivered,UPI,Express Shipping,0.05,1803.89
450863,74132,2024-12-25,,,Cancelled,Credit Card,Express Shipping,0.0,3236.24
3100,1444,2025-11-17,2025-11-19,2025-11-22,Delivered,Credit Card,Express Shipping,0.05,1919.64
456370,51471,2023-01-25,,,Pending,Net Banking,Standard Shipping,0.05,875.94
204547,11995,2025-10-09,2025-10-10,2025-10-12,Delivered,Credit Card,Standard Shipping,0.05,2901.88
356649,12632,2024-12-21,2024-12-22,2024-12-24,Delivered,Credit Card,Express Shipping,0.0,862.55
425942,40646,2025-07-25,2025-07-27,2025-07-30,Delivered,Debit Card,Express Shipping,0.0,387.02
231791,75828,2025-07-10,2025-07-12,2025-07-15,Delivered,Credit Card,Standard Shipping,0.0,1168.15
465746,61562,2025-03-09,,,Cancelled,Credit Card,Priority Overnight,0.0,4349.76
76096,31308,2025-06-11,2025-06-12,2025-06-15,Delivered,Credit Card,Priority Overnight,0.0,2954.41
104321,20086,2025-10-30,2025-11-02,2025-11-05,Delivered,Net Banking,Express Shipping,0.1,939.2
100125,2914,2024-06-06,2024-06-08,2024-06-10,Delivered,Debit Card,Priority Overnight,0.05,3888.28
285576,94624,2025-11-23,2025-11-24,2025-11-29,Delivered,Credit Card,Standard Shipping,0.05,2647.15
271215,5289,2025-11-04,2025-11-05,2025-11-07,Delivered,Debit Card,Standard Shipping,0.1,3144.95
3867,44112,2024-07-31,2024-08-01,2024-08-05,Delivered,Net Banking,Standard Shipping,0.0,1414.82
166876,52486,2025-12-13,2025-12-15,2025-12-20,Delivered,Credit Card,Standard Shipping,0.05,1243.7
279417,99955,2023-10-01,2023-10-03,2023-10-06,Delivered,Debit Card,Standard Shipping,0.2,2032.45
323526,68075,2025-10-11,2025-10-13,2025-10-15,Returned,Wallet,Standard Shipping,0.0,1707.96
165061,89858,2025-12-15,2025-12-16,2025-12-18,Delivered,Debit Card,Standard Shipping,0.2,958.95
272628,6950,2025-11-21,2025-11-22,2025-11-25,Delivered,Debit Card,Express Shipping,0.05,1287.95
1582,94302,2024-04-08,2024-04-09,2024-04-12,Delivered,Credit Card,Standard Shipping,0.1,358.19
22192,33339,2025-01-01,,,Pending,UPI,Standard Shipping,0.0,1315.31
73725,1230,2024-12-11,2024-12-12,2024-12-14,Delivered,Wallet,Standard Shipping,0.0,2179.1
222094,83125,2024-12-08,2024-12-09,2024-12-11,Delivered,Credit Card,Express Shipping,0.0,2611.59
218544,1181,2025-12-30,2026-01-01,2026-01-03,Delivered,Wallet,Standard Shipping,0.0,2118.79
93151,34204,2024-11-02,2024-11-03,2024-11-05,Delivered,Wallet,Express Shipping,0.0,1387.11
34240,92655,2025-06-23,2025-06-25,2025-06-28,Delivered,UPI,Standard Shipping,0.05,1859.46
495227,89496,2023-05-26,2023-05-28,2023-05-31,Delivered,Debit Card,Standard Shipping,0.15,2012.75
138986,12800,2024-01-08,2024-01-11,2024-01-15,Delivered,Credit Card,Standard Shipping,0.0,3579.2
373971,6256,2025-11-29,2025-12-01,2025-12-03,Delivered,Net Banking,Standard Shipping,0.0,1223.98
457169,89100,2024-06-14,2024-06-16,2024-06-19,Delivered,Debit Card,Standard Shipping,0.1,786.16
405907,98,2025-12-18,2025-12-19,2025-12-23,Delivered,Credit Card,Economy Shipping,0.0,1728.96
410938,98926,2024-06-07,2024-06-08,2024-06-10,Delivered,Wallet,Express Shipping,0.0,3933.95
84470,65179,2025-06-20,2025-06-21,2025-06-23,Delivered,Credit Card,Express Shipping,0.0,726.72
68557,65480,2025-09-22,2025-09-25,2025-09-28,Delivered,Wallet,Express Shipping,0.0,857.26
140853,92130,2025-12-12,2025-12-14,2025-12-16,Delivered,Debit Card,Standard Shipping,0.0,4407.1
405917,42290,2025-07-19,2025-07-20,2025-07-24,Delivered,Debit Card,Express Shipping,0.0,4980.56
473439,18471,2024-11-26,2024-11-28,2024-12-02,Returned,Debit Card,Express Shipping,0.0,859.76
282505,47702,2025-07-05,2025-07-06,2025-07-10,Delivered,Credit Card,Standard Shipping,0.1,1153.47
336756,41965,2025-12-12,2025-12-14,2025-12-17,Delivered,UPI,Standard Shipping,0.0,2565.53
215488,10000,2023-12-17,2023-12-19,2023-12-21,Delivered,Credit Card,Standard Shipping,0.0,2235.87
37229,7628,2025-11-29,2025-11-30,2025-12-02,Delivered,COD,Standard Shipping,0.0,2327.01
98480,31182,2025-11-15,2025-11-16,2025-11-19,Delivered,UPI,Standard Shipping,0.0,920.93
381573,5543,2024-11-09,2024-11-10,2024-11-12,Delivered,Credit Card,Priority Overnight,0.2,905.17
255439,79582,2025-09-08,2025-09-10,2025-09-12,Delivered,UPI,Standard Shipping,0.1,2545.34
70070,37740,2024-04-13,,,Cancelled,Net Banking,Standard Shipping,0.1,2068.73
318592,56567,2025-03-08,2025-03-11,2025-03-13,Delivered,Credit Card,Standard Shipping,0.0,2455.16
221783,8752,2025-08-08,2025-08-10,2025-08-12,Delivered,Credit Card,Priority Overnight,0.1,1876.48
80974,87553,2024-05-06,,,Cancelled,Credit Card,Standard Shipping,0.0,5934.41
141850,91828,2022-09-05,2022-09-06,2022-09-09,Delivered,Credit Card,Priority Overnight,0.0,1330.89
347104,72358,2025-09-18,2025-09-20,2025-09-23,Delivered,Debit Card,Economy Shipping,0.05,99.74
475475,70195,2025-08-02,2025-08-04,2025-08-09,Delivered,Credit Card,Standard Shipping,0.0,2703.94
404343,44565,2024-02-23,2024-02-25,2024-02-28,Delivered,Credit Card,Standard Shipping,0.05,3056.96
99608,18174,2025-06-21,2025-06-24,2025-06-27,Delivered,UPI,Standard Shipping,0.1,1300.91
92761,27470,2025-05-13,2025-05-15,2025-05-17,Delivered,Credit Card,Standard Shipping,0.05,585.79
94132,28552,2025-12-12,2025-12-14,2025-12-16,Delivered,Debit Card,Standard Shipping,0.0,2109.39
437801,78194,2024-09-26,2024-09-28,2024-09-30,Delivered,Credit Card,Standard Shipping,0.0,2391.18
435520,11348,2025-11-27,2025-11-28,2025-12-01,Delivered,Credit Card,Standard Shipping,0.0,2564.71
277785,68555,2024-02-09,2024-02-11,2024-02-14,Returned,UPI,Standard Shipping,0.2,4443.85
378734,48549,2025-11-07,2025-11-08,2025-11-10,Delivered,Wallet,Express Shipping,0.0,4006.95
303115,28801,2025-06-14,2025-06-16,2025-06-19,Delivered,UPI,Express Shipping,0.05,1076.7
483378,80274,2025-03-10,2025-03-11,2025-03-14,Delivered,Net Banking,Standard Shipping,0.1,1361.18
403200,24833,2025-03-24,2025-03-25,2025-03-29,Delivered,Debit Card,Standard Shipping,0.2,1011.46
447331,96972,2024-11-02,2024-11-04,2024-11-08,Delivered,COD,Standard Shipping,0.1,670.47
34611,10189,2025-06-03,,,Pending,Credit Card,Express Shipping,0.0,1644.75
246017,9772,2024-08-17,2024-08-18,2024-08-23,Delivered,Debit Card,Standard Shipping,0.05,1067.1
271436,54758,2024-05-29,2024-05-30,2024-06-02,Delivered,Credit Card,Express Shipping,0.0,641.99
364188,51969,2025-06-10,2025-06-11,2025-06-14,Delivered,Credit Card,Standard Shipping,0.1,703.25
27383,96701,2025-12-12,2025-12-14,2025-12-18,Delivered,Net Banking,Express Shipping,0.15,819.18
303491,25581,2024-04-29,2024-04-30,2024-05-04,Returned,Credit Card,Standard Shipping,0.0,1010.28
486320,15037,2025-10-01,,,Cancelled,Credit Card,Standard Shipping,0.05,445.49
118177,86695,2025-10-26,2025-10-28,2025-10-30,Delivered,Debit Card,Standard Shipping,0.1,1325.67
376981,98399,2025-05-07,2025-05-09,2025-05-13,Delivered,Credit Card,Priority Overnight,0.1,1024.27
76932,49495,2025-09-24,2025-09-25,2025-09-28,Delivered,Debit Card,Priority Overnight,0.0,581.95
287164,30888,2025-09-27,2025-09-28,2025-10-01,Delivered,Wallet,Standard Shipping,0.0,3305.54
219667,42459,2025-12-25,2025-12-27,2026-01-01,Delivered,Credit Card,Standard Shipping,0.0,197.99
109547,24556,2025-11-08,2025-11-10,2025-11-12,Delivered,Credit Card,Priority Overnight,0.1,4133.13
117161,46209,2024-05-31,2024-06-03,2024-06-06,Delivered,Credit Card,Priority Overnight,0.0,1534.74
464296,62913,2024-12-19,2024-12-20,2024-12-22,Delivered,Wallet,Express Shipping,0.05,353.77
158609,74997,2025-02-20,,,Pending,Net Banking,Standard Shipping,0.05,2025.36
100428,92893,2025-03-26,2025-03-27,2025-03-31,Delivered,Debit Card,Express Shipping,0.0,1525.65
118613,62737,2025-02-12,2025-02-13,2025-02-15,Delivered,Net Banking,Economy Shipping,0.1,1485.34
420094,97546,2023-12-25,2023-12-26,2023-12-29,Delivered,Credit Card,Priority Overnight,0.1,699.16
108430,21066,2024-09-16,2024-09-17,2024-09-19,Delivered,Net Banking,Express Shipping,0.15,1103.95
280658,9870,2024-10-05,2024-10-07,2024-10-09,Delivered,UPI,Express Shipping,0.05,1515.25
447600,67405,2025-02-11,,,Cancelled,Credit Card,Standard Shipping,0.15,1702.74
64883,68505,2025-03-06,2025-03-07,2025-03-09,Delivered,Debit Card,Economy Shipping,0.0,1010.07
414510,71959,2023-09-07,2023-09-09,2023-09-14,Delivered,Credit Card,Economy Shipping,0.0,4957.92
191774,42544,2025-06-14,,,Cancelled,Credit Card,Standard Shipping,0.0,2170.96
246527,73078,2025-10-20,,,Cancelled,UPI,Express Shipping,0.0,2012.15
92719,82774,2025-07-28,2025-07-29,2025-07-31,Delivered,Credit Card,Express Shipping,0.1,967.3
359932,84725,2023-10-06,2023-10-08,2023-10-11,Delivered,COD,Standard Shipping,0.2,2881.25
242714,18626,2025-10-20,,,Pending,Debit Card,Standard Shipping,0.0,1817.17
424438,57792,2025-09-02,2025-09-05,2025-09-08,Delivered,Debit Card,Standard Shipping,0.0,1327.3
312725,8511,2023-11-10,2023-11-11,2023-11-15,Delivered,Credit Card,Standard Shipping,0.0,1051.13
355349,12735,2025-07-27,2025-07-28,2025-07-30,Delivered,Debit Card,Standard Shipping,0.05,2188.35
284794,78570,2023-09-11,2023-09-13,2023-09-18,Delivered,Wallet,Standard Shipping,0.05,1392.81
28126,23420,2025-07-04,2025-07-05,2025-07-07,Delivered,COD,Express Shipping,0.0,3831.42
53919,12088,2024-11-20,2024-11-22,2024-11-24,Delivered,UPI,Standard Shipping,0.0,597.98
189396,44282,2023-01-04,2023-01-05,2023-01-07,Delivered,Credit Card,Standard Shipping,0.05,3060.09
239109,45014,2023-11-13,2023-11-14,2023-11-18,Delivered,Debit Card,Standard Shipping,0.0,3726.22
260688,45048,2024-06-29,2024-07-01,2024-07-04,Delivered,Debit Card,Standard Shipping,0.0,2537.93
76184,91729,2024-08-11,2024-08-12,2024-08-15,Delivered,Debit Card,Express Shipping,0.15,6697.88
382738,40199,2023-02-02,2023-02-05,2023-02-09,Delivered,UPI,Standard Shipping,0.05,676.31
309344,73843,2024-10-10,2024-10-12,2024-10-17,Delivered,Credit Card,Express Shipping,0.0,2062.54
375303,51210,2025-10-28,2025-10-29,2025-10-31,Delivered,Debit Card,Express Shipping,0.1,77.38
414223,7334,2024-07-17,2024-07-18,2024-07-20,Delivered,Credit Card,Standard Shipping,0.0,4028.82
56824,18556,2025-06-27,2025-06-29,2025-07-01,Delivered,Wallet,Economy Shipping,0.0,2426.22
112550,70521,2025-09-16,2025-09-17,2025-09-19,Delivered,Credit Card,Standard Shipping,0.05,3264.98
115036,25539,2025-02-15,2025-02-17,2025-02-19,Delivered,Net Banking,Standard Shipping,0.05,2391.93
482840,9020,2025-12-19,2025-12-22,2025-12-25,Delivered,Credit Card,Express Shipping,0.1,1280.41
472856,69557,2024-12-05,2024-12-06,2024-12-09,Delivered,Wallet,Express Shipping,0.05,2487.03
36086,70787,2025-08-22,2025-08-23,2025-08-25,Delivered,Wallet,Standard Shipping,0.0,3135.9
128727,15521,2025-12-12,2025-12-13,2025-12-15,Delivered,Credit Card,Express Shipping,0.15,1541.23
262298,86542,2025-04-04,2025-04-05,2025-04-07,Delivered,Credit Card,Standard Shipping,0.0,7341.79
278502,59219,2025-09-19,2025-09-20,2025-09-22,Delivered,Credit Card,Standard Shipping,0.0,1334.73
485333,6928,2025-03-13,2025-03-15,2025-03-20,Delivered,Debit Card,Standard Shipping,0.1,3361.42
340747,8214,2025-12-25,2025-12-26,2025-12-28,Delivered,Credit Card,Express Shipping,0.0,1738.2
306344,57671,2025-05-23,2025-05-24,2025-05-27,Delivered,Credit Card,Economy Shipping,0.0,2991.92
242845,81632,2023-10-25,2023-10-27,2023-10-30,Delivered,Net Banking,Standard Shipping,0.0,1895.06
62167,92392,2024-01-10,2024-01-11,2024-01-13,Delivered,Credit Card,Standard Shipping,0.05,2571.16
268092,53450,2025-12-21,2025-12-24,2025-12-27,Delivered,Credit Card,Express Shipping,0.0,848.88
92973,49820,2024-11-30,2024-12-01,2024-12-03,Delivered,Debit Card,Express Shipping,0.0,1140.16
490739,60911,2024-01-07,2024-01-08,2024-01-12,Delivered,Debit Card,Express Shipping,0.0,1204.33
483775,28496,2024-12-04,2024-12-05,2024-12-09,Delivered,UPI,Priority Overnight,0.0,2485.21
375043,90752,2024-11-11,,,Cancelled,UPI,Standard Shipping,0.0,1236.97
246769,72356,2025-05-11,2025-05-12,2025-05-14,Delivered,Credit Card,Priority Overnight,0.2,660.73
147987,46053,2025-12-30,2025-12-31,2026-01-03,Delivered,Debit Card,Standard Shipping,0.05,1655.17
87128,19880,2024-07-05,2024-07-08,2024-07-12,Delivered,Credit Card,Standard Shipping,0.0,476.09
396496,53383,2025-08-29,2025-08-30,2025-09-02,Delivered,UPI,Standard Shipping,0.0,2269.31
76206,26921,2025-07-08,2025-07-09,2025-07-12,Delivered,Credit Card,Standard Shipping,0.2,929.05
313921,98294,2024-09-07,2024-09-10,2024-09-13,Delivered,UPI,Standard Shipping,0.1,2120.78
387799,74398,2024-12-12,2024-12-14,2024-12-18,Delivered,Credit Card,Standard Shipping,0.05,1011.7
166543,80984,2023-12-06,2023-12-08,2023-12-12,Delivered,Debit Card,Economy Shipping,0.0,2891.06
323956,23752,2025-05-25,2025-05-27,2025-05-30,Delivered,Credit Card,Standard Shipping,0.05,3752.68
196102,32173,2024-08-10,2024-08-11,2024-08-13,Delivered,Wallet,Priority Overnight,0.15,858.25
175392,37140,2025-10-14,2025-10-15,2025-10-20,Delivered,COD,Express Shipping,0.0,364.36
61883,51689,2024-02-06,2024-02-08,2024-02-12,Delivered,UPI,Standard Shipping,0.1,595.0
175992,11308,2025-05-30,2025-05-31,2025-06-02,Delivered,UPI,Express Shipping,0.1,774.85
42394,63647,2024-02-23,2024-02-25,2024-02-27,Delivered,Wallet,Express Shipping,0.0,243.98
416188,59759,2025-11-17,2025-11-19,2025-11-23,Delivered,Debit Card,Standard Shipping,0.1,2299.59
184941,7662,2025-07-17,2025-07-19,2025-07-23,Delivered,Credit Card,Economy Shipping,0.1,426.87
47492,12101,2023-03-18,2023-03-20,2023-03-22,Delivered,UPI,Express Shipping,0.2,1839.14
319668,21854,2025-07-20,2025-07-22,2025-07-27,Returned,Debit Card,Express Shipping,0.0,591.26
416693,58419,2025-12-07,2025-12-09,2025-12-14,Delivered,Debit Card,Express Shipping,0.05,1472.63
362074,69396,2025-04-19,2025-04-21,2025-04-26,Delivered,COD,Standard Shipping,0.15,3927.69
250717,834,2025-06-17,2025-06-18,2025-06-22,Delivered,COD,Standard Shipping,0.15,803.22
206336,94534,2025-02-10,2025-02-11,2025-02-13,Delivered,Wallet,Standard Shipping,0.0,2493.94
21469,84830,2025-10-26,,,Pending,UPI,Priority Overnight,0.1,1500.39
189548,66854,2025-03-08,2025-03-09,2025-03-12,Delivered,UPI,Express Shipping,0.1,3287.03
422501,23385,2023-09-22,2023-09-23,2023-09-25,Delivered,UPI,Standard Shipping,0.05,786.31
46311,26794,2023-11-11,2023-11-12,2023-11-14,Delivered,Net Banking,Economy Shipping,0.2,370.14
181749,11108,2023-10-25,2023-10-27,2023-10-29,Delivered,COD,Express Shipping,0.15,2235.94
201355,22273,2025-11-26,2025-11-28,2025-12-01,Delivered,Debit Card,Standard Shipping,0.0,1474.5
92776,69308,2025-10-19,2025-10-21,2025-10-26,Delivered,Net Banking,Standard Shipping,0.15,2598.04
451627,44120,2022-11-01,2022-11-02,2022-11-05,Delivered,Debit Card,Economy Shipping,0.0,1610.18
439619,3561,2025-08-04,2025-08-05,2025-08-08,Delivered,UPI,Express Shipping,0.15,424.63
59306,57789,2025-01-25,2025-01-26,2025-01-28,Delivered,Debit Card,Priority Overnight,0.2,659.26
245770,45088,2025-08-18,2025-08-19,2025-08-24,Delivered,UPI,Standard Shipping,0.0,695.13
441973,43473,2025-04-26,2025-04-29,2025-05-01,Delivered,COD,Express Shipping,0.0,6575.57
400224,51592,2025-10-31,2025-11-01,2025-11-03,Delivered,Credit Card,Express Shipping,0.0,3700.5
206198,32764,2025-12-27,2025-12-30,2026-01-01,Delivered,Credit Card,Standard Shipping,0.15,1064.13
83351,43735,2024-11-25,2024-11-27,2024-11-29,Delivered,Debit Card,Standard Shipping,0.0,1797.91
270522,97829,2025-08-13,2025-08-16,2025-08-18,Delivered,Credit Card,Standard Shipping,0.15,1761.98
135446,4829,2025-12-02,2025-12-05,2025-12-08,Delivered,Debit Card,Express Shipping,0.05,1484.02
51947,63788,2024-02-13,2024-02-14,2024-02-16,Delivered,UPI,Standard Shipping,0.1,2083.46
417427,17280,2025-07-16,2025-07-17,2025-07-20,Delivered,Net Banking,Express Shipping,0.05,2585.73
40614,44252,2022-07-14,2022-07-15,2022-07-18,Returned,Wallet,Priority Overnight,0.05,2456.51
255964,82896,2025-12-17,2025-12-18,2025-12-21,Delivered,Credit Card,Standard Shipping,0.05,1465.36
145877,8823,2025-04-15,2025-04-16,2025-04-19,Delivered,Credit Card,Express Shipping,0.05,335.56
19495,83785,2025-06-09,,,Cancelled,Credit Card,Express Shipping,0.15,1068.76
206061,80832,2025-02-08,2025-02-09,2025-02-14,Delivered,Credit Card,Standard Shipping,0.0,2738.83
469232,16601,2025-10-18,2025-10-20,2025-10-24,Delivered,UPI,Economy Shipping,0.0,1455.96
72379,21630,2025-10-25,2025-10-26,2025-10-30,Delivered,Net Banking,Express Shipping,0.0,3438.42
327898,80706,2025-12-30,2025-12-31,2026-01-04,Delivered,Credit Card,Express Shipping,0.0,2040.93
123083,77889,2025-09-27,2025-09-28,2025-10-02,Delivered,Credit Card,Express Shipping,0.0,323.61
383493,79197,2025-05-25,2025-05-28,2025-05-31,Delivered,Credit Card,Standard Shipping,0.05,1511.79
240620,4074,2024-10-31,2024-11-03,2024-11-06,Delivered,Credit Card,Standard Shipping,0.1,542.83
98074,47171,2025-10-03,2025-10-04,2025-10-06,Delivered,Debit Card,Standard Shipping,0.0,475.88
50442,80295,2022-07-31,2022-08-03,2022-08-06,Delivered,Wallet,Standard Shipping,0.0,1426.66
38633,89490,2023-07-03,2023-07-05,2023-07-07,Delivered,Credit Card,Standard Shipping,0.2,1703.37
206246,62766,2025-11-23,2025-11-26,2025-11-28,Delivered,UPI,Express Shipping,0.0,896.76
63772,43954,2023-12-01,2023-12-03,2023-12-05,Delivered,COD,Express Shipping,0.2,3333.16
352562,86339,2025-11-09,2025-11-10,2025-11-13,Delivered,UPI,Economy Shipping,0.05,621.32
298073,42792,2023-11-24,2023-11-25,2023-11-28,Delivered,Net Banking,Economy Shipping,0.1,1270.73
472535,52322,2024-05-23,2024-05-26,2024-05-29,Delivered,UPI,Economy Shipping,0.0,1848.65
401849,32576,2022-01-29,2022-01-31,2022-02-03,Returned,Credit Card,Standard Shipping,0.0,483.9
108914,9486,2025-11-05,2025-11-07,2025-11-09,Delivered,Credit Card,Standard Shipping,0.2,554.66
242317,49493,2025-10-01,2025-10-02,2025-10-04,Delivered,Credit Card,Express Shipping,0.0,1770.23
454225,44324,2024-04-27,2024-04-29,2024-05-01,Delivered,COD,Express Shipping,0.1,244.72
401431,76899,2025-11-14,2025-11-16,2025-11-19,Delivered,Credit Card,Standard Shipping,0.05,2432.41
473496,99139,2025-08-12,2025-08-14,2025-08-17,Delivered,Net Banking,Express Shipping,0.0,9525.64
272670,65262,2025-11-12,2025-11-14,2025-11-16,Delivered,UPI,Express Shipping,0.05,1495.26
150155,16924,2025-08-13,2025-08-15,2025-08-18,Delivered,Debit Card,Express Shipping,0.2,955.95
54054,70297,2025-08-08,2025-08-09,2025-08-14,Delivered,Wallet,Economy Shipping,0.0,797.85
418491,93186,2025-10-30,2025-10-31,2025-11-03,Delivered,UPI,Economy Shipping,0.1,594.42
228207,97106,2025-08-19,2025-08-22,2025-08-24,Delivered,Credit Card,Standard Shipping,0.0,1760.97
374915,53358,2025-10-28,2025-10-30,2025-11-01,Delivered,Credit Card,Standard Shipping,0.0,2205.22
420793,90841,2025-11-24,2025-11-25,2025-11-30,Delivered,Debit Card,Express Shipping,0.05,687.77
452616,83444,2025-11-06,2025-11-07,2025-11-09,Delivered,Credit Card,Express Shipping,0.1,2789.34
231549,95216,2025-12-09,2025-12-11,2025-12-13,Delivered,UPI,Express Shipping,0.0,528.98
215627,7176,2025-10-15,2025-10-16,2025-10-20,Delivered,Credit Card,Standard Shipping,0.05,1161.8
304216,61327,2024-09-10,2024-09-12,2024-09-15,Delivered,COD,Express Shipping,0.0,1631.96
23238,89440,2025-05-19,2025-05-20,2025-05-22,Delivered,Wallet,Standard Shipping,0.0,566.46
407543,72043,2025-12-10,2025-12-11,2025-12-13,Delivered,UPI,Express Shipping,0.15,8697.33
369763,64356,2025-10-31,2025-11-02,2025-11-05,Delivered,Credit Card,Economy Shipping,0.1,41.64
343448,10571,2023-12-14,2023-12-15,2023-12-18,Delivered,Debit Card,Economy Shipping,0.0,881.98
490564,89614,2023-11-18,2023-11-21,2023-11-26,Delivered,UPI,Priority Overnight,0.1,2047.92
174868,30135,2025-11-25,2025-11-27,2025-12-01,Delivered,Wallet,Standard Shipping,0.0,2725.1
79454,59885,2025-11-02,2025-11-03,2025-11-07,Delivered,Credit Card,Express Shipping,0.05,1776.96
483305,19612,2024-06-06,2024-06-07,2024-06-10,Delivered,Net Banking,Standard Shipping,0.0,4199.02
335146,90726,2024-04-24,2024-04-25,2024-04-27,Delivered,Wallet,Standard Shipping,0.0,1572.42
84983,1981,2023-07-21,2023-07-23,2023-07-28,Delivered,Debit Card,Standard Shipping,0.0,2058.56
479815,65852,2025-01-03,2025-01-04,2025-01-06,Delivered,Net Banking,Priority Overnight,0.1,1855.45
297620,37946,2025-07-24,2025-07-26,2025-07-28,Delivered,Debit Card,Standard Shipping,0.0,810.21
421796,43715,2025-12-26,2025-12-27,2025-12-29,Delivered,Credit Card,Standard Shipping,0.0,2776.92
434682,51251,2025-06-28,2025-06-29,2025-07-02,Delivered,UPI,Express Shipping,0.0,4389.21
341447,9164,2024-12-10,2024-12-11,2024-12-13,Delivered,Credit Card,Express Shipping,0.05,1440.61
145851,93799,2024-01-15,,,Cancelled,Wallet,Express Shipping,0.0,5945.94
412953,67875,2025-11-29,2025-11-30,2025-12-02,Delivered,Net Banking,Express Shipping,0.0,585.98
312765,5176,2025-09-11,2025-09-12,2025-09-14,Delivered,Credit Card,Standard Shipping,0.1,1573.96
20132,37872,2025-07-27,2025-07-29,2025-07-31,Delivered,UPI,Standard Shipping,0.0,1954.44
220099,1814,2025-08-26,2025-08-28,2025-08-31,Delivered,Debit Card,Standard Shipping,0.05,2223.64
242445,921,2025-07-23,2025-07-25,2025-07-28,Returned,Net Banking,Standard Shipping,0.05,5170.73
415797,28658,2025-11-17,2025-11-19,2025-11-21,Delivered,UPI,Standard Shipping,0.15,563.27
432018,27043,2023-11-06,2023-11-07,2023-11-11,Delivered,Credit Card,Standard Shipping,0.0,4679.96
352659,60981,2023-05-31,2023-06-01,2023-06-04,Delivered,Net Banking,Priority Overnight,0.05,2313.05
452582,48747,2025-04-01,2025-04-02,2025-04-04,Delivered,Credit Card,Standard Shipping,0.0,15.19
218955,45769,2025-09-25,2025-09-26,2025-09-28,Delivered,Credit Card,Standard Shipping,0.1,2642.81
27711,16048,2025-11-03,2025-11-04,2025-11-07,Delivered,Credit Card,Standard Shipping,0.1,2840.91
122455,41850,2023-01-16,2023-01-19,2023-01-23,Delivered,Wallet,Express Shipping,0.1,1044.99
451109,62667,2024-05-25,2024-05-27,2024-05-30,Delivered,Credit Card,Standard Shipping,0.0,591.48
190629,69778,2025-04-30,2025-05-02,2025-05-04,Returned,Credit Card,Express Shipping,0.1,3204.91
235800,37135,2024-01-14,2024-01-16,2024-01-18,Delivered,COD,Standard Shipping,0.0,2352.29
474147,2505,2025-12-13,2025-12-14,2025-12-19,Delivered,Credit Card,Express Shipping,0.0,1451.97
289260,81748,2023-06-23,2023-06-24,2023-06-26,Delivered,Credit Card,Standard Shipping,0.05,2380.66
118230,75739,2024-12-22,2024-12-23,2024-12-26,Delivered,UPI,Standard Shipping,0.0,902.87
451994,62677,2025-09-09,,,Cancelled,Credit Card,Standard Shipping,0.05,3599.01
349024,91678,2023-10-12,2023-10-13,2023-10-18,Delivered,Net Banking,Standard Shipping,0.0,3107.37
423283,15365,2024-09-18,2024-09-20,2024-09-23,Delivered,UPI,Express Shipping,0.2,1195.16
48725,49065,2024-12-30,2024-12-31,2025-01-02,Delivered,Credit Card,Standard Shipping,0.0,260.32
78214,81290,2025-04-19,2025-04-20,2025-04-24,Delivered,Debit Card,Standard Shipping,0.05,1979.92
380593,55194,2025-07-22,2025-07-23,2025-07-26,Delivered,Credit Card,Standard Shipping,0.0,1782.96
144838,24761,2025-08-02,2025-08-03,2025-08-05,Delivered,Credit Card,Standard Shipping,0.1,1087.15
185880,4655,2024-09-04,2024-09-05,2024-09-07,Delivered,Credit Card,Express Shipping,0.0,4208.57
385178,26563,2024-09-02,2024-09-03,2024-09-05,Delivered,Credit Card,Standard Shipping,0.1,782.79
306480,28793,2025-02-06,2025-02-08,2025-02-10,Delivered,Debit Card,Standard Shipping,0.2,1607.51
57549,53919,2024-07-21,2024-07-22,2024-07-26,Returned,UPI,Standard Shipping,0.0,1110.45
93705,90425,2025-07-01,2025-07-02,2025-07-04,Delivered,Credit Card,Standard Shipping,0.1,1751.91
302237,64774,2024-05-29,2024-05-31,2024-06-05,Delivered,Debit Card,Priority Overnight,0.0,3580.25
292420,53149,2024-03-04,2024-03-06,2024-03-10,Delivered,UPI,Standard Shipping,0.0,1735.94
387943,84071,2025-11-06,2025-11-08,2025-11-11,Delivered,Credit Card,Standard Shipping,0.0,2989.56
76381,96277,2023-12-10,2023-12-12,2023-12-16,Returned,UPI,Standard Shipping,0.0,1077.3
71085,39983,2024-11-27,2024-11-29,2024-12-01,Delivered,UPI,Standard Shipping,0.0,911.97
368610,41910,2025-11-23,2025-11-24,2025-11-26,Delivered,Credit Card,Express Shipping,0.0,1680.96
430902,943,2024-05-06,2024-05-07,2024-05-09,Delivered,Debit Card,Standard Shipping,0.05,4746.39
254793,98662,2025-08-30,2025-08-31,2025-09-03,Returned,Credit Card,Standard Shipping,0.1,11732.76
54452,23180,2024-08-10,2024-08-12,2024-08-15,Delivered,UPI,Standard Shipping,0.2,738.33
339884,25212,2024-09-09,2024-09-12,2024-09-14,Delivered,UPI,Standard Shipping,0.0,856.71
113185,35336,2025-08-23,2025-08-24,2025-08-29,Delivered,Credit Card,Standard Shipping,0.1,1325.19
320011,90536,2024-12-06,2024-12-09,2024-12-11,Delivered,Debit Card,Economy Shipping,0.1,2381.73
169545,62301,2025-06-15,2025-06-16,2025-06-21,Delivered,UPI,Economy Shipping,0.1,6558.45
109132,47243,2025-02-03,2025-02-06,2025-02-08,Delivered,Credit Card,Standard Shipping,0.05,2499.89
172333,13022,2024-10-07,,,Cancelled,Debit Card,Express Shipping,0.0,2055.9
355713,94613,2025-11-04,2025-11-05,2025-11-09,Delivered,Credit Card,Standard Shipping,0.0,1330.94
377904,22058,2025-10-27,2025-10-29,2025-10-31,Delivered,Net Banking,Express Shipping,0.05,826.11
333733,5546,2024-10-06,2024-10-08,2024-10-12,Delivered,Credit Card,Standard Shipping,0.15,998.12
281266,45837,2025-03-13,2025-03-14,2025-03-16,Delivered,Credit Card,Standard Shipping,0.15,863.47
383058,91924,2024-08-07,2024-08-08,2024-08-11,Delivered,Debit Card,Standard Shipping,0.05,1754.77
32756,34810,2025-11-03,2025-11-05,2025-11-08,Delivered,UPI,Express Shipping,0.0,5110.93
258038,84870,2025-04-10,2025-04-13,2025-04-15,Delivered,UPI,Standard Shipping,0.05,1070.11
395999,76754,2025-05-06,2025-05-08,2025-05-11,Delivered,Credit Card,Express Shipping,0.0,352.02
331581,15685,2025-10-22,2025-10-23,2025-10-27,Delivered,Credit Card,Standard Shipping,0.1,1197.61
209221,58227,2025-12-26,,,Cancelled,Wallet,Standard Shipping,0.05,3109.59
362845,18689,2025-04-24,2025-04-27,2025-05-01,Delivered,UPI,Express Shipping,0.0,1447.94
94765,99076,2024-09-11,2024-09-12,2024-09-15,Delivered,Credit Card,Express Shipping,0.1,2125.77
332986,95288,2024-08-27,2024-08-28,2024-08-30,Delivered,UPI,Express Shipping,0.0,2063.7
200935,19878,2025-12-01,2025-12-02,2025-12-05,Delivered,UPI,Economy Shipping,0.05,496.09
393600,12246,2025-12-07,2025-12-08,2025-12-10,Delivered,Wallet,Express Shipping,0.0,1645.37
339535,22024,2024-10-24,2024-10-25,2024-10-27,Delivered,Credit Card,Priority Overnight,0.0,432.77
12569,31299,2024-11-10,2024-11-11,2024-11-15,Delivered,Wallet,Standard Shipping,0.2,714.37
60485,96766,2024-09-09,2024-09-12,2024-09-15,Delivered,UPI,Standard Shipping,0.1,1190.57
145438,3553,2025-05-20,2025-05-21,2025-05-23,Delivered,UPI,Standard Shipping,0.05,1883.33
109822,21214,2023-12-22,2023-12-23,2023-12-25,Delivered,Credit Card,Standard Shipping,0.2,2896.75
152973,28084,2025-04-05,2025-04-07,2025-04-11,Delivered,UPI,Economy Shipping,0.15,1093.92
456177,95683,2025-06-21,2025-06-22,2025-06-26,Delivered,Debit Card,Standard Shipping,0.0,3444.25
42716,88551,2025-11-23,2025-11-26,2025-11-28,Delivered,Debit Card,Priority Overnight,0.0,1497.21
290453,18496,2024-04-02,2024-04-04,2024-04-06,Delivered,Credit Card,Express Shipping,0.05,979.24
328267,1444,2025-05-07,2025-05-10,2025-05-12,Delivered,Net Banking,Standard Shipping,0.05,536.36
213115,65363,2025-12-31,2026-01-01,2026-01-04,Delivered,Credit Card,Express Shipping,0.1,1081.16
378511,4421,2023-12-23,2023-12-24,2023-12-27,Delivered,Debit Card,Express Shipping,0.0,7423.92
408242,66360,2025-01-14,2025-01-16,2025-01-20,Delivered,UPI,Standard Shipping,0.05,879.57
182907,59161,2024-05-22,2024-05-25,2024-05-28,Delivered,Credit Card,Express Shipping,0.0,1056.34
438370,40142,2023-06-02,,,Cancelled,UPI,Standard Shipping,0.05,4466.09
245501,95191,2025-10-15,2025-10-17,2025-10-19,Delivered,Wallet,Economy Shipping,0.1,1671.13
71295,78954,2025-12-29,2025-12-31,2026-01-05,Delivered,Wallet,Standard Shipping,0.05,4448.01
188189,25071,2024-12-30,2025-01-01,2025-01-03,Delivered,Credit Card,Standard Shipping,0.15,485.72
264455,73724,2024-09-09,2024-09-11,2024-09-15,Delivered,UPI,Priority Overnight,0.0,3412.09
230529,86354,2025-12-01,2025-12-03,2025-12-06,Delivered,Debit Card,Standard Shipping,0.0,692.2
243766,32348,2024-05-29,2024-06-01,2024-06-05,Delivered,Wallet,Standard Shipping,0.2,2958.06
157934,62352,2024-09-01,2024-09-02,2024-09-06,Returned,Credit Card,Express Shipping,0.1,2158.54
476182,99361,2025-12-28,2025-12-30,2026-01-04,Delivered,Debit Card,Standard Shipping,0.1,4003.43
425811,86913,2025-08-06,2025-08-07,2025-08-11,Delivered,Credit Card,Standard Shipping,0.1,1511.05
217017,35562,2024-11-26,2024-11-27,2024-11-29,Delivered,Debit Card,Standard Shipping,0.15,431.88
43806,88501,2023-11-07,2023-11-08,2023-11-11,Delivered,UPI,Standard Shipping,0.05,1067.37
211079,83821,2025-10-26,2025-10-27,2025-10-30,Delivered,Credit Card,Standard Shipping,0.0,3550.68
420433,8832,2025-10-21,2025-10-24,2025-10-26,Delivered,Credit Card,Standard Shipping,0.0,3311.37
214990,12132,2025-11-17,2025-11-18,2025-11-22,Delivered,UPI,Express Shipping,0.1,2954.49
262537,57038,2025-09-04,2025-09-06,2025-09-11,Delivered,Debit Card,Standard Shipping,0.1,828.88
498269,84428,2023-02-10,2023-02-11,2023-02-13,Delivered,Credit Card,Express Shipping,0.05,887.26
203691,72841,2024-03-27,2024-03-29,2024-04-01,Delivered,Credit Card,Standard Shipping,0.1,1957.0
318631,79148,2024-12-30,2024-12-31,2025-01-02,Delivered,Wallet,Express Shipping,0.2,2386.67
76736,92316,2025-11-05,2025-11-07,2025-11-10,Delivered,UPI,Standard Shipping,0.05,759.99
65638,23402,2025-06-03,2025-06-04,2025-06-06,Delivered,Wallet,Express Shipping,0.0,1964.64
211957,52513,2024-08-23,2024-08-26,2024-08-28,Delivered,UPI,Standard Shipping,0.05,3009.93
181879,73323,2025-10-15,2025-10-18,2025-10-20,Returned,Net Banking,Standard Shipping,0.0,928.79
486503,32775,2025-10-04,2025-10-05,2025-10-10,Delivered,Net Banking,Standard Shipping,0.15,833.56
134504,37607,2024-06-25,2024-06-26,2024-06-29,Delivered,Credit Card,Express Shipping,0.0,2964.87
138896,53173,2025-11-24,2025-11-25,2025-11-30,Delivered,Credit Card,Standard Shipping,0.05,4443.1
154959,17153,2025-07-23,2025-07-24,2025-07-27,Delivered,Credit Card,Economy Shipping,0.05,1683.36
90301,94962,2023-12-30,2023-12-31,2024-01-03,Delivered,Credit Card,Standard Shipping,0.2,1055.8
83354,34320,2023-10-30,2023-11-01,2023-11-03,Delivered,Credit Card,Priority Overnight,0.05,2803.06
222970,62072,2025-06-22,2025-06-24,2025-06-26,Returned,UPI,Express Shipping,0.05,1522.95
21828,60456,2025-12-13,2025-12-14,2025-12-16,Delivered,Credit Card,Economy Shipping,0.15,937.51
463360,87174,2025-09-27,2025-09-28,2025-10-03,Delivered,UPI,Standard Shipping,0.15,425.3
273156,64059,2024-07-04,2024-07-06,2024-07-08,Delivered,Credit Card,Standard Shipping,0.0,927.33
43332,11033,2024-09-17,2024-09-18,2024-09-20,Delivered,Debit Card,Economy Shipping,0.1,1993.21
176164,10358,2025-05-03,2025-05-04,2025-05-07,Delivered,Debit Card,Standard Shipping,0.1,444.97
124624,19554,2025-10-10,,,Cancelled,Credit Card,Economy Shipping,0.1,1825.97
2352,72822,2024-05-29,2024-05-30,2024-06-02,Delivered,Debit Card,Economy Shipping,0.05,1104.16
460884,90262,2025-09-24,2025-09-25,2025-09-29,Delivered,UPI,Standard Shipping,0.0,587.97
425226,77561,2025-09-24,2025-09-26,2025-09-29,Delivered,UPI,Standard Shipping,0.1,2491.8
113830,14400,2022-09-18,,,Cancelled,Debit Card,Express Shipping,0.05,1093.55
393617,63005,2025-05-25,,,Cancelled,Credit Card,Standard Shipping,0.0,125.98
164027,95958,2025-12-05,2025-12-07,2025-12-10,Delivered,Net Banking,Express Shipping,0.0,118.77
141486,81743,2022-08-11,2022-08-12,2022-08-15,Delivered,Wallet,Standard Shipping,0.15,2415.64
490209,82414,2024-11-28,,,Cancelled,Debit Card,Standard Shipping,0.0,1475.95
328525,39564,2025-07-21,2025-07-22,2025-07-25,Delivered,UPI,Standard Shipping,0.15,3241.14
268288,93806,2023-04-02,2023-04-03,2023-04-05,Delivered,UPI,Express Shipping,0.0,602.99
200228,43160,2025-10-30,2025-11-02,2025-11-07,Delivered,Debit Card,Standard Shipping,0.0,1949.26
309636,39278,2025-11-28,2025-12-01,2025-12-03,Delivered,UPI,Standard Shipping,0.1,5618.13
339506,93340,2025-03-03,2025-03-05,2025-03-08,Delivered,UPI,Standard Shipping,0.2,652.36
493010,69930,2025-02-16,2025-02-17,2025-02-22,Returned,Debit Card,Standard Shipping,0.0,235.99
397087,18628,2025-10-27,2025-10-28,2025-10-31,Delivered,Credit Card,Express Shipping,0.15,707.36
369235,71535,2024-10-25,2024-10-26,2024-10-28,Delivered,UPI,Standard Shipping,0.0,4380.38
10919,93387,2023-11-22,2023-11-23,2023-11-26,Delivered,Wallet,Standard Shipping,0.05,1885.18
451445,67151,2025-07-24,2025-07-25,2025-07-29,Delivered,Credit Card,Economy Shipping,0.0,3210.98
283510,44038,2025-02-04,2025-02-05,2025-02-10,Delivered,Debit Card,Standard Shipping,0.05,707.31
107700,3403,2024-12-14,2024-12-15,2024-12-18,Delivered,Debit Card,Standard Shipping,0.05,563.32
148714,87026,2024-08-15,2024-08-16,2024-08-18,Delivered,Debit Card,Express Shipping,0.1,1237.45
323195,44693,2022-06-18,2022-06-19,2022-06-23,Delivered,Debit Card,Standard Shipping,0.05,2857.41
332872,95665,2025-10-04,2025-10-05,2025-10-08,Delivered,Credit Card,Standard Shipping,0.05,1764.95
91868,59983,2024-12-05,2024-12-06,2024-12-11,Delivered,Debit Card,Standard Shipping,0.05,1126.87
283268,9188,2024-04-23,2024-04-24,2024-04-27,Delivered,Credit Card,Standard Shipping,0.15,232.88
130400,44091,2025-07-11,2025-07-12,2025-07-15,Delivered,Credit Card,Standard Shipping,0.0,711.95
363343,69254,2025-05-03,2025-05-04,2025-05-07,Delivered,Credit Card,Standard Shipping,0.0,2423.96
250591,34688,2025-12-21,2025-12-23,2025-12-25,Delivered,Credit Card,Express Shipping,0.1,482.38
65911,10378,2025-09-15,2025-09-17,2025-09-20,Delivered,Net Banking,Standard Shipping,0.0,2154.92
353099,34117,2025-02-02,2025-02-04,2025-02-07,Delivered,Net Banking,Express Shipping,0.15,359.58
109901,65443,2025-12-02,2025-12-05,2025-12-08,Delivered,Debit Card,Standard Shipping,0.05,2685.63
258623,18891,2025-12-26,2025-12-27,2025-12-30,Delivered,Credit Card,Priority Overnight,0.0,1017.62
489676,25604,2025-12-18,2025-12-19,2025-12-22,Delivered,Credit Card,Express Shipping,0.0,1572.89
252768,76352,2025-03-14,2025-03-17,2025-03-19,Delivered,Credit Card,Express Shipping,0.0,1220.29
221401,8005,2024-11-29,2024-12-01,2024-12-04,Delivered,UPI,Standard Shipping,0.2,976.21
279626,39698,2025-06-19,2025-06-20,2025-06-22,Delivered,Credit Card,Standard Shipping,0.0,2509.18
497466,18564,2025-12-31,2026-01-01,2026-01-04,Delivered,COD,Standard Shipping,0.1,3105.42
67102,16090,2024-01-05,2024-01-07,2024-01-10,Delivered,UPI,Express Shipping,0.05,2701.89
377449,54701,2023-10-25,2023-10-27,2023-10-30,Delivered,COD,Express Shipping,0.0,4261.92
228296,39880,2023-11-29,,,Cancelled,Credit Card,Express Shipping,0.0,1121.04
147400,47248,2023-06-16,2023-06-17,2023-06-20,Returned,Credit Card,Standard Shipping,0.2,1606.0
271462,38318,2025-03-04,2025-03-05,2025-03-09,Delivered,Debit Card,Standard Shipping,0.15,1663.16
1296,315,2025-06-30,2025-07-02,2025-07-06,Delivered,Credit Card,Standard Shipping,0.05,3826.21
457171,14721,2025-09-08,2025-09-09,2025-09-11,Delivered,Credit Card,Priority Overnight,0.0,24.99
395510,62324,2023-12-20,2023-12-21,2023-12-24,Delivered,Debit Card,Express Shipping,0.0,2091.32
127230,67369,2025-06-19,2025-06-22,2025-06-25,Delivered,Credit Card,Express Shipping,0.0,1024.23
77786,38416,2025-01-16,2025-01-17,2025-01-21,Delivered,Wallet,Express Shipping,0.0,4295.33
80721,54744,2025-12-18,2025-12-20,2025-12-22,Delivered,Credit Card,Standard Shipping,0.0,1503.01
333791,55936,2025-07-05,2025-07-08,2025-07-13,Delivered,Debit Card,Express Shipping,0.0,2198.64
122340,53185,2025-10-28,2025-10-31,2025-11-02,Returned,UPI,Express Shipping,0.05,2341.71
479418,90628,2025-01-02,2025-01-03,2025-01-05,Returned,Credit Card,Standard Shipping,0.05,3684.43
167309,71187,2025-10-02,2025-10-05,2025-10-08,Delivered,Debit Card,Standard Shipping,0.0,898.02
353308,6289,2025-01-24,2025-01-25,2025-01-28,Returned,Credit Card,Express Shipping,0.0,610.42
432605,97237,2025-06-27,2025-06-28,2025-06-30,Delivered,Debit Card,Standard Shipping,0.0,1352.64
471184,46122,2022-01-31,2022-02-02,2022-02-06,Delivered,Credit Card,Standard Shipping,0.2,753.57
449283,83330,2024-09-22,2024-09-24,2024-09-26,Delivered,Debit Card,Economy Shipping,0.1,1977.0
68163,84622,2023-04-15,2023-04-16,2023-04-21,Delivered,COD,Standard Shipping,0.05,1345.86
303173,79376,2025-11-28,2025-11-29,2025-12-01,Delivered,Wallet,Standard Shipping,0.05,1658.65
457623,47518,2025-08-16,2025-08-18,2025-08-20,Delivered,Credit Card,Express Shipping,0.0,1054.97
409706,74869,2025-09-08,2025-09-09,2025-09-12,Delivered,UPI,Standard Shipping,0.2,845.63
373903,65116,2024-10-10,2024-10-12,2024-10-15,Delivered,Credit Card,Standard Shipping,0.15,677.56
490087,67005,2025-06-27,2025-06-28,2025-07-01,Delivered,Credit Card,Standard Shipping,0.1,2421.52
416596,50188,2024-12-12,2024-12-14,2024-12-17,Delivered,Credit Card,Priority Overnight,0.0,1877.74
249715,46193,2025-11-20,2025-11-21,2025-11-23,Delivered,UPI,Standard Shipping,0.0,659.28
408096,68188,2023-12-01,2023-12-02,2023-12-06,Delivered,Net Banking,Express Shipping,0.0,564.97
50916,5068,2025-05-02,2025-05-04,2025-05-07,Delivered,Credit Card,Express Shipping,0.0,1301.71
358174,86021,2024-08-12,2024-08-14,2024-08-17,Delivered,Debit Card,Standard Shipping,0.15,469.62
270264,11230,2024-05-13,2024-05-16,2024-05-19,Delivered,Debit Card,Standard Shipping,0.1,1174.83
280266,46605,2025-11-13,2025-11-15,2025-11-19,Delivered,Credit Card,Priority Overnight,0.0,335.08
225798,42927,2025-08-20,2025-08-21,2025-08-25,Delivered,Credit Card,Express Shipping,0.0,1524.61
385613,79324,2024-02-10,2024-02-13,2024-02-17,Delivered,Net Banking,Standard Shipping,0.0,1414.84
412627,14546,2024-12-17,2024-12-18,2024-12-20,Delivered,Credit Card,Express Shipping,0.0,381.23
238736,13104,2023-08-05,2023-08-06,2023-08-11,Delivered,Wallet,Priority Overnight,0.0,1145.97
120430,24215,2024-03-10,2024-03-12,2024-03-15,Delivered,Debit Card,Standard Shipping,0.0,2256.9
465348,94686,2025-09-21,2025-09-22,2025-09-24,Delivered,UPI,Standard Shipping,0.0,567.03
439611,43206,2024-10-17,2024-10-18,2024-10-21,Delivered,Wallet,Standard Shipping,0.1,581.0
39739,83755,2025-11-26,2025-11-27,2025-11-29,Delivered,Debit Card,Standard Shipping,0.0,2956.23
396924,7722,2024-04-22,2024-04-25,2024-04-28,Delivered,Credit Card,Express Shipping,0.0,1210.94
436390,79962,2025-04-06,,,Cancelled,Credit Card,Standard Shipping,0.0,5408.28
461354,58420,2025-05-05,2025-05-06,2025-05-08,Delivered,Debit Card,Economy Shipping,0.05,1114.19
442528,78683,2023-04-20,2023-04-21,2023-04-23,Delivered,Debit Card,Priority Overnight,0.0,1769.87
99739,6234,2023-05-12,,,Cancelled,Credit Card,Express Shipping,0.15,757.9
331958,1049,2024-06-30,2024-07-03,2024-07-06,Delivered,Credit Card,Express Shipping,0.0,5928.98
198317,58438,2025-10-29,2025-10-30,2025-11-01,Delivered,Net Banking,Standard Shipping,0.1,1850.87
352037,33500,2025-08-06,2025-08-07,2025-08-10,Delivered,Wallet,Standard Shipping,0.2,730.99
107775,95927,2023-04-07,2023-04-08,2023-04-12,Delivered,Debit Card,Standard Shipping,0.0,3692.94
388250,64550,2025-05-04,2025-05-06,2025-05-09,Delivered,Credit Card,Standard Shipping,0.15,283.08
414886,65332,2025-05-28,2025-05-30,2025-06-01,Delivered,Credit Card,Express Shipping,0.0,2515.46
162354,94732,2024-01-17,2024-01-19,2024-01-21,Delivered,Credit Card,Express Shipping,0.05,1732.75
107352,54470,2025-11-21,2025-11-24,2025-11-26,Delivered,Credit Card,Standard Shipping,0.05,1783.45
137626,99876,2024-09-09,2024-09-10,2024-09-12,Delivered,Credit Card,Express Shipping,0.0,627.39
471471,21762,2025-12-31,2026-01-01,2026-01-03,Delivered,Wallet,Standard Shipping,0.15,1636.76
69532,38150,2025-11-02,2025-11-04,2025-11-06,Delivered,Debit Card,Express Shipping,0.2,1507.16
23943,76399,2025-02-02,2025-02-05,2025-02-08,Delivered,Credit Card,Standard Shipping,0.05,2130.49
292974,40058,2025-08-05,2025-08-06,2025-08-09,Delivered,Credit Card,Priority Overnight,0.05,1969.89
377494,2882,2025-11-25,2025-11-26,2025-11-29,Delivered,Debit Card,Standard Shipping,0.0,2123.72
118525,76482,2024-02-20,2024-02-22,2024-02-25,Delivered,UPI,Standard Shipping,0.15,1006.39
303267,45059,2023-12-26,2023-12-27,2023-12-30,Delivered,Credit Card,Standard Shipping,0.2,909.57
107859,57499,2024-05-28,2024-05-31,2024-06-04,Delivered,Credit Card,Economy Shipping,0.1,809.06
283195,13592,2025-09-06,2025-09-08,2025-09-10,Delivered,Debit Card,Standard Shipping,0.0,749.29
133560,36122,2024-03-09,2024-03-12,2024-03-14,Delivered,UPI,Standard Shipping,0.05,620.31
161864,19789,2025-10-06,2025-10-08,2025-10-10,Delivered,Credit Card,Standard Shipping,0.2,1224.45
86410,69805,2025-05-12,2025-05-13,2025-05-16,Delivered,Credit Card,Standard Shipping,0.0,1090.93
422029,45037,2025-11-24,2025-11-25,2025-11-28,Delivered,Net Banking,Standard Shipping,0.0,2836.91
243153,10366,2025-11-08,2025-11-09,2025-11-12,Delivered,Debit Card,Standard Shipping,0.05,1274.0
486903,54666,2024-08-12,2024-08-14,2024-08-17,Delivered,Credit Card,Express Shipping,0.05,380.93
478752,43604,2025-07-10,2025-07-11,2025-07-15,Delivered,UPI,Standard Shipping,0.0,3905.26
185150,64966,2023-06-24,2023-06-25,2023-06-30,Delivered,UPI,Standard Shipping,0.0,2334.59
310647,59138,2025-09-18,2025-09-19,2025-09-24,Delivered,Wallet,Standard Shipping,0.0,1982.23
62501,7587,2025-02-14,2025-02-16,2025-02-18,Delivered,UPI,Standard Shipping,0.0,2252.38
364981,73834,2025-07-31,2025-08-02,2025-08-05,Delivered,Debit Card,Economy Shipping,0.1,1896.48
107427,32717,2025-05-04,2025-05-05,2025-05-10,Delivered,Debit Card,Express Shipping,0.0,3447.6
112982,97196,2022-12-14,2022-12-16,2022-12-18,Delivered,UPI,Standard Shipping,0.0,3617.59
137711,54646,2025-05-31,2025-06-02,2025-06-05,Delivered,Wallet,Express Shipping,0.0,919.96
173792,54158,2025-12-15,2025-12-17,2025-12-19,Delivered,UPI,Express Shipping,0.0,134.35
44099,59456,2023-12-30,2024-01-01,2024-01-03,Delivered,Net Banking,Standard Shipping,0.05,249.77
463112,69515,2025-11-25,2025-11-27,2025-11-30,Delivered,Debit Card,Standard Shipping,0.05,1002.87
31968,50697,2025-07-16,2025-07-17,2025-07-20,Delivered,Credit Card,Standard Shipping,0.0,242.48
425798,25766,2025-10-01,2025-10-02,2025-10-04,Delivered,Credit Card,Standard Shipping,0.05,727.78
54062,62743,2025-11-23,2025-11-24,2025-11-27,Delivered,Credit Card,Standard Shipping,0.05,482.94
181251,66254,2024-10-25,2024-10-26,2024-10-30,Delivered,Wallet,Standard Shipping,0.1,1205.94
402331,62017,2025-12-25,,,Cancelled,Debit Card,Standard Shipping,0.1,1228.83
203979,45927,2025-12-22,2025-12-25,2025-12-27,Delivered,Debit Card,Priority Overnight,0.0,1557.84
170853,10886,2025-02-02,2025-02-03,2025-02-06,Delivered,Net Banking,Express Shipping,0.05,5593.33
168674,79867,2025-06-02,2025-06-03,2025-06-05,Delivered,Debit Card,Standard Shipping,0.0,4008.99
356338,87335,2025-06-14,,,Cancelled,Credit Card,Standard Shipping,0.15,2223.21
324351,21913,2024-05-28,2024-05-30,2024-06-03,Delivered,Debit Card,Priority Overnight,0.0,284.99
263267,48463,2025-12-19,2025-12-20,2025-12-25,Delivered,Credit Card,Express Shipping,0.05,1394.53
480822,44045,2025-10-04,2025-10-05,2025-10-08,Delivered,COD,Standard Shipping,0.0,664.97
441413,94239,2025-08-29,2025-08-30,2025-09-02,Delivered,Net Banking,Standard Shipping,0.05,69.29
246345,49378,2024-11-10,2024-11-12,2024-11-14,Delivered,UPI,Standard Shipping,0.0,2423.44
373867,39652,2025-12-18,2025-12-21,2025-12-24,Delivered,Credit Card,Standard Shipping,0.0,1546.32
58037,42545,2024-09-01,2024-09-04,2024-09-08,Delivered,Credit Card,Express Shipping,0.0,1123.69
134954,42586,2024-12-31,2025-01-03,2025-01-07,Delivered,Credit Card,Express Shipping,0.0,1520.8
396691,33574,2025-12-25,2025-12-26,2025-12-29,Delivered,Credit Card,Express Shipping,0.1,2945.79
339353,40838,2022-09-27,2022-09-28,2022-10-01,Delivered,Debit Card,Standard Shipping,0.0,613.18
485670,51967,2024-07-06,2024-07-09,2024-07-14,Delivered,Credit Card,Standard Shipping,0.1,1351.51
200571,89364,2024-11-18,2024-11-19,2024-11-21,Delivered,Credit Card,Express Shipping,0.1,5209.9
485294,12200,2025-05-27,2025-05-28,2025-05-31,Delivered,Credit Card,Standard Shipping,0.05,2540.72
497794,76155,2024-11-22,2024-11-24,2024-11-27,Returned,Credit Card,Express Shipping,0.0,935.64
483664,62389,2023-11-24,2023-11-26,2023-11-28,Delivered,Credit Card,Standard Shipping,0.05,927.33
247604,87262,2025-11-25,2025-11-27,2025-12-02,Returned,Credit Card,Express Shipping,0.05,1823.66
191486,13567,2024-05-11,2024-05-13,2024-05-16,Delivered,Net Banking,Standard Shipping,0.05,873.79
178914,12529,2025-07-30,2025-08-02,2025-08-04,Delivered,Credit Card,Standard Shipping,0.0,484.5
159736,70468,2025-06-20,2025-06-22,2025-06-25,Returned,COD,Express Shipping,0.0,1811.56
100526,91892,2025-02-25,2025-02-26,2025-02-28,Delivered,Debit Card,Standard Shipping,0.0,637.17
428965,7139,2025-01-28,2025-01-30,2025-02-01,Delivered,Debit Card,Standard Shipping,0.1,356.44
245549,18654,2024-12-30,2025-01-02,2025-01-04,Delivered,UPI,Standard Shipping,0.05,599.34
389371,29654,2023-11-27,,,Cancelled,UPI,Standard Shipping,0.0,1448.61
233828,530,2022-12-07,2022-12-09,2022-12-12,Returned,Credit Card,Standard Shipping,0.05,3039.96
428631,31149,2024-12-10,2024-12-11,2024-12-16,Delivered,Wallet,Standard Shipping,0.0,3399.19
430802,42036,2025-06-06,2025-06-09,2025-06-12,Delivered,Net Banking,Standard Shipping,0.0,2207.68
157262,55707,2025-08-02,2025-08-03,2025-08-07,Delivered,Debit Card,Express Shipping,0.05,821.71
203479,57646,2025-05-17,2025-05-19,2025-05-22,Delivered,UPI,Standard Shipping,0.05,1315.83
93870,76880,2025-09-07,2025-09-10,2025-09-13,Delivered,Net Banking,Express Shipping,0.0,3811.78
497232,41655,2025-04-08,2025-04-11,2025-04-16,Delivered,Wallet,Express Shipping,0.0,971.96
404436,25310,2024-06-10,2024-06-11,2024-06-13,Delivered,COD,Standard Shipping,0.1,569.68
410367,33001,2023-09-07,2023-09-09,2023-09-14,Delivered,Debit Card,Express Shipping,0.0,6788.86
391405,26844,2023-10-29,2023-10-30,2023-11-02,Delivered,Credit Card,Express Shipping,0.0,814.95
241937,32690,2025-01-31,2025-02-01,2025-02-04,Delivered,Debit Card,Express Shipping,0.0,2453.92
220715,37765,2025-06-02,2025-06-04,2025-06-06,Delivered,UPI,Express Shipping,0.15,306.77
413774,71934,2025-11-17,2025-11-18,2025-11-20,Delivered,UPI,Standard Shipping,0.05,726.13
31566,71567,2024-04-02,2024-04-03,2024-04-06,Delivered,Debit Card,Express Shipping,0.1,311.63
163844,203,2025-07-31,2025-08-03,2025-08-06,Delivered,COD,Standard Shipping,0.0,3545.58
48585,46278,2025-09-15,2025-09-16,2025-09-18,Delivered,UPI,Economy Shipping,0.05,2020.84
17072,73118,2025-10-31,2025-11-01,2025-11-04,Delivered,Credit Card,Express Shipping,0.15,962.67
433504,74419,2025-03-02,2025-03-04,2025-03-06,Delivered,Wallet,Express Shipping,0.1,1973.38
226034,64754,2025-09-08,2025-09-11,2025-09-16,Delivered,UPI,Standard Shipping,0.0,633.98
322372,51511,2025-07-16,2025-07-18,2025-07-21,Delivered,Debit Card,Express Shipping,0.15,326.37
445629,23463,2024-12-04,2024-12-06,2024-12-08,Delivered,Net Banking,Standard Shipping,0.1,2711.64
86555,44381,2025-03-08,2025-03-11,2025-03-14,Delivered,Credit Card,Standard Shipping,0.1,1788.72
14122,50311,2024-10-16,2024-10-17,2024-10-21,Delivered,Net Banking,Priority Overnight,0.05,1333.74
339300,53422,2025-09-13,2025-09-14,2025-09-19,Returned,Net Banking,Standard Shipping,0.05,2642.24
253756,6148,2025-09-23,2025-09-24,2025-09-26,Delivered,UPI,Standard Shipping,0.0,137.28
326784,11019,2025-12-22,2025-12-23,2025-12-25,Delivered,Wallet,Standard Shipping,0.0,435.08
72468,84364,2024-12-10,2024-12-12,2024-12-14,Delivered,Credit Card,Express Shipping,0.0,1748.12
77945,15266,2022-12-11,2022-12-12,2022-12-15,Delivered,UPI,Express Shipping,0.05,1373.65
295037,11556,2025-09-12,2025-09-13,2025-09-16,Delivered,Credit Card,Standard Shipping,0.05,1711.69
183186,34682,2024-11-07,2024-11-08,2024-11-11,Delivered,UPI,Standard Shipping,0.0,3355.12
221383,41128,2025-12-07,2025-12-09,2025-12-11,Delivered,Credit Card,Express Shipping,0.0,9094.33
303692,94785,2025-05-03,2025-05-04,2025-05-07,Delivered,Wallet,Express Shipping,0.1,2350.73
50316,21491,2024-06-14,2024-06-17,2024-06-19,Delivered,Debit Card,Express Shipping,0.0,144.99
281772,45088,2025-07-31,2025-08-01,2025-08-03,Delivered,UPI,Standard Shipping,0.0,3207.69
328653,2505,2024-09-29,2024-09-30,2024-10-02,Delivered,Credit Card,Express Shipping,0.0,2759.04
16419,11502,2024-07-21,2024-07-22,2024-07-24,Delivered,Credit Card,Priority Overnight,0.0,1825.6
226591,31289,2025-11-29,2025-11-30,2025-12-03,Delivered,Credit Card,Standard Shipping,0.0,4648.25
344635,37405,2024-02-15,2024-02-17,2024-02-20,Delivered,Wallet,Express Shipping,0.2,1947.91
85353,64209,2025-11-11,2025-11-12,2025-11-15,Delivered,Debit Card,Express Shipping,0.0,2413.15
409244,25083,2025-10-06,2025-10-08,2025-10-10,Delivered,Debit Card,Priority Overnight,0.05,1573.7
278726,59386,2025-12-22,2025-12-25,2025-12-30,Delivered,UPI,Express Shipping,0.2,254.39
118647,2572,2025-05-05,2025-05-07,2025-05-09,Delivered,UPI,Standard Shipping,0.0,2225.2
391150,88570,2024-11-25,2024-11-26,2024-11-28,Delivered,Debit Card,Standard Shipping,0.0,1180.02
240503,16586,2024-12-19,2024-12-21,2024-12-24,Delivered,Credit Card,Priority Overnight,0.0,83.57
466350,88989,2025-01-23,2025-01-24,2025-01-26,Delivered,Credit Card,Express Shipping,0.15,2679.83
198755,15642,2025-07-05,2025-07-06,2025-07-10,Delivered,Credit Card,Economy Shipping,0.0,712.86
1310,65457,2025-12-31,2026-01-03,2026-01-05,Delivered,Wallet,Standard Shipping,0.0,655.96
72394,6706,2022-01-19,2022-01-21,2022-01-24,Delivered,Net Banking,Express Shipping,0.1,1153.05
264993,97962,2024-11-05,2024-11-06,2024-11-09,Delivered,Debit Card,Priority Overnight,0.2,1073.89
270338,5224,2025-09-04,2025-09-05,2025-09-07,Delivered,Credit Card,Standard Shipping,0.05,3023.41
281286,41629,2024-04-17,2024-04-18,2024-04-21,Delivered,Wallet,Standard Shipping,0.0,306.34
453202,85071,2025-11-14,2025-11-15,2025-11-17,Delivered,Debit Card,Economy Shipping,0.1,1665.28
255357,12552,2025-08-02,2025-08-03,2025-08-07,Delivered,COD,Standard Shipping,0.0,1490.65
214654,48262,2024-12-31,2025-01-02,2025-01-05,Delivered,Credit Card,Standard Shipping,0.0,6320.56
419449,72580,2025-05-30,2025-05-31,2025-06-02,Delivered,Debit Card,Express Shipping,0.0,2625.03
376678,32837,2025-10-21,2025-10-24,2025-10-26,Delivered,Credit Card,Standard Shipping,0.05,3832.54
453250,67190,2024-12-09,2024-12-11,2024-12-14,Delivered,Debit Card,Standard Shipping,0.15,2838.26
230822,53818,2025-07-15,,,Cancelled,Credit Card,Express Shipping,0.05,1525.64
248788,10460,2023-07-18,2023-07-20,2023-07-24,Returned,Credit Card,Priority Overnight,0.05,3867.37
285332,93387,2025-05-09,2025-05-10,2025-05-13,Delivered,Debit Card,Economy Shipping,0.0,3111.94
187823,87977,2025-10-21,2025-10-24,2025-10-28,Delivered,Debit Card,Standard Shipping,0.1,720.76
371298,18518,2025-08-22,2025-08-24,2025-08-27,Delivered,UPI,Standard Shipping,0.2,1094.63
159024,91645,2025-04-20,2025-04-22,2025-04-26,Delivered,Debit Card,Standard Shipping,0.0,862.5
129504,44913,2025-05-25,2025-05-28,2025-05-31,Delivered,Debit Card,Standard Shipping,0.0,467.96
385958,55771,2025-11-10,2025-11-12,2025-11-14,Delivered,Credit Card,Express Shipping,0.1,4407.59
425593,30827,2024-06-20,2024-06-21,2024-06-24,Delivered,Net Banking,Express Shipping,0.0,2018.04
13589,43271,2025-12-18,2025-12-20,2025-12-23,Delivered,Net Banking,Priority Overnight,0.0,2582.01
33869,88705,2025-11-02,,,Cancelled,Debit Card,Standard Shipping,0.05,1567.97
150304,56486,2025-08-11,2025-08-12,2025-08-14,Delivered,COD,Standard Shipping,0.0,256.22
232673,10462,2025-12-14,2025-12-15,2025-12-17,Delivered,Credit Card,Standard Shipping,0.1,725.46
356659,72139,2023-11-24,,,Pending,UPI,Express Shipping,0.0,3630.77
174903,80422,2022-11-06,2022-11-08,2022-11-10,Returned,Credit Card,Standard Shipping,0.05,1927.09
164223,90647,2022-11-13,2022-11-15,2022-11-17,Delivered,UPI,Standard Shipping,0.1,1053.97
200259,48432,2025-03-03,2025-03-05,2025-03-09,Delivered,Debit Card,Standard Shipping,0.15,1668.81
129556,27320,2023-12-22,2023-12-23,2023-12-25,Delivered,UPI,Express Shipping,0.0,3887.31
86452,95151,2023-08-28,2023-08-30,2023-09-04,Delivered,Credit Card,Standard Shipping,0.2,1238.22
374364,56324,2025-07-24,2025-07-26,2025-07-29,Delivered,Credit Card,Standard Shipping,0.0,191.68
204868,40840,2025-10-22,2025-10-25,2025-10-28,Delivered,Net Banking,Standard Shipping,0.0,1663.97
394848,79264,2025-05-29,2025-05-30,2025-06-02,Delivered,UPI,Standard Shipping,0.2,2089.05
491661,91357,2025-10-21,2025-10-22,2025-10-24,Returned,UPI,Economy Shipping,0.0,1459.94
299542,83542,2025-03-22,2025-03-24,2025-03-26,Delivered,Credit Card,Standard Shipping,0.1,626.34
297004,76667,2024-09-30,2024-10-01,2024-10-03,Delivered,Credit Card,Standard Shipping,0.0,3429.02
240804,89897,2025-09-30,2025-10-02,2025-10-04,Delivered,UPI,Economy Shipping,0.0,1731.34
498082,29779,2025-06-25,2025-06-28,2025-06-30,Delivered,Net Banking,Standard Shipping,0.05,806.61
226522,53857,2025-09-14,2025-09-16,2025-09-19,Delivered,Wallet,Standard Shipping,0.0,4283.94
455337,65163,2025-08-23,,,Pending,Wallet,Standard Shipping,0.05,1389.0
346673,74648,2024-10-27,2024-10-29,2024-10-31,Delivered,COD,Express Shipping,0.0,523.83
436829,34157,2025-08-02,2025-08-03,2025-08-05,Delivered,Debit Card,Express Shipping,0.0,3229.92
27298,55608,2023-08-24,2023-08-25,2023-08-30,Delivered,UPI,Standard Shipping,0.05,2013.17
24741,85774,2025-10-27,2025-10-29,2025-11-01,Delivered,Net Banking,Express Shipping,0.0,9508.58
61390,67099,2025-08-09,2025-08-10,2025-08-13,Delivered,Debit Card,Economy Shipping,0.0,671.98
76114,39549,2025-09-29,2025-10-01,2025-10-04,Delivered,Credit Card,Standard Shipping,0.0,521.07
41100,93016,2023-02-13,2023-02-16,2023-02-18,Delivered,UPI,Standard Shipping,0.0,1037.13
297552,54664,2025-09-04,2025-09-05,2025-09-09,Delivered,Debit Card,Standard Shipping,0.0,2750.9
400923,31379,2024-03-11,2024-03-13,2024-03-16,Delivered,Debit Card,Standard Shipping,0.0,847.55
273398,78397,2025-07-03,2025-07-05,2025-07-08,Delivered,Credit Card,Standard Shipping,0.05,4899.01
205279,9245,2024-09-19,2024-09-20,2024-09-24,Delivered,UPI,Standard Shipping,0.05,780.84
124417,16088,2025-10-05,2025-10-06,2025-10-09,Delivered,Credit Card,Economy Shipping,0.15,1066.37
159592,98110,2025-04-19,2025-04-20,2025-04-25,Delivered,UPI,Express Shipping,0.0,9.99
445955,89295,2025-12-23,2025-12-24,2025-12-29,Delivered,Credit Card,Standard Shipping,0.0,944.21
374759,57891,2025-10-22,2025-10-23,2025-10-26,Delivered,Credit Card,Standard Shipping,0.0,823.64
158442,18032,2025-11-30,2025-12-02,2025-12-05,Delivered,Debit Card,Priority Overnight,0.0,1068.9
495500,76098,2025-03-14,2025-03-16,2025-03-18,Delivered,Net Banking,Standard Shipping,0.0,1743.69
275052,48395,2024-09-30,2024-10-02,2024-10-04,Delivered,Credit Card,Economy Shipping,0.0,380.86
33505,82575,2025-02-14,2025-02-15,2025-02-17,Delivered,Credit Card,Express Shipping,0.0,936.08
367027,75646,2023-11-25,2023-11-27,2023-12-01,Delivered,UPI,Standard Shipping,0.15,3180.78
254387,5001,2025-11-02,2025-11-05,2025-11-09,Delivered,COD,Standard Shipping,0.0,2512.92
491722,26867,2023-08-21,2023-08-22,2023-08-25,Delivered,Wallet,Standard Shipping,0.1,366.23
101418,27042,2025-05-15,2025-05-16,2025-05-18,Delivered,Wallet,Standard Shipping,0.0,1406.76
65062,26029,2025-11-09,2025-11-11,2025-11-14,Delivered,Credit Card,Standard Shipping,0.0,1643.95
44904,56257,2025-11-03,2025-11-04,2025-11-06,Returned,Debit Card,Standard Shipping,0.1,3052.52
411711,60894,2023-06-01,2023-06-02,2023-06-06,Delivered,Net Banking,Standard Shipping,0.0,3443.97
408475,20836,2025-12-30,2025-12-31,2026-01-02,Delivered,Debit Card,Standard Shipping,0.0,1029.96
288470,96914,2024-04-09,2024-04-10,2024-04-13,Delivered,Net Banking,Standard Shipping,0.0,2577.32
374009,87820,2024-05-29,2024-05-31,2024-06-03,Delivered,Credit Card,Standard Shipping,0.0,2368.31
103107,95875,2025-12-12,2025-12-14,2025-12-19,Delivered,Credit Card,Express Shipping,0.2,493.32
186586,3090,2025-07-31,2025-08-02,2025-08-05,Delivered,Credit Card,Economy Shipping,0.1,1457.8
449010,41641,2025-10-26,2025-10-28,2025-10-31,Delivered,UPI,Standard Shipping,0.1,101.37
477651,74711,2025-11-09,2025-11-10,2025-11-13,Delivered,Credit Card,Express Shipping,0.0,796.21
346004,952,2025-10-26,2025-10-29,2025-10-31,Delivered,Net Banking,Priority Overnight,0.0,5136.71
449844,11013,2025-10-06,2025-10-07,2025-10-09,Delivered,Credit Card,Priority Overnight,0.1,5612.67
236818,34837,2023-12-17,2023-12-18,2023-12-23,Delivered,UPI,Standard Shipping,0.0,2905.98
202910,57132,2025-07-28,2025-07-29,2025-07-31,Delivered,Credit Card,Priority Overnight,0.1,1133.95
288537,54387,2024-11-12,2024-11-13,2024-11-18,Delivered,Debit Card,Priority Overnight,0.1,922.19
252928,98830,2025-11-18,2025-11-19,2025-11-22,Delivered,Credit Card,Standard Shipping,0.0,575.69
459709,60079,2025-12-02,2025-12-04,2025-12-06,Delivered,Credit Card,Standard Shipping,0.1,631.49
352844,10007,2023-04-07,2023-04-09,2023-04-12,Delivered,Debit Card,Standard Shipping,0.05,139.97
34791,74888,2023-12-16,2023-12-17,2023-12-19,Delivered,Net Banking,Priority Overnight,0.05,935.96
438878,43849,2025-07-04,2025-07-06,2025-07-08,Delivered,UPI,Express Shipping,0.05,908.77
194824,9309,2025-11-28,2025-11-29,2025-12-01,Delivered,Net Banking,Standard Shipping,0.0,5452.24
293380,77148,2024-10-24,2024-10-25,2024-10-27,Delivered,Wallet,Standard Shipping,0.0,2465.2
332244,40504,2024-10-23,2024-10-25,2024-10-27,Delivered,Credit Card,Standard Shipping,0.0,2664.95
365745,94756,2024-11-20,2024-11-22,2024-11-25,Delivered,COD,Priority Overnight,0.1,1425.55
58536,42108,2025-08-24,2025-08-25,2025-08-30,Delivered,UPI,Standard Shipping,0.05,897.78
175827,48561,2024-12-15,2024-12-16,2024-12-20,Delivered,Credit Card,Express Shipping,0.0,1183.5
417302,41630,2023-12-11,2023-12-13,2023-12-16,Delivered,Net Banking,Express Shipping,0.0,2104.61
416457,62635,2024-12-02,2024-12-04,2024-12-07,Delivered,Credit Card,Standard Shipping,0.05,1647.33
469415,60075,2024-03-14,2024-03-17,2024-03-22,Delivered,Wallet,Express Shipping,0.2,388.32
426822,88296,2025-07-28,,,Cancelled,Credit Card,Standard Shipping,0.0,2109.53
17201,99459,2024-12-25,2024-12-26,2024-12-28,Returned,Credit Card,Standard Shipping,0.2,765.87
107333,57217,2024-04-12,2024-04-13,2024-04-17,Delivered,UPI,Economy Shipping,0.15,2619.15
274258,41792,2025-12-10,2025-12-11,2025-12-13,Delivered,Credit Card,Standard Shipping,0.1,457.27
74807,15865,2025-12-21,2025-12-22,2025-12-25,Delivered,Debit Card,Standard Shipping,0.0,1750.6
161194,5424,2024-05-16,2024-05-19,2024-05-23,Delivered,UPI,Economy Shipping,0.0,649.96
99658,34952,2025-02-07,2025-02-08,2025-02-10,Delivered,Wallet,Standard Shipping,0.0,476.43
83809,6247,2023-08-27,2023-08-28,2023-08-31,Delivered,Debit Card,Standard Shipping,0.05,4373.9
322779,19613,2025-05-17,2025-05-18,2025-05-20,Delivered,Wallet,Standard Shipping,0.0,1676.25
277565,46345,2025-01-03,2025-01-04,2025-01-07,Delivered,Debit Card,Standard Shipping,0.05,349.2
109926,70505,2022-12-18,2022-12-19,2022-12-22,Delivered,Wallet,Express Shipping,0.0,5113.97
188478,97623,2024-07-01,2024-07-02,2024-07-05,Delivered,Debit Card,Standard Shipping,0.0,2324.92
298624,66711,2025-04-12,2025-04-13,2025-04-15,Delivered,COD,Express Shipping,0.0,1306.36
439725,58750,2025-11-23,2025-11-25,2025-11-28,Delivered,Debit Card,Standard Shipping,0.0,4018.83
429368,3489,2025-11-27,2025-11-29,2025-12-02,Delivered,Net Banking,Standard Shipping,0.1,6204.13
245849,73094,2023-01-04,2023-01-05,2023-01-10,Delivered,UPI,Economy Shipping,0.0,683.96
482058,65401,2025-01-11,2025-01-12,2025-01-15,Delivered,Debit Card,Standard Shipping,0.05,1874.98
354179,18379,2025-12-30,2026-01-01,2026-01-04,Returned,UPI,Express Shipping,0.0,3021.54
382005,39073,2025-01-18,2025-01-20,2025-01-23,Delivered,UPI,Standard Shipping,0.0,1256.95
266281,36007,2023-10-21,2023-10-23,2023-10-25,Delivered,Net Banking,Standard Shipping,0.05,259.18
436900,6995,2025-12-08,2025-12-09,2025-12-14,Delivered,Credit Card,Standard Shipping,0.05,2091.08
477076,36590,2024-07-15,2024-07-17,2024-07-20,Delivered,Credit Card,Standard Shipping,0.0,4981.29
424876,24386,2025-12-14,2025-12-16,2025-12-20,Delivered,Wallet,Standard Shipping,0.0,2369.35
221252,77575,2024-11-24,2024-11-26,2024-12-01,Delivered,COD,Standard Shipping,0.0,1627.87
260682,222,2022-01-24,2022-01-25,2022-01-27,Delivered,Credit Card,Standard Shipping,0.05,4331.82
470643,42205,2024-03-22,2024-03-23,2024-03-28,Delivered,Debit Card,Express Shipping,0.05,3011.34
415014,28943,2025-06-28,2025-07-01,2025-07-04,Delivered,Debit Card,Priority Overnight,0.0,457.94
43604,46847,2024-12-15,2024-12-16,2024-12-19,Delivered,UPI,Standard Shipping,0.0,2286.69
13558,37962,2025-04-02,2025-04-03,2025-04-05,Delivered,Credit Card,Express Shipping,0.0,1801.71
250373,76896,2025-08-08,,,Cancelled,Credit Card,Standard Shipping,0.0,758.95
413291,30926,2025-12-21,2025-12-24,2025-12-29,Delivered,Credit Card,Standard Shipping,0.0,595.37
345642,76826,2024-11-20,2024-11-22,2024-11-26,Delivered,Credit Card,Standard Shipping,0.0,2613.09
239556,54610,2024-12-18,2024-12-20,2024-12-23,Delivered,Credit Card,Standard Shipping,0.1,3839.2
217818,49340,2025-11-06,2025-11-08,2025-11-12,Delivered,UPI,Express Shipping,0.0,575.58
404095,85203,2025-10-30,2025-11-02,2025-11-05,Delivered,UPI,Express Shipping,0.05,1474.96
199233,28261,2025-06-10,2025-06-13,2025-06-16,Returned,Credit Card,Standard Shipping,0.0,1534.74
137273,73700,2023-12-25,2023-12-27,2023-12-30,Delivered,UPI,Express Shipping,0.1,695.9
37123,46045,2025-10-30,2025-11-01,2025-11-03,Delivered,Wallet,Express Shipping,0.0,1825.17
480449,85855,2022-11-25,2022-11-26,2022-11-28,Delivered,UPI,Standard Shipping,0.2,3543.05
251121,10604,2024-11-03,2024-11-04,2024-11-06,Delivered,Debit Card,Standard Shipping,0.0,2141.34
123708,29854,2025-12-02,2025-12-03,2025-12-05,Delivered,Credit Card,Standard Shipping,0.0,2152.98
474887,9055,2024-03-17,2024-03-19,2024-03-23,Delivered,Credit Card,Standard Shipping,0.15,782.35
328763,45335,2023-11-28,2023-12-01,2023-12-03,Delivered,Credit Card,Express Shipping,0.05,2448.48
445232,20554,2025-07-02,2025-07-03,2025-07-05,Delivered,Credit Card,Economy Shipping,0.05,314.44
18324,44787,2024-02-17,2024-02-18,2024-02-21,Delivered,Credit Card,Standard Shipping,0.1,2270.32
475264,52848,2025-09-20,2025-09-21,2025-09-23,Returned,Credit Card,Standard Shipping,0.05,657.52
271275,91524,2025-08-15,2025-08-16,2025-08-19,Delivered,Credit Card,Standard Shipping,0.05,2124.11
95952,75906,2025-05-22,2025-05-25,2025-05-28,Returned,UPI,Standard Shipping,0.1,485.57
305044,99164,2024-12-18,2024-12-21,2024-12-23,Delivered,Credit Card,Express Shipping,0.15,2054.6
382327,8952,2024-12-10,2024-12-11,2024-12-15,Delivered,Wallet,Express Shipping,0.15,5217.45
276334,81985,2025-09-06,2025-09-07,2025-09-10,Delivered,Wallet,Economy Shipping,0.0,628.21
366775,9330,2025-09-07,2025-09-08,2025-09-10,Delivered,UPI,Standard Shipping,0.0,5474.14
242993,60628,2025-01-17,2025-01-19,2025-01-21,Delivered,Debit Card,Standard Shipping,0.0,1446.94
232558,61603,2025-07-23,2025-07-24,2025-07-26,Delivered,Net Banking,Express Shipping,0.0,6959.77
331817,60188,2025-11-04,2025-11-06,2025-11-09,Delivered,Net Banking,Express Shipping,0.1,1651.33
486864,31498,2025-11-13,2025-11-14,2025-11-19,Delivered,Wallet,Standard Shipping,0.1,2468.86
265950,27209,2024-11-06,2024-11-08,2024-11-10,Delivered,Net Banking,Priority Overnight,0.1,2495.92
5091,52812,2024-07-05,2024-07-07,2024-07-10,Delivered,Debit Card,Priority Overnight,0.15,2265.92
145232,43036,2025-07-09,2025-07-10,2025-07-13,Delivered,Debit Card,Standard Shipping,0.2,893.05
92121,62975,2025-01-29,2025-01-30,2025-02-01,Returned,Debit Card,Express Shipping,0.0,2351.99
401917,75115,2025-09-20,2025-09-22,2025-09-24,Delivered,Wallet,Standard Shipping,0.1,1082.43
478861,66959,2025-11-29,2025-11-30,2025-12-05,Delivered,Debit Card,Express Shipping,0.05,1590.34
498439,76805,2025-08-30,2025-08-31,2025-09-03,Delivered,Credit Card,Standard Shipping,0.0,658.87
327298,13116,2025-09-20,2025-09-22,2025-09-24,Delivered,Net Banking,Standard Shipping,0.0,1126.97
247926,52585,2024-11-18,2024-11-20,2024-11-22,Delivered,Credit Card,Standard Shipping,0.15,2229.14
212469,86976,2024-12-03,2024-12-04,2024-12-06,Delivered,Credit Card,Standard Shipping,0.0,5624.92
163575,17673,2025-08-15,,,Cancelled,Credit Card,Standard Shipping,0.0,2577.95
169348,53256,2025-12-08,2025-12-10,2025-12-13,Delivered,Credit Card,Standard Shipping,0.0,166.77
106913,69858,2024-12-20,2024-12-21,2024-12-25,Delivered,Net Banking,Standard Shipping,0.0,1110.61
380094,45408,2025-11-27,2025-11-29,2025-12-04,Delivered,Debit Card,Express Shipping,0.0,1529.96
402172,97193,2025-05-08,2025-05-09,2025-05-13,Delivered,Wallet,Priority Overnight,0.0,4292.99
83573,60826,2024-01-01,2024-01-03,2024-01-06,Delivered,Wallet,Standard Shipping,0.05,3220.45
236065,34593,2024-08-15,2024-08-17,2024-08-21,Delivered,Debit Card,Standard Shipping,0.05,2591.79
264460,32665,2025-10-04,2025-10-05,2025-10-08,Delivered,UPI,Express Shipping,0.05,1172.21
5214,18418,2024-10-22,2024-10-24,2024-10-26,Delivered,Credit Card,Priority Overnight,0.05,924.11
83152,77316,2023-12-18,2023-12-21,2023-12-26,Delivered,Credit Card,Standard Shipping,0.15,2956.62
148300,21951,2025-08-07,,,Pending,Debit Card,Standard Shipping,0.0,955.68
222811,10612,2025-05-12,2025-05-13,2025-05-16,Delivered,Credit Card,Standard Shipping,0.0,4078.39
244703,12522,2023-11-05,2023-11-08,2023-11-12,Delivered,Wallet,Standard Shipping,0.0,1545.86
203778,44038,2025-12-23,2025-12-26,2025-12-28,Returned,Wallet,Express Shipping,0.1,217.78
182728,87775,2023-01-23,2023-01-25,2023-01-29,Delivered,UPI,Economy Shipping,0.05,948.91
188787,5119,2025-11-25,2025-11-26,2025-11-28,Delivered,Credit Card,Economy Shipping,0.0,1600.35
416312,90799,2025-01-04,2025-01-05,2025-01-07,Delivered,Credit Card,Standard Shipping,0.0,2725.97
427911,40417,2025-08-17,2025-08-18,2025-08-21,Delivered,UPI,Express Shipping,0.2,4418.38
171149,96256,2025-09-01,2025-09-02,2025-09-05,Delivered,COD,Express Shipping,0.1,3730.41
435385,862,2025-10-12,2025-10-13,2025-10-17,Delivered,Credit Card,Express Shipping,0.0,1572.49
246360,28717,2025-03-25,2025-03-28,2025-03-31,Delivered,Credit Card,Express Shipping,0.15,1110.25
333548,44202,2025-08-01,2025-08-02,2025-08-04,Delivered,UPI,Express Shipping,0.0,1469.01
113570,83824,2025-09-29,2025-09-30,2025-10-02,Delivered,UPI,Standard Shipping,0.0,913.96
165413,95152,2025-08-15,2025-08-17,2025-08-19,Delivered,Credit Card,Standard Shipping,0.15,2031.04
469566,80335,2025-12-01,2025-12-02,2025-12-04,Delivered,Wallet,Express Shipping,0.05,6292.67
471972,47231,2024-06-19,2024-06-21,2024-06-24,Returned,Credit Card,Express Shipping,0.05,1342.31
202195,91517,2025-06-23,,,Cancelled,Net Banking,Priority Overnight,0.0,2640.42
153277,88859,2025-02-14,2025-02-16,2025-02-19,Delivered,Credit Card,Standard Shipping,0.2,726.36
129854,32219,2025-12-11,2025-12-12,2025-12-16,Delivered,Wallet,Standard Shipping,0.0,3992.1
238018,55595,2023-12-22,2023-12-25,2023-12-27,Delivered,Debit Card,Standard Shipping,0.1,1090.6
105972,32273,2023-11-28,2023-11-29,2023-12-01,Delivered,Debit Card,Standard Shipping,0.1,1780.13
70318,46928,2025-11-05,2025-11-07,2025-11-09,Delivered,Credit Card,Standard Shipping,0.05,1991.39
454848,84476,2025-02-08,2025-02-11,2025-02-15,Delivered,Credit Card,Standard Shipping,0.0,2484.41
321268,31228,2025-04-27,,,Cancelled,Debit Card,Express Shipping,0.2,595.15
157424,41850,2024-03-28,2024-03-30,2024-04-03,Delivered,UPI,Economy Shipping,0.0,3224.46
145651,33144,2024-11-26,2024-11-28,2024-11-30,Delivered,UPI,Express Shipping,0.0,1011.24
372134,70952,2023-07-23,2023-07-24,2023-07-26,Delivered,Wallet,Express Shipping,0.0,449.37
460954,24730,2024-12-14,2024-12-15,2024-12-18,Delivered,Credit Card,Standard Shipping,0.15,2537.34
167315,42068,2025-11-02,2025-11-04,2025-11-07,Delivered,Credit Card,Standard Shipping,0.0,1808.45
357637,97834,2025-03-07,2025-03-08,2025-03-10,Delivered,COD,Priority Overnight,0.0,343.98
390246,67586,2024-08-27,2024-08-28,2024-08-31,Delivered,UPI,Express Shipping,0.05,930.07
130101,16830,2022-12-29,,,Cancelled,Net Banking,Priority Overnight,0.05,2288.95
463140,55054,2025-11-09,2025-11-11,2025-11-13,Delivered,Wallet,Express Shipping,0.0,1930.66
67857,76985,2025-07-15,2025-07-16,2025-07-20,Delivered,UPI,Standard Shipping,0.0,2207.76
375387,42432,2024-11-01,2024-11-02,2024-11-05,Delivered,Net Banking,Standard Shipping,0.0,572.62
54949,9356,2024-07-31,2024-08-03,2024-08-05,Delivered,Credit Card,Express Shipping,0.05,2833.94
191302,36294,2025-02-26,2025-02-28,2025-03-03,Delivered,Credit Card,Standard Shipping,0.1,1896.52
142312,73472,2025-09-20,2025-09-21,2025-09-24,Delivered,UPI,Express Shipping,0.2,1903.12
311529,79921,2025-11-02,2025-11-04,2025-11-06,Delivered,Credit Card,Standard Shipping,0.0,1531.94
436526,90906,2025-07-07,2025-07-08,2025-07-11,Delivered,Debit Card,Economy Shipping,0.0,1601.87
303374,52970,2025-06-18,2025-06-20,2025-06-22,Delivered,Credit Card,Priority Overnight,0.0,6264.57
162091,33387,2024-12-06,2024-12-09,2024-12-13,Delivered,Credit Card,Express Shipping,0.1,970.24
225216,66718,2025-10-04,2025-10-06,2025-10-08,Delivered,Wallet,Express Shipping,0.05,2783.46
466385,68586,2025-08-15,2025-08-16,2025-08-18,Returned,Credit Card,Express Shipping,0.1,1836.39
361441,62458,2025-08-24,2025-08-27,2025-08-31,Delivered,Debit Card,Standard Shipping,0.0,467.97
60191,31098,2023-04-17,2023-04-18,2023-04-21,Delivered,Credit Card,Express Shipping,0.15,2245.4
348466,85511,2023-05-09,2023-05-11,2023-05-14,Delivered,UPI,Express Shipping,0.0,6243.86
484308,95274,2024-12-26,2024-12-27,2025-01-01,Delivered,Credit Card,Standard Shipping,0.05,3271.9
291867,36305,2025-07-11,2025-07-13,2025-07-16,Delivered,Net Banking,Express Shipping,0.0,1357.95
191127,68920,2025-03-14,2025-03-15,2025-03-18,Delivered,Debit Card,Express Shipping,0.15,1396.53
20885,23750,2024-01-04,2024-01-05,2024-01-07,Delivered,Wallet,Standard Shipping,0.0,1587.86
276119,74667,2025-07-31,,,Pending,UPI,Priority Overnight,0.1,1175.91
125228,59047,2025-08-27,2025-08-29,2025-08-31,Delivered,Debit Card,Express Shipping,0.0,1390.19
485566,34837,2025-12-08,2025-12-10,2025-12-12,Delivered,Credit Card,Express Shipping,0.15,2204.59
393819,56582,2025-08-06,2025-08-07,2025-08-09,Delivered,Credit Card,Standard Shipping,0.0,4548.9
80257,95592,2023-01-04,2023-01-06,2023-01-08,Delivered,Credit Card,Express Shipping,0.0,628.42
113304,16230,2025-12-06,,,Cancelled,UPI,Standard Shipping,0.1,274.49
233171,79751,2025-05-03,2025-05-05,2025-05-09,Delivered,Debit Card,Express Shipping,0.05,2349.76
262334,58609,2024-11-22,2024-11-24,2024-11-26,Delivered,Debit Card,Standard Shipping,0.2,582.96
437399,21686,2023-10-19,2023-10-20,2023-10-22,Delivered,UPI,Express Shipping,0.0,2216.97
197469,53659,2025-08-31,2025-09-03,2025-09-07,Delivered,UPI,Standard Shipping,0.0,4003.13
96540,52505,2024-09-07,2024-09-09,2024-09-11,Delivered,COD,Express Shipping,0.0,4744.93
139111,42389,2025-08-09,2025-08-10,2025-08-15,Delivered,Net Banking,Standard Shipping,0.0,3103.3
271730,65590,2025-08-17,2025-08-20,2025-08-23,Delivered,Credit Card,Standard Shipping,0.0,3515.74
378462,65572,2025-12-31,2026-01-01,2026-01-06,Delivered,Debit Card,Express Shipping,0.05,1403.17
135688,37832,2024-07-28,2024-07-31,2024-08-02,Delivered,Net Banking,Standard Shipping,0.0,2552.36
60580,18423,2025-09-17,2025-09-18,2025-09-22,Delivered,Credit Card,Priority Overnight,0.05,1939.91
16668,81752,2025-12-24,2025-12-25,2025-12-27,Delivered,Credit Card,Priority Overnight,0.0,984.38
390154,9620,2024-07-21,2024-07-22,2024-07-24,Delivered,Credit Card,Standard Shipping,0.0,461.46
139990,35675,2024-01-16,2024-01-18,2024-01-21,Returned,Debit Card,Express Shipping,0.2,539.18
481169,89720,2025-10-13,,,Cancelled,Wallet,Priority Overnight,0.0,4024.44
256442,94832,2025-05-22,2025-05-23,2025-05-25,Delivered,Credit Card,Economy Shipping,0.2,894.05
479919,49361,2025-09-04,2025-09-06,2025-09-08,Delivered,Debit Card,Express Shipping,0.0,1884.06
17776,46693,2023-10-31,2023-11-03,2023-11-05,Returned,Debit Card,Standard Shipping,0.0,1109.93
247634,46042,2025-08-07,2025-08-10,2025-08-15,Delivered,Credit Card,Express Shipping,0.2,1286.38
393034,22919,2025-12-25,2025-12-26,2025-12-28,Delivered,Credit Card,Standard Shipping,0.15,1413.13
219786,99987,2022-11-18,2022-11-21,2022-11-23,Delivered,Credit Card,Priority Overnight,0.1,1549.44
86884,46627,2025-09-09,2025-09-10,2025-09-13,Delivered,UPI,Express Shipping,0.0,3433.63
292996,6249,2024-11-27,2024-11-30,2024-12-02,Delivered,Credit Card,Standard Shipping,0.05,1825.32
140597,65723,2025-10-17,2025-10-18,2025-10-20,Delivered,Wallet,Standard Shipping,0.0,739.97
376226,35318,2025-11-22,2025-11-23,2025-11-26,Delivered,Debit Card,Standard Shipping,0.05,1400.64
44689,87272,2024-09-15,2024-09-17,2024-09-22,Delivered,Net Banking,Standard Shipping,0.0,5439.87
427977,37791,2025-07-12,2025-07-15,2025-07-17,Delivered,UPI,Standard Shipping,0.15,1319.14
18120,24902,2025-12-21,,,Cancelled,Debit Card,Express Shipping,0.0,1775.98
355784,69038,2025-06-18,2025-06-20,2025-06-23,Returned,Credit Card,Economy Shipping,0.05,967.95
254852,72574,2024-10-10,2024-10-13,2024-10-16,Delivered,Debit Card,Standard Shipping,0.2,1254.66
133043,79496,2022-03-29,2022-03-31,2022-04-04,Delivered,Credit Card,Priority Overnight,0.0,2356.65
390405,53120,2023-06-15,2023-06-18,2023-06-21,Delivered,Wallet,Express Shipping,0.0,450.97
398841,91346,2025-11-16,2025-11-19,2025-11-21,Delivered,Debit Card,Economy Shipping,0.05,3383.96
7434,69662,2023-01-28,2023-01-29,2023-02-03,Delivered,UPI,Standard Shipping,0.05,2071.0
254454,10595,2025-08-16,2025-08-18,2025-08-21,Delivered,Debit Card,Standard Shipping,0.0,3968.81
245291,98288,2025-03-08,2025-03-09,2025-03-11,Delivered,Credit Card,Standard Shipping,0.05,102.38
33035,8950,2024-06-20,2024-06-23,2024-06-27,Delivered,Credit Card,Priority Overnight,0.0,600.45
17638,65106,2025-10-06,2025-10-08,2025-10-12,Delivered,Net Banking,Express Shipping,0.05,2490.72
392838,853,2025-09-29,2025-09-30,2025-10-02,Delivered,Debit Card,Express Shipping,0.1,5944.21
478558,85039,2025-02-03,2025-02-05,2025-02-08,Delivered,COD,Standard Shipping,0.0,2604.53
309256,61588,2025-03-15,2025-03-16,2025-03-19,Delivered,Credit Card,Express Shipping,0.1,146.69
331686,48943,2025-10-24,2025-10-25,2025-10-29,Delivered,Credit Card,Priority Overnight,0.1,1450.83
319258,24676,2025-06-05,2025-06-07,2025-06-09,Delivered,Debit Card,Express Shipping,0.0,4365.19
424753,62561,2025-07-20,2025-07-21,2025-07-23,Delivered,UPI,Economy Shipping,0.0,4430.73
58752,7888,2023-02-25,2023-02-27,2023-03-01,Delivered,Debit Card,Standard Shipping,0.0,1826.8
440605,32700,2025-09-03,2025-09-04,2025-09-07,Delivered,Credit Card,Standard Shipping,0.0,3845.34
401324,56207,2025-10-29,2025-10-31,2025-11-03,Delivered,Net Banking,Standard Shipping,0.05,3803.37
250158,96878,2025-08-13,,,Cancelled,UPI,Standard Shipping,0.05,834.56
358558,8941,2025-10-29,2025-10-31,2025-11-02,Delivered,UPI,Standard Shipping,0.0,853.64
362466,9880,2025-11-09,2025-11-10,2025-11-12,Delivered,Net Banking,Express Shipping,0.1,4220.37
188681,66373,2025-11-08,2025-11-09,2025-11-11,Delivered,Debit Card,Standard Shipping,0.0,1038.11
195318,81841,2023-11-27,2023-11-28,2023-12-02,Delivered,Credit Card,Express Shipping,0.15,1596.88
480425,73981,2024-11-10,2024-11-12,2024-11-14,Delivered,UPI,Standard Shipping,0.15,299.19
5645,1662,2023-12-25,2023-12-26,2023-12-28,Delivered,Credit Card,Standard Shipping,0.0,1726.15
138696,35795,2025-08-13,2025-08-14,2025-08-16,Delivered,UPI,Standard Shipping,0.1,4079.6
92017,59469,2025-01-02,2025-01-03,2025-01-05,Delivered,Credit Card,Standard Shipping,0.15,2113.16
261163,69480,2025-10-11,2025-10-12,2025-10-15,Delivered,Net Banking,Express Shipping,0.0,525.98
402566,4166,2024-11-10,2024-11-11,2024-11-13,Delivered,COD,Standard Shipping,0.0,876.15
302200,36203,2024-11-19,2024-11-20,2024-11-22,Delivered,Credit Card,Standard Shipping,0.0,3685.17
397259,59662,2025-09-07,2025-09-10,2025-09-15,Delivered,Credit Card,Standard Shipping,0.05,2448.58
403289,85187,2024-06-27,2024-06-29,2024-07-01,Delivered,Debit Card,Standard Shipping,0.1,2149.27
121600,23990,2024-01-16,2024-01-19,2024-01-22,Delivered,UPI,Standard Shipping,0.05,671.47
56355,51388,2024-02-24,2024-02-26,2024-02-28,Delivered,Credit Card,Economy Shipping,0.0,950.26
167916,49807,2025-05-25,2025-05-27,2025-05-30,Delivered,Credit Card,Standard Shipping,0.15,2514.64
186507,56475,2025-12-25,2025-12-27,2026-01-01,Delivered,UPI,Standard Shipping,0.05,4251.8
198767,65598,2025-12-08,2025-12-10,2025-12-14,Delivered,Credit Card,Standard Shipping,0.1,2896.66
253148,71251,2023-08-12,2023-08-15,2023-08-18,Delivered,Wallet,Economy Shipping,0.05,2975.55
79613,6108,2025-05-29,,,Cancelled,Wallet,Standard Shipping,0.0,2477.32
340668,82386,2025-09-29,2025-09-30,2025-10-02,Delivered,COD,Express Shipping,0.15,5379.38
181235,77515,2025-09-17,2025-09-19,2025-09-23,Delivered,Debit Card,Standard Shipping,0.05,1391.69
197996,71151,2025-05-05,2025-05-07,2025-05-11,Delivered,Credit Card,Standard Shipping,0.05,1312.4
230856,29037,2025-11-06,2025-11-07,2025-11-09,Delivered,UPI,Express Shipping,0.0,3209.94
125946,7822,2023-10-07,2023-10-08,2023-10-10,Delivered,UPI,Standard Shipping,0.0,2087.08
415695,4909,2024-05-29,2024-05-31,2024-06-02,Delivered,Wallet,Standard Shipping,0.15,1375.72
459194,54871,2025-12-09,2025-12-10,2025-12-13,Delivered,Credit Card,Standard Shipping,0.05,1512.68
363563,81381,2025-12-06,2025-12-08,2025-12-10,Delivered,Credit Card,Standard Shipping,0.0,643.88
434271,30608,2025-09-11,2025-09-12,2025-09-14,Delivered,Net Banking,Priority Overnight,0.0,1958.85
291459,60214,2024-03-20,2024-03-21,2024-03-24,Delivered,Credit Card,Priority Overnight,0.1,2038.59
37987,19204,2025-01-04,2025-01-05,2025-01-07,Delivered,Credit Card,Express Shipping,0.2,1236.03
223708,66908,2024-11-24,2024-11-25,2024-11-27,Delivered,Credit Card,Standard Shipping,0.0,1054.69
372348,85243,2025-03-02,2025-03-04,2025-03-06,Delivered,UPI,Express Shipping,0.0,1860.95
248714,6357,2025-08-07,2025-08-09,2025-08-11,Delivered,Credit Card,Standard Shipping,0.0,10474.72
289404,89875,2025-08-01,2025-08-02,2025-08-04,Delivered,COD,Priority Overnight,0.15,658.23
137911,60037,2023-01-14,,,Pending,UPI,Express Shipping,0.0,1399.95
37848,65266,2025-12-08,2025-12-09,2025-12-11,Delivered,Credit Card,Express Shipping,0.0,6255.92
32397,7721,2025-12-11,2025-12-13,2025-12-16,Delivered,UPI,Standard Shipping,0.0,2054.9
350285,55094,2023-07-03,2023-07-06,2023-07-10,Delivered,Credit Card,Express Shipping,0.0,2017.96
143686,39469,2025-03-11,2025-03-12,2025-03-15,Delivered,COD,Economy Shipping,0.0,2071.89
458796,63370,2025-05-27,2025-05-28,2025-05-30,Delivered,Debit Card,Economy Shipping,0.0,691.98
72720,60713,2025-07-02,2025-07-04,2025-07-06,Delivered,Net Banking,Standard Shipping,0.0,1110.95
372242,24486,2025-02-16,2025-02-18,2025-02-20,Delivered,Credit Card,Economy Shipping,0.1,646.47
272592,27507,2025-09-30,2025-10-01,2025-10-04,Delivered,Credit Card,Priority Overnight,0.0,1501.58
522,13500,2025-03-20,2025-03-21,2025-03-23,Delivered,Wallet,Standard Shipping,0.0,2584.93
158904,1191,2025-12-20,2025-12-21,2025-12-23,Delivered,UPI,Standard Shipping,0.15,1422.87
214903,31312,2025-01-15,2025-01-18,2025-01-21,Delivered,Debit Card,Standard Shipping,0.1,1608.56
183182,2955,2024-07-07,2024-07-10,2024-07-12,Delivered,Debit Card,Express Shipping,0.0,2088.95
323051,5513,2025-06-15,2025-06-16,2025-06-18,Delivered,UPI,Standard Shipping,0.1,1756.74
199314,59964,2025-04-17,2025-04-18,2025-04-20,Delivered,UPI,Economy Shipping,0.1,215.88
241806,46770,2025-08-27,2025-08-28,2025-08-30,Delivered,Debit Card,Standard Shipping,0.0,3602.89
350660,98055,2025-01-04,2025-01-06,2025-01-11,Delivered,Wallet,Standard Shipping,0.2,2471.13
218398,24224,2025-11-28,2025-12-01,2025-12-04,Delivered,UPI,Standard Shipping,0.0,1006.44
124864,56496,2025-11-23,2025-11-24,2025-11-27,Delivered,Credit Card,Standard Shipping,0.0,497.21
418700,81289,2024-08-03,2024-08-04,2024-08-08,Delivered,UPI,Express Shipping,0.1,2750.54
108855,76853,2025-11-10,2025-11-12,2025-11-17,Delivered,Credit Card,Express Shipping,0.1,981.87
402757,74759,2025-11-10,2025-11-11,2025-11-13,Delivered,Credit Card,Express Shipping,0.0,826.56
246214,48738,2022-11-09,2022-11-10,2022-11-12,Delivered,Credit Card,Standard Shipping,0.0,3650.6
124449,61450,2025-11-25,2025-11-26,2025-11-28,Delivered,Wallet,Standard Shipping,0.1,4740.14
327079,43495,2025-06-03,2025-06-06,2025-06-10,Returned,Credit Card,Economy Shipping,0.1,2835.61
262221,67357,2025-11-03,2025-11-04,2025-11-06,Delivered,UPI,Standard Shipping,0.0,1441.46
157704,35223,2022-06-02,2022-06-05,2022-06-10,Delivered,Credit Card,Express Shipping,0.05,2696.65
389918,94637,2025-05-05,2025-05-07,2025-05-10,Delivered,Credit Card,Standard Shipping,0.2,1540.57
460733,15546,2025-07-12,2025-07-14,2025-07-17,Delivered,UPI,Standard Shipping,0.0,777.36
168860,15286,2025-04-09,2025-04-10,2025-04-13,Delivered,Credit Card,Express Shipping,0.05,2091.61
421513,45897,2025-11-08,2025-11-09,2025-11-13,Returned,Debit Card,Express Shipping,0.1,2307.76
97727,66239,2025-03-03,,,Cancelled,Net Banking,Express Shipping,0.2,213.49
151898,65971,2025-03-20,2025-03-21,2025-03-24,Delivered,Credit Card,Economy Shipping,0.0,786.97
408084,5845,2025-12-03,2025-12-05,2025-12-08,Delivered,Credit Card,Standard Shipping,0.0,1121.43
405223,58903,2025-04-15,2025-04-16,2025-04-21,Delivered,Credit Card,Standard Shipping,0.1,1789.32
133770,91293,2025-11-08,2025-11-10,2025-11-13,Delivered,UPI,Standard Shipping,0.05,1425.89
142614,50017,2025-10-04,2025-10-05,2025-10-08,Delivered,COD,Express Shipping,0.05,2349.24
51628,89801,2024-07-09,2024-07-12,2024-07-14,Delivered,Credit Card,Priority Overnight,0.0,3620.29
242526,96967,2025-06-18,2025-06-19,2025-06-24,Delivered,Credit Card,Standard Shipping,0.0,2544.02
106221,60551,2023-08-03,2023-08-04,2023-08-06,Delivered,Credit Card,Standard Shipping,0.0,790.65
353691,62523,2022-10-31,2022-11-01,2022-11-03,Returned,Net Banking,Priority Overnight,0.0,1625.75
486706,34234,2025-11-04,,,Cancelled,Credit Card,Standard Shipping,0.1,2348.24
455506,79606,2023-05-07,2023-05-09,2023-05-13,Returned,Wallet,Standard Shipping,0.05,1623.19
486299,62008,2025-07-20,2025-07-21,2025-07-23,Delivered,Debit Card,Standard Shipping,0.0,2537.95
199026,47441,2024-01-16,2024-01-17,2024-01-19,Delivered,Credit Card,Standard Shipping,0.0,1756.12
31847,29439,2025-12-18,2025-12-19,2025-12-22,Delivered,COD,Standard Shipping,0.0,415.93
103742,88644,2025-10-01,2025-10-03,2025-10-05,Delivered,Credit Card,Standard Shipping,0.0,127.99
43196,51771,2023-04-12,2023-04-14,2023-04-16,Delivered,Debit Card,Standard Shipping,0.05,528.47
16023,2221,2024-12-22,2024-12-23,2024-12-27,Delivered,Net Banking,Express Shipping,0.1,1850.37
473880,24386,2024-02-01,2024-02-03,2024-02-06,Returned,UPI,Standard Shipping,0.0,1805.93
31150,81632,2025-08-14,,,Pending,Credit Card,Economy Shipping,0.0,517.93
425091,31246,2025-06-13,2025-06-15,2025-06-19,Returned,Credit Card,Standard Shipping,0.05,1293.08
131613,18188,2025-01-29,2025-01-30,2025-02-01,Delivered,Debit Card,Express Shipping,0.2,1293.55
192671,74398,2024-08-30,2024-09-01,2024-09-06,Delivered,Debit Card,Standard Shipping,0.0,235.59
247663,64735,2024-10-16,2024-10-17,2024-10-19,Delivered,Credit Card,Express Shipping,0.0,4320.13
162211,54049,2024-11-01,2024-11-03,2024-11-05,Delivered,UPI,Express Shipping,0.0,376.13
150661,56804,2025-07-05,2025-07-06,2025-07-10,Delivered,UPI,Express Shipping,0.05,5097.84
418917,46487,2023-11-21,2023-11-23,2023-11-27,Delivered,Debit Card,Standard Shipping,0.05,1827.76
463281,24610,2025-04-16,2025-04-18,2025-04-22,Delivered,Credit Card,Express Shipping,0.0,1769.64
135136,90141,2025-02-05,2025-02-08,2025-02-10,Delivered,UPI,Standard Shipping,0.1,79.89
121561,51939,2025-11-15,2025-11-18,2025-11-22,Delivered,UPI,Standard Shipping,0.1,1277.07
485941,5759,2025-03-09,2025-03-10,2025-03-15,Delivered,UPI,Express Shipping,0.0,177.99
431441,16659,2025-07-04,2025-07-07,2025-07-10,Delivered,Debit Card,Express Shipping,0.0,2815.79
246269,85938,2024-11-27,,,Cancelled,Debit Card,Standard Shipping,0.05,4408.9
445952,59661,2025-06-26,2025-06-28,2025-07-02,Delivered,Debit Card,Standard Shipping,0.0,3551.31
261848,39343,2024-05-21,2024-05-23,2024-05-25,Delivered,Debit Card,Express Shipping,0.0,1745.98
3068,56091,2025-07-29,2025-07-30,2025-08-02,Delivered,Credit Card,Express Shipping,0.0,1240.56
295301,59161,2025-07-21,2025-07-23,2025-07-27,Delivered,Credit Card,Standard Shipping,0.0,3102.51
191786,44942,2025-01-27,2025-01-28,2025-02-01,Delivered,Credit Card,Express Shipping,0.2,317.84
420640,25790,2023-03-08,2023-03-10,2023-03-15,Delivered,Net Banking,Economy Shipping,0.0,668.59
354523,79841,2025-11-30,2025-12-02,2025-12-04,Delivered,UPI,Standard Shipping,0.0,5104.04
124681,1394,2024-05-23,2024-05-25,2024-05-28,Delivered,Credit Card,Standard Shipping,0.0,456.66
116000,94607,2025-11-27,2025-11-28,2025-12-01,Delivered,UPI,Standard Shipping,0.0,1115.47
70550,66457,2024-10-09,2024-10-10,2024-10-13,Delivered,Debit Card,Express Shipping,0.0,159.17
491343,4378,2025-01-09,2025-01-10,2025-01-15,Delivered,UPI,Standard Shipping,0.0,3352.78
418191,84807,2024-05-06,,,Cancelled,Debit Card,Standard Shipping,0.0,4734.77
358596,42688,2024-04-16,2024-04-17,2024-04-19,Delivered,Net Banking,Standard Shipping,0.15,2900.74
20318,73413,2025-11-14,2025-11-16,2025-11-19,Delivered,Credit Card,Express Shipping,0.05,1994.98
123260,28690,2024-10-07,2024-10-08,2024-10-10,Delivered,COD,Standard Shipping,0.0,922.49
139819,31122,2025-05-01,2025-05-02,2025-05-05,Delivered,UPI,Express Shipping,0.15,628.6
197635,28630,2022-12-15,2022-12-17,2022-12-21,Delivered,Credit Card,Standard Shipping,0.0,2029.97
218440,99618,2025-05-29,2025-05-31,2025-06-02,Delivered,UPI,Express Shipping,0.0,9118.65
138874,62848,2025-11-03,2025-11-04,2025-11-06,Delivered,Net Banking,Express Shipping,0.0,7191.26
485386,60194,2025-11-26,2025-11-27,2025-11-30,Delivered,UPI,Economy Shipping,0.0,2037.62
82764,35952,2025-11-06,2025-11-07,2025-11-10,Delivered,UPI,Standard Shipping,0.0,3320.73
273234,19405,2025-09-29,2025-10-01,2025-10-03,Delivered,UPI,Express Shipping,0.2,889.12
268697,74494,2022-12-15,2022-12-16,2022-12-18,Returned,Credit Card,Standard Shipping,0.1,209.69
276885,88302,2022-09-02,2022-09-03,2022-09-05,Delivered,COD,Express Shipping,0.1,1505.33
336807,71259,2025-11-12,2025-11-13,2025-11-16,Delivered,Net Banking,Standard Shipping,0.2,1383.91
201167,3970,2025-12-23,2025-12-26,2025-12-28,Delivered,UPI,Standard Shipping,0.1,2530.63
315193,18866,2024-07-11,2024-07-14,2024-07-17,Delivered,Debit Card,Express Shipping,0.0,1335.75
356400,97292,2025-09-28,2025-09-30,2025-10-02,Delivered,Credit Card,Standard Shipping,0.05,1057.43
224600,66644,2025-11-18,2025-11-19,2025-11-21,Delivered,Wallet,Standard Shipping,0.1,1984.58
466136,76538,2025-03-16,2025-03-17,2025-03-19,Delivered,UPI,Priority Overnight,0.05,4567.2
259213,22978,2025-09-10,2025-09-13,2025-09-17,Delivered,Debit Card,Express Shipping,0.0,5008.19
298619,96538,2022-10-12,2022-10-13,2022-10-16,Delivered,Wallet,Express Shipping,0.0,397.92
157141,27572,2025-11-25,2025-11-26,2025-11-30,Delivered,Credit Card,Express Shipping,0.0,608.96
65948,18758,2022-11-23,2022-11-25,2022-11-27,Delivered,Credit Card,Standard Shipping,0.0,1599.05
376188,64591,2025-09-24,2025-09-25,2025-09-28,Delivered,UPI,Express Shipping,0.0,3882.41
57320,70596,2025-10-08,,,Pending,Debit Card,Express Shipping,0.0,1286.13
263631,53349,2024-12-15,,,Pending,UPI,Priority Overnight,0.0,3230.93
344843,2386,2025-08-14,2025-08-15,2025-08-18,Delivered,UPI,Standard Shipping,0.0,1464.96
23030,11538,2024-09-30,2024-10-01,2024-10-06,Delivered,Credit Card,Standard Shipping,0.1,989.06
449312,93389,2025-07-31,2025-08-02,2025-08-05,Delivered,Debit Card,Standard Shipping,0.05,75.04
143420,63327,2025-11-11,2025-11-13,2025-11-17,Delivered,Credit Card,Standard Shipping,0.05,2246.13
242082,49482,2025-11-18,2025-11-21,2025-11-23,Delivered,Debit Card,Standard Shipping,0.0,1220.34
244551,80277,2024-08-20,,,Cancelled,Credit Card,Standard Shipping,0.1,1431.54
407502,11352,2023-01-16,2023-01-17,2023-01-19,Returned,Debit Card,Standard Shipping,0.1,908.29
403658,8750,2025-08-26,,,Cancelled,Credit Card,Express Shipping,0.1,4493.15
287929,12850,2023-09-18,2023-09-20,2023-09-23,Returned,UPI,Standard Shipping,0.0,2400.93
139569,35041,2024-10-20,2024-10-22,2024-10-24,Delivered,Credit Card,Standard Shipping,0.05,2386.35
317634,34278,2025-06-20,2025-06-21,2025-06-23,Delivered,UPI,Express Shipping,0.0,2820.54
350136,7130,2022-11-11,2022-11-12,2022-11-15,Returned,Credit Card,Express Shipping,0.05,1735.05
298853,68100,2025-09-25,2025-09-26,2025-09-29,Delivered,UPI,Standard Shipping,0.05,941.8
90401,24239,2024-12-01,2024-12-02,2024-12-07,Delivered,Debit Card,Standard Shipping,0.1,1063.75
387789,6485,2024-04-06,2024-04-08,2024-04-11,Delivered,Credit Card,Standard Shipping,0.0,3957.56
285043,49264,2025-05-21,2025-05-23,2025-05-28,Delivered,Debit Card,Standard Shipping,0.15,5319.03
457638,23671,2025-12-10,2025-12-12,2025-12-14,Delivered,Credit Card,Standard Shipping,0.0,187.47
431407,76541,2025-02-20,2025-02-22,2025-02-26,Delivered,Wallet,Priority Overnight,0.05,3832.76
310315,32356,2022-11-30,2022-12-03,2022-12-07,Delivered,Credit Card,Standard Shipping,0.15,4399.31
315300,41386,2025-03-09,,,Cancelled,Credit Card,Standard Shipping,0.05,2055.75
13210,51789,2024-07-04,2024-07-05,2024-07-07,Delivered,Debit Card,Express Shipping,0.0,2508.94
114678,46851,2025-11-22,2025-11-24,2025-11-28,Delivered,Credit Card,Express Shipping,0.0,1608.76
130376,3769,2025-02-01,2025-02-04,2025-02-06,Delivered,COD,Express Shipping,0.0,518.36
366869,10198,2023-11-23,2023-11-24,2023-11-26,Delivered,Credit Card,Economy Shipping,0.05,1735.16
494293,26138,2025-08-15,2025-08-17,2025-08-19,Delivered,Wallet,Standard Shipping,0.0,4783.59
24869,22259,2025-12-04,2025-12-05,2025-12-08,Delivered,Debit Card,Priority Overnight,0.15,1192.21
194336,35484,2025-01-14,2025-01-15,2025-01-18,Delivered,Credit Card,Standard Shipping,0.0,1086.91
195224,99273,2025-05-16,,,Pending,Credit Card,Express Shipping,0.0,2014.49
346790,63600,2024-08-13,2024-08-14,2024-08-16,Delivered,UPI,Standard Shipping,0.05,2919.79
303174,47309,2025-01-19,2025-01-20,2025-01-23,Delivered,Credit Card,Standard Shipping,0.1,1629.87
246761,14014,2025-11-07,2025-11-08,2025-11-13,Delivered,Debit Card,Priority Overnight,0.05,996.25
454127,78420,2025-06-09,2025-06-11,2025-06-14,Delivered,Credit Card,Standard Shipping,0.15,527.5
291451,37941,2025-06-08,2025-06-10,2025-06-12,Delivered,Credit Card,Priority Overnight,0.05,1222.6
200189,11304,2025-02-12,2025-02-13,2025-02-15,Delivered,UPI,Express Shipping,0.05,1242.74
293318,67276,2024-06-06,2024-06-08,2024-06-13,Delivered,Net Banking,Priority Overnight,0.1,2320.24
411010,52809,2025-12-15,2025-12-18,2025-12-22,Returned,Debit Card,Standard Shipping,0.0,180.11
436286,89750,2024-07-13,2024-07-15,2024-07-17,Delivered,Debit Card,Standard Shipping,0.0,1024.23
4729,36374,2025-11-22,2025-11-23,2025-11-25,Delivered,Debit Card,Standard Shipping,0.15,1462.09
199950,51193,2025-10-23,2025-10-24,2025-10-27,Delivered,Debit Card,Priority Overnight,0.2,1413.41
204816,47717,2025-09-03,2025-09-05,2025-09-09,Delivered,UPI,Standard Shipping,0.0,2300.82
449255,22979,2025-10-12,,,Pending,UPI,Standard Shipping,0.0,1136.99
318537,93286,2024-06-10,2024-06-11,2024-06-14,Delivered,Debit Card,Standard Shipping,0.0,1309.28
84722,38461,2025-05-30,2025-05-31,2025-06-02,Returned,Credit Card,Standard Shipping,0.0,1044.46
487111,352,2024-11-18,2024-11-19,2024-11-23,Delivered,Debit Card,Express Shipping,0.1,827.96
470173,35969,2025-02-22,2025-02-23,2025-02-28,Delivered,Credit Card,Standard Shipping,0.0,297.98
85110,96663,2025-01-02,2025-01-03,2025-01-05,Delivered,Credit Card,Standard Shipping,0.0,4537.26
31871,82310,2025-05-25,2025-05-27,2025-05-30,Delivered,Debit Card,Standard Shipping,0.0,3143.58
238857,12536,2025-05-19,2025-05-20,2025-05-23,Delivered,Credit Card,Express Shipping,0.2,512.59
254750,89922,2024-04-04,2024-04-06,2024-04-11,Delivered,Credit Card,Priority Overnight,0.1,1605.54
393550,25015,2024-12-18,,,Pending,Credit Card,Express Shipping,0.2,2373.5
8127,88554,2024-08-17,,,Cancelled,Wallet,Priority Overnight,0.2,683.98
259244,13004,2025-03-30,2025-03-31,2025-04-04,Delivered,Credit Card,Economy Shipping,0.15,818.51
53985,18713,2024-01-17,2024-01-18,2024-01-21,Delivered,Credit Card,Economy Shipping,0.0,1344.75
352265,1645,2025-11-23,2025-11-24,2025-11-28,Delivered,Debit Card,Express Shipping,0.0,1967.45
127351,20685,2023-09-07,2023-09-09,2023-09-12,Delivered,Wallet,Standard Shipping,0.1,2195.97
272387,9374,2024-10-16,2024-10-18,2024-10-20,Delivered,UPI,Standard Shipping,0.1,2235.91
26902,98249,2024-11-29,2024-11-30,2024-12-02,Delivered,UPI,Express Shipping,0.0,3778.64
491178,34081,2024-12-15,2024-12-17,2024-12-22,Delivered,COD,Express Shipping,0.15,1069.14
377550,71171,2025-08-29,2025-08-30,2025-09-01,Delivered,UPI,Standard Shipping,0.0,2536.72
434856,82173,2025-11-17,2025-11-19,2025-11-21,Delivered,Credit Card,Priority Overnight,0.05,1893.28
178598,65215,2025-04-03,2025-04-04,2025-04-09,Delivered,Credit Card,Express Shipping,0.15,1095.63
468887,44922,2024-01-30,2024-02-01,2024-02-03,Delivered,Credit Card,Standard Shipping,0.0,974.52
336453,89802,2022-05-18,2022-05-20,2022-05-24,Delivered,UPI,Standard Shipping,0.0,567.85
75432,49346,2025-05-26,2025-05-27,2025-05-29,Delivered,Credit Card,Standard Shipping,0.1,647.98
349516,11532,2024-01-17,2024-01-18,2024-01-20,Delivered,Debit Card,Standard Shipping,0.0,221.34
164894,55700,2025-12-05,2025-12-07,2025-12-11,Delivered,Debit Card,Standard Shipping,0.0,2449.27
251896,71319,2024-05-25,2024-05-27,2024-05-31,Delivered,COD,Standard Shipping,0.2,684.74
268988,84366,2023-07-16,2023-07-17,2023-07-21,Delivered,Debit Card,Express Shipping,0.0,1120.96
94173,77558,2025-12-13,2025-12-15,2025-12-19,Delivered,Wallet,Express Shipping,0.0,2095.99
238731,314,2024-08-05,2024-08-07,2024-08-10,Delivered,Credit Card,Express Shipping,0.1,1461.55
59609,22929,2024-05-31,2024-06-02,2024-06-04,Delivered,Wallet,Express Shipping,0.0,1838.26
257806,64814,2023-07-20,2023-07-21,2023-07-24,Delivered,Credit Card,Standard Shipping,0.05,2132.71
403042,6601,2023-11-07,2023-11-09,2023-11-13,Delivered,COD,Standard Shipping,0.0,2938.29
70567,93596,2025-11-15,2025-11-16,2025-11-19,Delivered,Wallet,Express Shipping,0.15,1035.9
272351,70713,2025-12-27,2025-12-29,2025-12-31,Delivered,Credit Card,Standard Shipping,0.0,455.98
254912,95248,2025-01-24,2025-01-26,2025-01-30,Delivered,Credit Card,Standard Shipping,0.0,980.37
348198,42031,2025-01-12,2025-01-14,2025-01-17,Delivered,Net Banking,Standard Shipping,0.05,4153.75
310779,38073,2025-01-24,2025-01-27,2025-01-30,Delivered,Credit Card,Standard Shipping,0.05,1855.85
126360,38251,2025-10-15,2025-10-16,2025-10-18,Delivered,UPI,Express Shipping,0.05,1760.36
208120,11981,2025-05-22,2025-05-23,2025-05-26,Delivered,COD,Express Shipping,0.0,2121.18
438570,44673,2025-03-19,2025-03-22,2025-03-25,Delivered,Debit Card,Express Shipping,0.0,3831.15
445551,6317,2023-12-02,2023-12-03,2023-12-05,Delivered,Net Banking,Express Shipping,0.05,1231.17
451259,66529,2024-09-23,2024-09-24,2024-09-27,Delivered,COD,Economy Shipping,0.2,556.04
159079,38730,2022-12-21,2022-12-22,2022-12-26,Delivered,Debit Card,Economy Shipping,0.2,35.99
286875,66124,2023-08-05,2023-08-06,2023-08-09,Delivered,Net Banking,Standard Shipping,0.0,2076.34
109466,44960,2024-01-20,2024-01-22,2024-01-26,Delivered,Credit Card,Express Shipping,0.05,2038.14
78914,98784,2025-04-20,2025-04-21,2025-04-24,Delivered,Debit Card,Standard Shipping,0.0,2734.57
414041,12048,2024-07-15,,,Cancelled,UPI,Express Shipping,0.0,1490.04
333231,88548,2024-12-04,2024-12-05,2024-12-07,Delivered,UPI,Standard Shipping,0.0,866.45
413600,88393,2022-11-05,2022-11-07,2022-11-10,Delivered,Wallet,Standard Shipping,0.2,829.55
335295,10274,2024-11-14,2024-11-15,2024-11-17,Delivered,UPI,Express Shipping,0.0,690.56
432489,45693,2025-08-03,2025-08-06,2025-08-08,Delivered,Wallet,Standard Shipping,0.05,902.46
243714,96847,2024-10-17,,,Cancelled,Credit Card,Standard Shipping,0.0,2513.2
186076,1102,2025-11-05,2025-11-07,2025-11-10,Delivered,UPI,Economy Shipping,0.05,3240.93
209234,37377,2025-12-06,2025-12-08,2025-12-11,Delivered,Net Banking,Express Shipping,0.0,5651.31
218409,12195,2025-10-26,2025-10-29,2025-10-31,Delivered,Credit Card,Economy Shipping,0.0,4456.44
496130,17327,2025-12-18,2025-12-20,2025-12-22,Delivered,UPI,Express Shipping,0.0,963.79
197465,72260,2025-11-02,2025-11-04,2025-11-07,Delivered,Debit Card,Standard Shipping,0.05,1214.06
499311,63951,2025-11-21,2025-11-22,2025-11-25,Delivered,Debit Card,Priority Overnight,0.05,1467.69
472294,53985,2025-06-04,2025-06-06,2025-06-09,Delivered,Wallet,Economy Shipping,0.0,1960.03
76200,11566,2025-12-08,2025-12-09,2025-12-12,Delivered,Debit Card,Standard Shipping,0.15,4749.05
145028,87605,2025-01-15,2025-01-16,2025-01-20,Delivered,Credit Card,Express Shipping,0.15,498.9
9375,26669,2022-12-29,2022-12-31,2023-01-02,Delivered,Wallet,Priority Overnight,0.0,713.96
12477,91712,2025-12-28,2025-12-29,2025-12-31,Delivered,Credit Card,Express Shipping,0.0,2978.48
37666,97772,2024-11-16,2024-11-19,2024-11-23,Delivered,Credit Card,Standard Shipping,0.0,176.97
176853,3468,2024-01-01,2024-01-04,2024-01-08,Delivered,Credit Card,Express Shipping,0.1,2392.41
25027,46901,2025-09-12,2025-09-13,2025-09-15,Delivered,Net Banking,Express Shipping,0.1,2081.06
154818,15614,2024-09-01,2024-09-03,2024-09-05,Delivered,Debit Card,Standard Shipping,0.0,966.25
443496,46055,2025-10-21,2025-10-23,2025-10-27,Delivered,Credit Card,Economy Shipping,0.05,1428.26
356279,57271,2024-04-13,2024-04-15,2024-04-18,Delivered,Debit Card,Standard Shipping,0.0,1054.62
328040,95609,2025-09-06,2025-09-08,2025-09-12,Delivered,Credit Card,Priority Overnight,0.05,2725.53
235123,60511,2024-07-28,2024-07-30,2024-08-03,Delivered,Debit Card,Express Shipping,0.0,833.16
54594,57179,2024-05-15,2024-05-17,2024-05-19,Delivered,Credit Card,Priority Overnight,0.1,2639.18
204545,66499,2023-09-28,2023-10-01,2023-10-03,Delivered,UPI,Express Shipping,0.0,1922.2
263008,58602,2024-08-15,2024-08-16,2024-08-18,Delivered,Credit Card,Standard Shipping,0.0,1135.24
422089,85628,2025-05-28,2025-05-30,2025-06-02,Returned,Debit Card,Express Shipping,0.05,3876.63
230780,9700,2023-10-20,2023-10-23,2023-10-26,Delivered,UPI,Economy Shipping,0.0,6393.83
7537,71909,2025-03-07,2025-03-08,2025-03-11,Delivered,Credit Card,Priority Overnight,0.1,4596.16
369754,89701,2025-08-01,2025-08-03,2025-08-06,Delivered,Credit Card,Standard Shipping,0.05,1292.6
111234,4431,2023-05-21,2023-05-22,2023-05-24,Delivered,Net Banking,Express Shipping,0.0,897.97
193613,29027,2025-10-19,2025-10-21,2025-10-26,Delivered,Credit Card,Standard Shipping,0.2,3526.4
287430,12121,2024-11-24,2024-11-26,2024-11-30,Delivered,COD,Standard Shipping,0.0,478.0
304262,60373,2025-07-21,2025-07-23,2025-07-26,Delivered,Credit Card,Express Shipping,0.1,815.31
332780,80282,2025-11-21,2025-11-23,2025-11-26,Delivered,Credit Card,Express Shipping,0.0,3253.64
205988,38743,2025-08-29,,,Cancelled,UPI,Standard Shipping,0.15,883.46
473971,38022,2023-07-30,2023-08-01,2023-08-04,Delivered,UPI,Standard Shipping,0.0,1600.95
10649,52819,2025-06-25,2025-06-26,2025-06-28,Delivered,Net Banking,Standard Shipping,0.0,2231.3
413243,72111,2025-03-03,2025-03-05,2025-03-08,Delivered,Credit Card,Express Shipping,0.05,204.24
492345,69528,2025-10-04,2025-10-05,2025-10-07,Delivered,Credit Card,Standard Shipping,0.0,5282.88
360672,54837,2024-04-18,2024-04-21,2024-04-24,Delivered,Debit Card,Standard Shipping,0.05,3701.87
435995,94496,2024-04-11,2024-04-13,2024-04-16,Delivered,Net Banking,Standard Shipping,0.1,2591.35
329254,22291,2024-11-26,2024-11-28,2024-12-02,Delivered,Credit Card,Economy Shipping,0.0,3791.57
384121,17758,2025-05-26,2025-05-28,2025-05-31,Delivered,Debit Card,Priority Overnight,0.05,1952.32
258737,76268,2025-10-25,,,Pending,COD,Economy Shipping,0.0,4334.92
96008,46380,2025-06-10,2025-06-11,2025-06-13,Delivered,Credit Card,Express Shipping,0.1,3071.43
183124,69771,2025-04-27,2025-04-30,2025-05-03,Delivered,Debit Card,Priority Overnight,0.15,1556.16
240483,11779,2025-09-29,2025-10-01,2025-10-04,Delivered,Credit Card,Standard Shipping,0.0,2147.33
152525,53777,2025-08-31,2025-09-01,2025-09-03,Returned,Credit Card,Standard Shipping,0.0,3327.95
328141,19129,2024-07-14,2024-07-15,2024-07-20,Returned,Debit Card,Standard Shipping,0.0,1398.0
468778,55354,2025-07-20,,,Pending,Credit Card,Priority Overnight,0.2,2427.95
267716,52013,2023-07-13,2023-07-16,2023-07-19,Delivered,UPI,Express Shipping,0.05,322.02
163228,88904,2025-03-30,2025-03-31,2025-04-05,Delivered,Credit Card,Standard Shipping,0.0,2418.74
282010,59085,2025-06-04,2025-06-06,2025-06-08,Delivered,Credit Card,Express Shipping,0.0,2024.6
65189,44148,2024-12-15,2024-12-17,2024-12-20,Delivered,Credit Card,Standard Shipping,0.05,623.05
401774,39347,2025-12-10,2025-12-12,2025-12-14,Delivered,Credit Card,Standard Shipping,0.1,3577.54
458934,51738,2025-02-07,2025-02-08,2025-02-10,Delivered,UPI,Express Shipping,0.0,2706.84
422930,1353,2025-01-29,2025-01-30,2025-02-03,Delivered,Credit Card,Express Shipping,0.1,2451.65
160821,16593,2025-09-08,2025-09-10,2025-09-13,Delivered,Credit Card,Express Shipping,0.2,2016.55
349990,88067,2023-11-06,2023-11-07,2023-11-09,Delivered,Wallet,Standard Shipping,0.1,887.07
285305,3942,2025-08-29,2025-08-30,2025-09-01,Delivered,Net Banking,Standard Shipping,0.0,1208.68
380437,44467,2025-09-28,2025-09-30,2025-10-05,Delivered,Wallet,Priority Overnight,0.2,1860.12
299069,29514,2024-07-12,2024-07-13,2024-07-17,Delivered,Wallet,Standard Shipping,0.15,1106.7
312331,63838,2025-06-12,2025-06-13,2025-06-15,Delivered,Credit Card,Standard Shipping,0.05,3139.69
284980,79970,2025-02-25,2025-02-28,2025-03-03,Delivered,Net Banking,Standard Shipping,0.0,94.99
364164,68017,2025-09-07,,,Cancelled,Debit Card,Express Shipping,0.0,4425.02
154870,8258,2024-01-25,2024-01-26,2024-01-29,Delivered,Credit Card,Standard Shipping,0.0,2407.91
211676,16821,2025-09-26,2025-09-27,2025-10-01,Delivered,Credit Card,Standard Shipping,0.05,80.73
182409,75440,2025-04-21,2025-04-23,2025-04-26,Delivered,Credit Card,Economy Shipping,0.0,898.32
481575,16233,2025-07-25,2025-07-28,2025-07-31,Delivered,Debit Card,Standard Shipping,0.0,653.86
485809,6064,2024-12-16,2024-12-18,2024-12-21,Delivered,Net Banking,Standard Shipping,0.0,2334.26
448577,17159,2025-02-16,2025-02-17,2025-02-21,Delivered,COD,Priority Overnight,0.0,2271.24
200963,55861,2023-09-18,2023-09-20,2023-09-22,Delivered,Wallet,Express Shipping,0.0,6180.1
494046,41491,2025-06-03,2025-06-04,2025-06-06,Delivered,Credit Card,Express Shipping,0.15,1408.11
86877,77663,2025-09-11,2025-09-12,2025-09-15,Delivered,Credit Card,Economy Shipping,0.0,1293.57
29917,73000,2025-12-19,2025-12-21,2025-12-24,Delivered,Credit Card,Standard Shipping,0.0,1965.58
443125,50900,2025-08-19,2025-08-20,2025-08-24,Delivered,Debit Card,Express Shipping,0.2,592.46
443338,36952,2024-11-23,2024-11-25,2024-11-30,Delivered,Credit Card,Standard Shipping,0.1,2458.5
223941,33920,2025-09-13,,,Cancelled,Debit Card,Standard Shipping,0.15,2191.88
326939,50702,2025-04-11,,,Pending,Debit Card,Priority Overnight,0.0,1606.75
232078,6249,2022-08-02,2022-08-03,2022-08-06,Delivered,UPI,Priority Overnight,0.05,1155.07
179053,92277,2023-02-20,2023-02-22,2023-02-27,Delivered,Net Banking,Standard Shipping,0.1,315.36
77894,20742,2025-12-03,2025-12-04,2025-12-07,Delivered,Credit Card,Standard Shipping,0.15,1299.37
359578,22990,2025-05-31,2025-06-02,2025-06-04,Delivered,COD,Standard Shipping,0.0,2278.86
305699,36402,2025-08-20,2025-08-23,2025-08-26,Delivered,Credit Card,Standard Shipping,0.0,1022.75
296917,54443,2022-10-23,2022-10-25,2022-10-27,Delivered,Credit Card,Priority Overnight,0.0,1764.43
174967,58541,2025-08-21,2025-08-22,2025-08-27,Delivered,Debit Card,Priority Overnight,0.05,1441.07
88498,927,2023-09-28,2023-09-29,2023-10-01,Delivered,UPI,Express Shipping,0.0,4440.83
40541,58460,2025-12-26,2025-12-28,2025-12-30,Delivered,COD,Economy Shipping,0.0,1111.25
310975,75461,2025-09-27,2025-09-28,2025-09-30,Delivered,Wallet,Express Shipping,0.05,1533.19
498518,18228,2025-12-15,2025-12-17,2025-12-20,Delivered,UPI,Economy Shipping,0.0,2146.13
166699,69515,2025-05-06,2025-05-08,2025-05-12,Delivered,UPI,Economy Shipping,0.05,1147.09
201118,11562,2023-08-23,2023-08-25,2023-08-28,Delivered,UPI,Express Shipping,0.1,1177.95
231530,8962,2025-01-11,2025-01-12,2025-01-16,Delivered,Credit Card,Standard Shipping,0.0,905.11
228200,7430,2024-08-29,2024-08-31,2024-09-05,Delivered,Net Banking,Express Shipping,0.0,208.28
104071,81908,2025-12-23,2025-12-24,2025-12-26,Delivered,Credit Card,Priority Overnight,0.05,2151.65
202974,70898,2024-10-11,2024-10-13,2024-10-16,Delivered,Credit Card,Standard Shipping,0.05,1937.97
486162,45698,2025-11-11,2025-11-13,2025-11-16,Delivered,Credit Card,Express Shipping,0.0,324.89
84874,6693,2025-09-24,2025-09-25,2025-09-27,Delivered,Credit Card,Express Shipping,0.0,680.97
406213,11498,2025-11-03,,,Cancelled,COD,Express Shipping,0.0,4221.43
256448,3333,2023-10-01,2023-10-03,2023-10-06,Returned,Debit Card,Priority Overnight,0.05,1702.36
459329,40632,2024-11-17,2024-11-19,2024-11-21,Delivered,Debit Card,Express Shipping,0.05,999.39
164555,98691,2025-09-01,2025-09-02,2025-09-04,Delivered,Wallet,Standard Shipping,0.0,1404.76
482531,7282,2025-11-07,2025-11-08,2025-11-10,Delivered,Credit Card,Standard Shipping,0.0,1462.95
21754,77049,2025-12-22,2025-12-23,2025-12-25,Delivered,UPI,Express Shipping,0.0,1026.95
442577,80691,2024-02-27,2024-02-28,2024-03-03,Delivered,UPI,Standard Shipping,0.0,1272.16
283347,4358,2024-09-20,2024-09-22,2024-09-27,Delivered,Net Banking,Standard Shipping,0.1,1157.09
94694,28551,2024-12-27,2024-12-28,2025-01-02,Delivered,Net Banking,Express Shipping,0.0,7.19
201263,93211,2024-12-05,2024-12-06,2024-12-08,Delivered,Credit Card,Priority Overnight,0.1,2726.77
415818,2159,2024-07-09,2024-07-11,2024-07-13,Delivered,Debit Card,Standard Shipping,0.15,963.1
181814,44413,2022-12-30,2023-01-02,2023-01-06,Delivered,Wallet,Standard Shipping,0.0,637.97
316306,52291,2025-10-09,2025-10-10,2025-10-14,Delivered,Debit Card,Priority Overnight,0.1,615.66
421087,22131,2025-02-17,2025-02-19,2025-02-22,Delivered,Debit Card,Standard Shipping,0.05,6123.12
181253,78511,2025-04-29,,,Cancelled,Debit Card,Economy Shipping,0.0,1752.54
426868,87591,2022-10-16,2022-10-17,2022-10-19,Delivered,COD,Standard Shipping,0.1,2008.36
271804,39912,2025-10-05,2025-10-08,2025-10-10,Returned,Wallet,Priority Overnight,0.0,3489.34
212187,31135,2024-10-09,2024-10-11,2024-10-16,Delivered,Debit Card,Express Shipping,0.0,3475.56
318079,8476,2025-10-15,2025-10-16,2025-10-18,Delivered,Debit Card,Priority Overnight,0.0,2924.86
25865,83631,2022-01-07,2022-01-09,2022-01-11,Delivered,Debit Card,Express Shipping,0.0,2065.64
429150,89626,2025-03-03,2025-03-06,2025-03-08,Delivered,Net Banking,Standard Shipping,0.2,2043.22
292935,36473,2024-09-04,2024-09-05,2024-09-09,Delivered,Net Banking,Standard Shipping,0.0,1533.68
123364,89541,2025-06-27,2025-06-29,2025-07-01,Delivered,Debit Card,Standard Shipping,0.1,1517.97
498254,52314,2025-10-13,,,Cancelled,Debit Card,Standard Shipping,0.1,58.49
148411,59673,2025-11-25,2025-11-28,2025-12-01,Delivered,Net Banking,Economy Shipping,0.15,1356.58
100393,51527,2024-03-04,2024-03-06,2024-03-11,Delivered,Wallet,Express Shipping,0.0,1347.82
329067,86824,2023-10-23,2023-10-24,2023-10-27,Delivered,Net Banking,Express Shipping,0.0,3579.94
246630,33607,2025-10-08,2025-10-09,2025-10-11,Delivered,Credit Card,Standard Shipping,0.0,279.99
233021,41133,2025-01-21,2025-01-23,2025-01-27,Delivered,Debit Card,Economy Shipping,0.0,1394.53
26982,32987,2022-09-09,2022-09-10,2022-09-13,Delivered,Net Banking,Priority Overnight,0.0,5605.99
85776,11029,2025-11-04,2025-11-05,2025-11-07,Delivered,Credit Card,Standard Shipping,0.0,2127.78
315462,74747,2025-09-13,2025-09-14,2025-09-16,Delivered,UPI,Standard Shipping,0.05,657.94
470411,92123,2025-09-02,2025-09-04,2025-09-06,Delivered,Credit Card,Standard Shipping,0.0,2178.36
231780,94746,2024-07-28,2024-07-31,2024-08-05,Delivered,Credit Card,Express Shipping,0.0,2489.15
236743,96459,2025-10-09,2025-10-11,2025-10-16,Delivered,Credit Card,Standard Shipping,0.0,974.75
331490,61554,2024-09-25,2024-09-28,2024-10-03,Delivered,Debit Card,Standard Shipping,0.1,2533.92
242286,18782,2025-12-22,2025-12-24,2025-12-27,Delivered,Wallet,Standard Shipping,0.1,1279.9
387534,36319,2025-07-15,2025-07-16,2025-07-18,Delivered,Debit Card,Express Shipping,0.05,1376.03
170942,94594,2025-01-13,2025-01-16,2025-01-18,Delivered,Credit Card,Express Shipping,0.0,2293.79
498265,99757,2025-07-23,2025-07-26,2025-07-29,Returned,Debit Card,Express Shipping,0.0,901.99
63365,10552,2023-12-26,,,Pending,Debit Card,Priority Overnight,0.05,959.58
95718,53644,2022-12-27,2022-12-28,2022-12-30,Returned,Credit Card,Standard Shipping,0.15,1569.67
467775,38176,2025-06-15,2025-06-16,2025-06-18,Delivered,Credit Card,Standard Shipping,0.05,3114.24
440214,93320,2022-05-05,2022-05-07,2022-05-11,Delivered,Debit Card,Express Shipping,0.0,1220.1
238248,15571,2025-09-21,2025-09-23,2025-09-26,Delivered,Debit Card,Express Shipping,0.0,721.21
131391,54075,2025-05-10,2025-05-12,2025-05-14,Delivered,Credit Card,Standard Shipping,0.05,1161.92
357763,40451,2025-04-05,2025-04-06,2025-04-10,Delivered,UPI,Standard Shipping,0.0,550.26
92991,22925,2025-11-02,2025-11-03,2025-11-05,Delivered,Credit Card,Express Shipping,0.1,3159.41
447205,48674,2025-12-29,2025-12-30,2026-01-02,Delivered,Net Banking,Standard Shipping,0.0,3362.97
20896,66278,2024-05-30,2024-05-31,2024-06-05,Delivered,Credit Card,Standard Shipping,0.0,2426.22
278754,25519,2025-10-12,,,Cancelled,Credit Card,Economy Shipping,0.0,2953.8
322615,84065,2025-08-03,2025-08-06,2025-08-10,Delivered,Net Banking,Standard Shipping,0.0,1247.42
91144,49020,2024-12-16,2024-12-18,2024-12-20,Returned,Wallet,Express Shipping,0.0,397.99
481209,50034,2025-04-24,2025-04-25,2025-04-28,Delivered,Debit Card,Standard Shipping,0.1,1339.16
458851,65430,2023-02-13,2023-02-15,2023-02-17,Delivered,Net Banking,Standard Shipping,0.0,427.95
151355,77244,2025-03-07,2025-03-08,2025-03-10,Delivered,Debit Card,Priority Overnight,0.05,2443.35
117055,50219,2025-12-01,2025-12-04,2025-12-06,Delivered,UPI,Economy Shipping,0.1,287.66
320456,67496,2025-12-27,,,Cancelled,UPI,Economy Shipping,0.0,3306.27
244632,38743,2025-12-02,2025-12-03,2025-12-05,Delivered,Net Banking,Standard Shipping,0.05,38.69
392512,14648,2024-04-04,2024-04-06,2024-04-09,Delivered,Debit Card,Standard Shipping,0.0,5255.89
305107,61042,2024-02-18,2024-02-20,2024-02-24,Delivered,Debit Card,Standard Shipping,0.0,539.94
103485,7694,2024-11-08,2024-11-09,2024-11-11,Delivered,Debit Card,Standard Shipping,0.0,4138.93
152236,95143,2023-12-08,2023-12-11,2023-12-14,Delivered,Wallet,Standard Shipping,0.0,2313.84
297281,41522,2025-08-05,2025-08-07,2025-08-10,Delivered,Debit Card,Standard Shipping,0.1,404.33
297482,40935,2024-02-14,2024-02-15,2024-02-17,Delivered,Credit Card,Economy Shipping,0.0,3142.61
275623,55690,2024-06-03,2024-06-04,2024-06-07,Delivered,UPI,Standard Shipping,0.1,3091.13
397679,69407,2025-08-31,2025-09-02,2025-09-05,Delivered,Debit Card,Standard Shipping,0.0,529.57
375044,82871,2022-11-02,2022-11-03,2022-11-07,Delivered,Wallet,Standard Shipping,0.0,1614.37
117486,18165,2025-05-29,2025-05-31,2025-06-04,Delivered,Wallet,Standard Shipping,0.05,373.33
172262,25990,2025-03-18,2025-03-19,2025-03-22,Delivered,Debit Card,Express Shipping,0.0,5071.96
10776,6884,2025-12-07,2025-12-08,2025-12-11,Delivered,Credit Card,Standard Shipping,0.15,1210.5
24378,42086,2025-12-28,2025-12-30,2026-01-01,Delivered,Debit Card,Priority Overnight,0.05,960.93
19902,8286,2025-12-11,2025-12-14,2025-12-16,Returned,Credit Card,Express Shipping,0.0,1402.72
52037,88325,2025-11-26,2025-11-27,2025-11-30,Delivered,Credit Card,Express Shipping,0.2,3234.2
280738,13380,2024-07-10,2024-07-12,2024-07-14,Delivered,Credit Card,Standard Shipping,0.0,2459.21
339009,56198,2025-08-11,2025-08-13,2025-08-17,Delivered,UPI,Standard Shipping,0.1,2080.66
220924,99406,2025-09-07,2025-09-10,2025-09-14,Delivered,Debit Card,Express Shipping,0.05,449.08
193096,22162,2023-02-15,2023-02-17,2023-02-20,Delivered,Wallet,Standard Shipping,0.1,2224.85
105382,65810,2025-10-29,2025-10-31,2025-11-03,Delivered,COD,Standard Shipping,0.15,486.16
287142,55872,2025-06-29,2025-06-30,2025-07-03,Returned,Credit Card,Standard Shipping,0.05,7669.43
352475,67658,2025-01-19,2025-01-21,2025-01-23,Delivered,Credit Card,Express Shipping,0.0,879.82
294965,86255,2024-01-11,2024-01-12,2024-01-16,Delivered,Debit Card,Express Shipping,0.0,967.82
56975,27771,2025-12-26,2025-12-27,2025-12-29,Returned,Credit Card,Priority Overnight,0.1,1261.33
99137,3657,2025-08-17,2025-08-20,2025-08-22,Delivered,Wallet,Standard Shipping,0.1,529.65
119670,59306,2025-08-27,2025-08-28,2025-08-31,Delivered,Credit Card,Economy Shipping,0.0,1530.93
237285,95587,2023-12-01,2023-12-03,2023-12-05,Delivered,UPI,Standard Shipping,0.2,1881.36
186968,35790,2024-12-18,2024-12-19,2024-12-21,Delivered,Credit Card,Express Shipping,0.05,638.07
188985,74336,2024-08-15,2024-08-16,2024-08-18,Delivered,Credit Card,Standard Shipping,0.05,2213.86
321183,92107,2023-09-24,2023-09-25,2023-09-30,Delivered,Credit Card,Express Shipping,0.0,231.37
447980,47446,2024-06-06,2024-06-07,2024-06-11,Delivered,Credit Card,Express Shipping,0.15,1431.81
297783,60532,2024-12-04,2024-12-07,2024-12-10,Delivered,UPI,Standard Shipping,0.0,953.2
43098,53598,2025-06-27,2025-06-28,2025-06-30,Delivered,Credit Card,Standard Shipping,0.05,947.45
322813,32273,2024-08-30,2024-08-31,2024-09-04,Delivered,Credit Card,Express Shipping,0.15,1081.66
481333,70712,2024-08-22,2024-08-23,2024-08-25,Delivered,UPI,Standard Shipping,0.2,485.72
79167,62032,2025-08-16,,,Cancelled,Credit Card,Priority Overnight,0.0,873.97
251435,29250,2024-05-14,2024-05-16,2024-05-18,Returned,Credit Card,Standard Shipping,0.0,1781.32
497501,58130,2024-07-15,2024-07-16,2024-07-18,Returned,Credit Card,Express Shipping,0.0,1854.37
13909,18129,2025-09-21,,,Cancelled,Debit Card,Express Shipping,0.0,1895.61
10872,16687,2022-06-27,2022-06-29,2022-07-03,Delivered,Debit Card,Priority Overnight,0.05,633.71
111260,3827,2024-01-08,2024-01-09,2024-01-12,Delivered,Credit Card,Standard Shipping,0.05,901.99
438826,56920,2025-11-07,2025-11-08,2025-11-11,Delivered,Debit Card,Express Shipping,0.05,1507.47
200731,14775,2024-11-12,2024-11-13,2024-11-18,Delivered,Credit Card,Standard Shipping,0.15,3103.9
484,73066,2025-10-06,2025-10-08,2025-10-11,Delivered,COD,Standard Shipping,0.1,2172.55
18098,78529,2025-05-30,2025-06-01,2025-06-03,Delivered,COD,Priority Overnight,0.1,1284.68
329865,35734,2024-07-27,2024-07-28,2024-07-30,Delivered,Credit Card,Standard Shipping,0.05,1133.24
419701,79441,2025-11-11,2025-11-13,2025-11-17,Delivered,Debit Card,Standard Shipping,0.0,481.22
413081,73523,2025-08-21,2025-08-23,2025-08-25,Delivered,Wallet,Standard Shipping,0.0,368.78
466125,1031,2025-08-14,2025-08-15,2025-08-18,Delivered,Credit Card,Standard Shipping,0.0,2211.48
166144,70215,2025-10-29,2025-11-01,2025-11-03,Delivered,UPI,Express Shipping,0.15,1182.61
277537,50054,2025-12-22,2025-12-23,2025-12-27,Delivered,UPI,Standard Shipping,0.0,1411.36
414819,58000,2024-08-27,2024-08-28,2024-09-02,Delivered,Credit Card,Economy Shipping,0.05,765.46
182129,93280,2025-09-30,,,Cancelled,UPI,Express Shipping,0.0,259.23
296766,48944,2025-03-04,2025-03-07,2025-03-10,Delivered,Wallet,Standard Shipping,0.0,5610.87
225554,59508,2025-11-29,2025-11-30,2025-12-03,Returned,UPI,Express Shipping,0.0,3052.95
480955,2313,2024-09-24,,,Pending,UPI,Standard Shipping,0.0,4755.35
180879,55814,2025-06-21,2025-06-22,2025-06-25,Delivered,Net Banking,Standard Shipping,0.0,3795.89
431791,34432,2025-07-16,2025-07-18,2025-07-21,Delivered,UPI,Standard Shipping,0.1,683.18
197775,15800,2024-05-18,2024-05-19,2024-05-22,Delivered,COD,Express Shipping,0.0,2864.3
174753,5078,2025-05-28,2025-05-30,2025-06-03,Delivered,Net Banking,Standard Shipping,0.0,860.68
241966,91280,2023-11-08,2023-11-09,2023-11-12,Delivered,Credit Card,Standard Shipping,0.05,3074.53
335432,40606,2025-12-05,2025-12-06,2025-12-11,Delivered,Credit Card,Express Shipping,0.15,97.99
441548,21949,2025-06-01,2025-06-03,2025-06-07,Delivered,UPI,Express Shipping,0.05,3389.95
54429,87052,2025-12-11,2025-12-12,2025-12-15,Delivered,Credit Card,Express Shipping,0.1,1150.24
313355,16594,2025-04-14,2025-04-17,2025-04-20,Delivered,Credit Card,Standard Shipping,0.1,5901.21
242912,57169,2024-10-11,2024-10-13,2024-10-16,Delivered,Credit Card,Standard Shipping,0.0,4441.13
7925,91907,2025-04-03,,,Cancelled,COD,Standard Shipping,0.15,2681.64
61006,67968,2025-08-07,2025-08-09,2025-08-11,Delivered,Net Banking,Standard Shipping,0.05,1599.73
268349,89568,2025-05-31,2025-06-02,2025-06-04,Delivered,Credit Card,Express Shipping,0.05,1123.63
403706,3385,2025-10-25,2025-10-26,2025-10-29,Delivered,Credit Card,Standard Shipping,0.0,682.94
495151,81242,2023-03-02,2023-03-03,2023-03-07,Delivered,Debit Card,Standard Shipping,0.05,2824.2
300186,72278,2025-02-22,2025-02-23,2025-02-26,Delivered,UPI,Standard Shipping,0.05,566.18
381903,18629,2025-09-18,2025-09-19,2025-09-22,Delivered,COD,Priority Overnight,0.1,1867.3
358103,63007,2025-05-05,2025-05-07,2025-05-10,Delivered,UPI,Standard Shipping,0.0,1248.05
98359,35950,2022-10-04,2022-10-07,2022-10-11,Returned,Credit Card,Standard Shipping,0.1,211.47
160411,46107,2023-09-02,2023-09-03,2023-09-05,Delivered,Credit Card,Express Shipping,0.0,3279.78
53314,65552,2025-05-31,2025-06-03,2025-06-05,Delivered,Debit Card,Standard Shipping,0.2,590.38
201754,78786,2023-01-21,2023-01-23,2023-01-25,Delivered,Debit Card,Standard Shipping,0.0,1567.06
422345,88811,2025-08-21,2025-08-23,2025-08-26,Returned,Credit Card,Standard Shipping,0.05,906.26
283825,42895,2025-03-08,2025-03-09,2025-03-14,Delivered,Credit Card,Express Shipping,0.0,1269.26
479794,86620,2025-07-12,2025-07-15,2025-07-20,Delivered,COD,Standard Shipping,0.0,1420.06
371553,46736,2022-08-19,2022-08-20,2022-08-23,Delivered,Credit Card,Standard Shipping,0.05,876.8
336213,50506,2025-01-30,2025-01-31,2025-02-05,Delivered,Net Banking,Standard Shipping,0.05,927.17
171717,43280,2024-12-13,2024-12-14,2024-12-16,Delivered,UPI,Express Shipping,0.0,3956.69
59867,23908,2023-10-13,2023-10-16,2023-10-21,Delivered,Debit Card,Standard Shipping,0.1,629.0
482462,3287,2025-01-02,,,Cancelled,Debit Card,Express Shipping,0.0,4646.58
361118,91480,2025-11-02,2025-11-03,2025-11-08,Delivered,Credit Card,Express Shipping,0.1,2061.85
259862,35082,2025-04-15,2025-04-16,2025-04-18,Delivered,Debit Card,Express Shipping,0.0,2407.89
424819,74623,2025-08-10,2025-08-12,2025-08-14,Delivered,Net Banking,Standard Shipping,0.1,751.12
10903,94123,2025-01-26,2025-01-28,2025-01-30,Delivered,Net Banking,Economy Shipping,0.0,484.64
70202,29212,2023-12-25,2023-12-27,2023-12-30,Delivered,Debit Card,Standard Shipping,0.0,998.02
45552,71849,2025-07-20,,,Pending,Net Banking,Economy Shipping,0.2,878.98
408048,13859,2024-01-31,2024-02-01,2024-02-03,Delivered,UPI,Express Shipping,0.0,1373.97
396922,6852,2025-04-02,2025-04-03,2025-04-08,Delivered,Credit Card,Standard Shipping,0.05,232.18
142562,82798,2025-01-17,2025-01-19,2025-01-22,Delivered,Net Banking,Express Shipping,0.0,2354.8
282540,95342,2025-10-16,2025-10-18,2025-10-21,Delivered,Wallet,Express Shipping,0.1,316.79
209669,61999,2025-11-23,2025-11-26,2025-11-29,Delivered,UPI,Express Shipping,0.1,1889.45
307433,16986,2025-07-31,2025-08-01,2025-08-03,Delivered,Credit Card,Standard Shipping,0.1,234.88
180266,90889,2023-08-16,,,Cancelled,Wallet,Standard Shipping,0.05,1421.15
303762,73472,2024-12-21,2024-12-22,2024-12-25,Delivered,Debit Card,Standard Shipping,0.1,996.1
76863,91861,2024-12-04,2024-12-05,2024-12-10,Delivered,Credit Card,Express Shipping,0.0,493.97
355727,49440,2025-02-09,2025-02-10,2025-02-15,Delivered,Net Banking,Standard Shipping,0.0,5019.31
448019,39440,2023-12-06,2023-12-07,2023-12-09,Delivered,Credit Card,Express Shipping,0.05,429.39
263169,74145,2024-07-03,2024-07-05,2024-07-07,Delivered,Credit Card,Standard Shipping,0.05,5954.46
143964,63594,2025-10-17,2025-10-18,2025-10-22,Delivered,Credit Card,Standard Shipping,0.05,502.53
49176,96722,2025-11-03,,,Cancelled,UPI,Express Shipping,0.0,706.13
324529,54802,2025-03-27,2025-03-28,2025-03-31,Returned,UPI,Priority Overnight,0.0,1413.69
489677,25193,2025-09-07,2025-09-09,2025-09-13,Delivered,Debit Card,Express Shipping,0.05,1840.67
317754,54017,2024-08-25,2024-08-26,2024-08-29,Delivered,Credit Card,Standard Shipping,0.0,1441.86
194290,70342,2022-11-21,2022-11-23,2022-11-27,Delivered,UPI,Express Shipping,0.0,548.97
237330,49524,2025-09-13,2025-09-15,2025-09-18,Delivered,Debit Card,Standard Shipping,0.0,2728.67
296493,58162,2025-11-14,2025-11-16,2025-11-20,Delivered,Credit Card,Express Shipping,0.1,833.33
293714,85496,2025-08-08,2025-08-09,2025-08-11,Delivered,Wallet,Priority Overnight,0.0,2143.46
277448,46974,2022-07-06,2022-07-08,2022-07-10,Delivered,UPI,Priority Overnight,0.0,4012.1
160685,48008,2023-08-01,2023-08-02,2023-08-05,Delivered,Credit Card,Standard Shipping,0.05,888.16
46285,24133,2025-09-13,2025-09-14,2025-09-19,Delivered,UPI,Express Shipping,0.0,1301.29
442185,11151,2025-10-20,2025-10-23,2025-10-25,Delivered,Credit Card,Standard Shipping,0.1,1115.05
381512,18740,2025-11-21,2025-11-24,2025-11-27,Delivered,UPI,Priority Overnight,0.1,4732.96
442418,27770,2025-12-10,2025-12-11,2025-12-14,Delivered,Credit Card,Standard Shipping,0.0,1888.85
40461,47538,2025-12-20,2025-12-23,2025-12-25,Delivered,UPI,Priority Overnight,0.0,326.97
140816,19230,2025-06-04,2025-06-05,2025-06-09,Delivered,UPI,Standard Shipping,0.0,2480.3
445110,33691,2023-03-04,2023-03-06,2023-03-08,Delivered,COD,Standard Shipping,0.1,1567.86
171693,52019,2022-01-07,,,Cancelled,UPI,Standard Shipping,0.05,4826.73
51327,55265,2024-03-14,2024-03-15,2024-03-17,Delivered,Debit Card,Standard Shipping,0.2,5719.58
80329,5818,2025-07-23,2025-07-24,2025-07-26,Delivered,Net Banking,Standard Shipping,0.05,1124.41
31457,52289,2025-03-01,,,Cancelled,Wallet,Standard Shipping,0.05,1136.17
40811,9385,2025-05-15,2025-05-16,2025-05-18,Delivered,Debit Card,Economy Shipping,0.05,2196.3
249582,85237,2025-05-31,2025-06-01,2025-06-04,Delivered,UPI,Standard Shipping,0.1,270.89
216367,84322,2025-12-20,2025-12-23,2025-12-27,Delivered,Wallet,Priority Overnight,0.0,1650.16
497408,68286,2025-05-12,2025-05-14,2025-05-17,Delivered,Wallet,Standard Shipping,0.15,1944.95
29674,76613,2023-04-15,2023-04-16,2023-04-18,Delivered,Net Banking,Standard Shipping,0.05,873.02
84586,30986,2025-10-06,2025-10-07,2025-10-10,Delivered,Credit Card,Express Shipping,0.05,2380.45
402518,46527,2023-06-09,2023-06-10,2023-06-14,Delivered,Credit Card,Standard Shipping,0.0,902.94
206922,75621,2025-07-13,2025-07-15,2025-07-18,Delivered,Credit Card,Standard Shipping,0.0,2443.93
71863,96944,2025-08-18,2025-08-20,2025-08-22,Delivered,Net Banking,Standard Shipping,0.0,3569.3
35107,39989,2025-10-29,2025-10-30,2025-11-02,Delivered,COD,Standard Shipping,0.0,1745.41
203997,86574,2025-04-08,2025-04-09,2025-04-13,Delivered,UPI,Express Shipping,0.05,1363.17
439311,91798,2025-12-03,2025-12-05,2025-12-10,Returned,Credit Card,Express Shipping,0.0,1825.94
444168,94034,2025-10-31,2025-11-01,2025-11-04,Delivered,Net Banking,Standard Shipping,0.05,782.87
99969,71781,2024-08-22,2024-08-24,2024-08-29,Delivered,Credit Card,Standard Shipping,0.0,1405.86
303055,84430,2025-10-26,2025-10-27,2025-11-01,Delivered,Credit Card,Priority Overnight,0.05,3538.59
498355,62429,2024-11-25,2024-11-27,2024-11-29,Delivered,UPI,Priority Overnight,0.1,7723.42
493917,88529,2024-12-20,2024-12-21,2024-12-24,Delivered,Credit Card,Express Shipping,0.0,821.97
432448,76483,2025-05-12,2025-05-13,2025-05-15,Delivered,Credit Card,Economy Shipping,0.2,717.0
493287,19150,2025-10-02,2025-10-03,2025-10-08,Delivered,Debit Card,Express Shipping,0.0,1599.61
350909,83240,2025-08-08,2025-08-09,2025-08-13,Delivered,Debit Card,Express Shipping,0.1,4106.25
88277,40007,2025-01-08,2025-01-09,2025-01-12,Delivered,Debit Card,Standard Shipping,0.05,1976.89
497169,68162,2024-06-25,,,Cancelled,Credit Card,Express Shipping,0.0,1496.46
151462,13414,2025-11-13,2025-11-15,2025-11-18,Delivered,Credit Card,Standard Shipping,0.1,592.47
408389,67525,2025-01-14,2025-01-15,2025-01-19,Delivered,COD,Standard Shipping,0.05,1983.7
247131,155,2025-10-09,2025-10-10,2025-10-12,Delivered,Net Banking,Standard Shipping,0.0,1193.98
341861,38596,2025-10-29,2025-10-30,2025-11-02,Delivered,Net Banking,Standard Shipping,0.0,2503.46
394819,73435,2025-02-22,2025-02-24,2025-02-27,Delivered,Credit Card,Standard Shipping,0.0,138.68
112756,18132,2025-11-10,2025-11-11,2025-11-13,Delivered,Credit Card,Standard Shipping,0.05,3780.88
446873,87820,2024-11-19,2024-11-20,2024-11-22,Delivered,Debit Card,Express Shipping,0.05,453.02
51911,99142,2025-01-05,2025-01-08,2025-01-13,Delivered,Credit Card,Standard Shipping,0.15,1530.75
279559,21803,2025-10-24,2025-10-25,2025-10-27,Returned,UPI,Standard Shipping,0.0,2715.93
414500,34985,2025-10-06,2025-10-07,2025-10-09,Delivered,UPI,Standard Shipping,0.0,762.28
6855,89946,2024-07-06,2024-07-09,2024-07-12,Delivered,Debit Card,Standard Shipping,0.1,313.43
179957,41255,2025-04-02,2025-04-03,2025-04-06,Delivered,Credit Card,Express Shipping,0.0,1125.98
67199,93356,2024-07-18,2024-07-20,2024-07-24,Delivered,Debit Card,Standard Shipping,0.0,2968.98
353572,63256,2025-09-20,2025-09-21,2025-09-25,Returned,Debit Card,Standard Shipping,0.05,1627.85
441959,35351,2023-05-28,,,Pending,Debit Card,Economy Shipping,0.15,1269.27
52822,97723,2025-08-29,2025-08-30,2025-09-01,Delivered,Credit Card,Priority Overnight,0.0,1949.45
48735,10926,2025-10-02,2025-10-04,2025-10-07,Returned,Net Banking,Express Shipping,0.0,2988.94
181064,72831,2025-11-09,2025-11-10,2025-11-14,Delivered,Credit Card,Standard Shipping,0.05,1075.8
23577,19432,2025-06-28,2025-06-29,2025-07-02,Delivered,COD,Standard Shipping,0.0,1529.94
315196,71733,2025-11-29,2025-11-30,2025-12-02,Delivered,Net Banking,Express Shipping,0.05,1595.81
309585,33573,2024-05-09,2024-05-10,2024-05-13,Delivered,Credit Card,Standard Shipping,0.15,792.14
319366,97848,2025-05-12,2025-05-14,2025-05-16,Delivered,Credit Card,Standard Shipping,0.05,1929.96
48009,97571,2022-11-21,2022-11-23,2022-11-26,Delivered,Debit Card,Express Shipping,0.1,665.05
307869,61398,2024-12-09,2024-12-11,2024-12-16,Delivered,Debit Card,Standard Shipping,0.1,1921.81
388641,66248,2025-10-31,2025-11-02,2025-11-05,Delivered,UPI,Standard Shipping,0.0,2702.63
261614,70297,2024-04-25,2024-04-27,2024-04-30,Delivered,Credit Card,Economy Shipping,0.0,1029.64
209823,46827,2024-07-17,2024-07-20,2024-07-23,Delivered,Credit Card,Standard Shipping,0.0,1046.31
463489,21971,2024-11-18,2024-11-19,2024-11-23,Delivered,Net Banking,Standard Shipping,0.1,662.16
321123,37357,2025-01-19,2025-01-20,2025-01-25,Delivered,Net Banking,Economy Shipping,0.05,3106.64
425389,70439,2025-09-17,2025-09-18,2025-09-20,Delivered,UPI,Standard Shipping,0.0,2016.96
304918,82205,2025-08-26,2025-08-27,2025-08-30,Delivered,UPI,Standard Shipping,0.0,1513.88
241898,1533,2025-01-15,2025-01-16,2025-01-21,Delivered,Credit Card,Standard Shipping,0.1,1982.91
24878,94736,2025-06-12,2025-06-13,2025-06-16,Delivered,Credit Card,Standard Shipping,0.0,132.99
115542,9609,2025-10-21,,,Cancelled,Credit Card,Standard Shipping,0.0,3978.95
347054,91933,2025-07-13,2025-07-15,2025-07-18,Delivered,UPI,Priority Overnight,0.0,3219.5
369000,32178,2025-03-06,2025-03-07,2025-03-10,Delivered,Credit Card,Standard Shipping,0.2,97.59
293348,78288,2025-05-10,2025-05-11,2025-05-13,Delivered,Credit Card,Standard Shipping,0.0,3671.77
102888,26303,2025-01-29,2025-01-30,2025-02-02,Delivered,Net Banking,Express Shipping,0.0,293.53
25290,1561,2025-12-07,,,Pending,Credit Card,Express Shipping,0.0,4585.37
425088,64357,2025-07-17,2025-07-20,2025-07-23,Delivered,Wallet,Standard Shipping,0.15,2649.33
460035,95001,2025-04-19,2025-04-22,2025-04-26,Delivered,Credit Card,Standard Shipping,0.0,835.07
225822,53589,2025-10-30,2025-10-31,2025-11-02,Delivered,Wallet,Standard Shipping,0.1,3574.43
262229,24557,2025-11-23,,,Pending,Debit Card,Standard Shipping,0.1,2552.41
386365,28359,2025-06-17,2025-06-18,2025-06-21,Delivered,COD,Express Shipping,0.1,519.47
307707,73983,2025-05-20,2025-05-21,2025-05-24,Delivered,Debit Card,Standard Shipping,0.1,1372.43
394346,93430,2023-06-30,2023-07-03,2023-07-06,Delivered,Debit Card,Standard Shipping,0.0,5245.83
268942,32738,2025-12-30,2025-12-31,2026-01-02,Delivered,Debit Card,Standard Shipping,0.0,2786.21
209066,33152,2025-10-13,,,Cancelled,Credit Card,Economy Shipping,0.0,5197.78
67224,91771,2025-08-28,2025-08-29,2025-09-01,Delivered,Debit Card,Standard Shipping,0.0,1673.07
268098,56311,2023-11-28,2023-11-30,2023-12-05,Delivered,Net Banking,Standard Shipping,0.0,1206.71
113038,1123,2025-06-04,2025-06-05,2025-06-08,Delivered,Net Banking,Standard Shipping,0.1,800.04
249729,92190,2025-12-10,,,Pending,Debit Card,Standard Shipping,0.1,1410.23
191689,70687,2025-04-29,2025-04-30,2025-05-03,Delivered,Debit Card,Standard Shipping,0.0,287.05
310440,98653,2025-06-22,2025-06-24,2025-06-27,Delivered,Credit Card,Standard Shipping,0.0,2718.43
474555,51040,2025-12-13,2025-12-14,2025-12-17,Delivered,Debit Card,Express Shipping,0.0,542.36
244014,35286,2025-12-12,2025-12-13,2025-12-15,Delivered,Credit Card,Standard Shipping,0.0,1087.72
369607,84474,2025-06-12,2025-06-14,2025-06-16,Delivered,Credit Card,Express Shipping,0.0,1208.56
404552,6385,2023-05-22,2023-05-23,2023-05-27,Delivered,Credit Card,Priority Overnight,0.0,1641.37
12904,14596,2025-06-13,2025-06-16,2025-06-18,Delivered,Wallet,Express Shipping,0.05,3048.08
369662,11980,2025-05-05,2025-05-06,2025-05-08,Delivered,Debit Card,Standard Shipping,0.0,959.59
268395,90149,2024-02-07,2024-02-08,2024-02-10,Delivered,Net Banking,Express Shipping,0.0,664.87
458033,90866,2025-02-14,2025-02-17,2025-02-19,Delivered,Wallet,Express Shipping,0.05,406.54
62308,28563,2025-07-09,2025-07-12,2025-07-16,Delivered,Credit Card,Express Shipping,0.15,2005.93
74921,5523,2024-11-11,2024-11-12,2024-11-14,Delivered,Debit Card,Standard Shipping,0.05,473.89
218576,21895,2025-11-16,2025-11-17,2025-11-22,Delivered,Credit Card,Economy Shipping,0.0,466.86
38054,40328,2025-10-29,2025-10-31,2025-11-04,Delivered,UPI,Express Shipping,0.0,5717.46
479901,62255,2024-11-07,2024-11-08,2024-11-10,Delivered,Net Banking,Standard Shipping,0.0,1897.4
346021,57017,2024-01-04,2024-01-06,2024-01-08,Delivered,Debit Card,Standard Shipping,0.0,3271.58
337580,35607,2025-08-17,2025-08-18,2025-08-20,Delivered,Debit Card,Standard Shipping,0.0,1255.04
201327,85457,2024-12-18,2024-12-20,2024-12-22,Delivered,Debit Card,Standard Shipping,0.0,5740.51
465818,68404,2025-11-03,2025-11-04,2025-11-06,Delivered,Net Banking,Priority Overnight,0.05,705.08
208327,56390,2025-11-09,2025-11-12,2025-11-15,Delivered,Wallet,Standard Shipping,0.0,1013.43
6338,62210,2023-12-16,,,Cancelled,Credit Card,Standard Shipping,0.0,1349.29
232268,27209,2024-07-09,2024-07-11,2024-07-14,Delivered,Debit Card,Express Shipping,0.2,1545.98
447582,32009,2025-10-09,2025-10-10,2025-10-13,Delivered,UPI,Standard Shipping,0.1,2061.21
151545,4043,2025-07-21,2025-07-23,2025-07-25,Delivered,Debit Card,Economy Shipping,0.0,6704.84
395453,25214,2024-03-30,2024-04-02,2024-04-07,Delivered,Debit Card,Standard Shipping,0.0,770.75
222750,19543,2025-11-13,2025-11-14,2025-11-16,Delivered,UPI,Standard Shipping,0.05,4172.04
171277,37327,2025-02-22,2025-02-23,2025-02-26,Delivered,Debit Card,Economy Shipping,0.1,1985.83
482863,45949,2025-06-23,2025-06-25,2025-06-29,Delivered,Credit Card,Standard Shipping,0.05,1999.28
209543,38681,2025-11-26,2025-11-27,2025-11-30,Delivered,UPI,Economy Shipping,0.0,3126.74
256186,56030,2025-08-30,2025-08-31,2025-09-04,Delivered,Net Banking,Priority Overnight,0.1,614.15
105269,91967,2025-05-15,2025-05-16,2025-05-21,Delivered,Credit Card,Standard Shipping,0.0,1297.46
121023,20445,2025-04-15,2025-04-17,2025-04-22,Delivered,Credit Card,Economy Shipping,0.05,4706.73
360523,87258,2025-08-23,2025-08-24,2025-08-26,Delivered,Credit Card,Economy Shipping,0.05,505.03
133483,45578,2025-07-21,2025-07-24,2025-07-27,Delivered,Credit Card,Priority Overnight,0.05,536.28
318659,52149,2024-12-19,2024-12-21,2024-12-24,Delivered,Credit Card,Standard Shipping,0.05,788.23
485358,74201,2025-08-26,2025-08-28,2025-09-02,Returned,Debit Card,Economy Shipping,0.05,1143.76
138522,61415,2025-11-01,2025-11-02,2025-11-04,Delivered,Debit Card,Priority Overnight,0.0,2226.66
471131,76677,2024-06-16,2024-06-18,2024-06-20,Delivered,Debit Card,Standard Shipping,0.0,598.32
19061,59630,2025-04-26,2025-04-27,2025-04-29,Delivered,Net Banking,Standard Shipping,0.2,2643.7
309136,67596,2025-10-22,2025-10-23,2025-10-26,Delivered,UPI,Priority Overnight,0.1,278.99
482993,26741,2025-07-07,2025-07-08,2025-07-10,Delivered,UPI,Priority Overnight,0.0,1786.95
283183,43945,2025-11-29,2025-11-30,2025-12-05,Delivered,COD,Economy Shipping,0.1,949.14
259662,14364,2025-04-13,2025-04-16,2025-04-20,Returned,Wallet,Standard Shipping,0.05,2133.89
39707,37068,2024-06-16,2024-06-18,2024-06-20,Delivered,Net Banking,Economy Shipping,0.15,1656.09
379188,56582,2025-12-04,2025-12-05,2025-12-07,Delivered,Debit Card,Standard Shipping,0.0,1726.71
251705,30737,2025-07-03,2025-07-06,2025-07-09,Delivered,Debit Card,Express Shipping,0.0,1105.97
275839,71937,2025-05-20,2025-05-23,2025-05-26,Delivered,Credit Card,Express Shipping,0.0,5273.91
106780,98821,2025-07-21,2025-07-24,2025-07-27,Delivered,UPI,Standard Shipping,0.0,1452.72
85613,83139,2024-05-04,2024-05-05,2024-05-08,Delivered,Debit Card,Standard Shipping,0.0,3473.33
81550,77721,2025-07-21,2025-07-24,2025-07-26,Delivered,Credit Card,Priority Overnight,0.0,1329.86
25098,39666,2025-07-09,2025-07-10,2025-07-14,Delivered,Net Banking,Economy Shipping,0.0,1572.1
405458,67852,2024-05-13,2024-05-14,2024-05-16,Delivered,Debit Card,Standard Shipping,0.05,1865.25
40093,40506,2025-10-13,2025-10-14,2025-10-17,Delivered,Debit Card,Express Shipping,0.2,1247.58
416490,42543,2025-10-13,2025-10-15,2025-10-18,Delivered,Debit Card,Express Shipping,0.0,2752.76
456338,74886,2025-04-30,2025-05-02,2025-05-04,Delivered,Credit Card,Standard Shipping,0.0,1925.17
294947,24434,2025-10-04,2025-10-06,2025-10-09,Delivered,Debit Card,Standard Shipping,0.1,983.82
483079,44863,2025-03-03,2025-03-05,2025-03-07,Delivered,UPI,Priority Overnight,0.05,3610.41
100509,21320,2023-12-16,2023-12-18,2023-12-22,Delivered,Credit Card,Standard Shipping,0.05,515.77
373162,19534,2024-11-06,2024-11-09,2024-11-13,Delivered,UPI,Express Shipping,0.05,738.1
451010,10829,2025-12-25,2025-12-26,2025-12-29,Delivered,Credit Card,Express Shipping,0.1,650.8
17393,19277,2025-10-20,2025-10-21,2025-10-23,Delivered,Credit Card,Standard Shipping,0.0,574.98
122169,46143,2025-07-16,2025-07-17,2025-07-20,Returned,UPI,Express Shipping,0.0,1305.97
221259,86079,2023-12-13,2023-12-15,2023-12-19,Delivered,UPI,Standard Shipping,0.1,2643.84
36670,2609,2024-11-21,2024-11-23,2024-11-25,Delivered,Debit Card,Express Shipping,0.15,1562.09
287323,20165,2025-07-26,2025-07-28,2025-07-31,Delivered,Debit Card,Express Shipping,0.05,1428.65
58028,17930,2024-04-13,2024-04-14,2024-04-17,Delivered,UPI,Standard Shipping,0.1,802.38
152127,55805,2025-12-03,2025-12-06,2025-12-08,Delivered,UPI,Express Shipping,0.0,1547.97
234998,33446,2025-06-04,2025-06-05,2025-06-09,Delivered,Credit Card,Express Shipping,0.05,1204.85
339615,65600,2025-01-19,2025-01-21,2025-01-25,Delivered,Net Banking,Priority Overnight,0.1,3321.31
12881,96846,2025-07-07,2025-07-09,2025-07-13,Delivered,Credit Card,Standard Shipping,0.0,3764.05
372584,8614,2025-12-09,2025-12-11,2025-12-14,Delivered,Credit Card,Standard Shipping,0.15,2347.77
47766,40123,2025-12-02,2025-12-03,2025-12-08,Delivered,Credit Card,Express Shipping,0.15,2419.39
364410,66014,2025-10-31,2025-11-01,2025-11-05,Delivered,UPI,Standard Shipping,0.0,429.98
495349,86942,2025-12-12,2025-12-13,2025-12-15,Delivered,Credit Card,Economy Shipping,0.05,1080.11
206999,60540,2025-12-11,2025-12-12,2025-12-17,Delivered,Debit Card,Standard Shipping,0.2,1149.56
61130,36476,2023-10-17,2023-10-18,2023-10-21,Delivered,COD,Standard Shipping,0.0,1358.93
80956,43097,2025-09-18,2025-09-21,2025-09-23,Delivered,Credit Card,Express Shipping,0.05,1717.52
235858,72062,2025-04-11,2025-04-14,2025-04-19,Delivered,Debit Card,Standard Shipping,0.1,1092.45
431123,24228,2025-11-20,2025-11-22,2025-11-24,Delivered,Net Banking,Standard Shipping,0.0,2438.76
41375,12896,2023-12-12,2023-12-13,2023-12-15,Delivered,COD,Express Shipping,0.1,3005.5
29799,25980,2025-03-06,2025-03-07,2025-03-10,Delivered,Credit Card,Standard Shipping,0.05,1707.21
492430,66825,2025-08-23,2025-08-26,2025-08-31,Returned,Credit Card,Standard Shipping,0.1,465.48
454693,5263,2025-12-21,2025-12-22,2025-12-24,Delivered,Credit Card,Standard Shipping,0.0,1116.94
156509,39753,2025-09-13,2025-09-16,2025-09-19,Delivered,Credit Card,Standard Shipping,0.05,1525.93
472229,53060,2024-09-27,2024-09-28,2024-10-01,Delivered,Debit Card,Standard Shipping,0.0,354.58
148091,40619,2025-01-13,2025-01-14,2025-01-16,Delivered,Debit Card,Priority Overnight,0.05,1182.16
357823,56958,2025-10-28,2025-10-29,2025-11-01,Delivered,Wallet,Standard Shipping,0.05,2869.1
405742,96313,2025-12-18,2025-12-20,2025-12-24,Returned,UPI,Standard Shipping,0.0,2016.97
118032,30475,2024-08-06,2024-08-09,2024-08-13,Delivered,Net Banking,Express Shipping,0.0,1484.21
103,81233,2025-07-28,2025-07-29,2025-08-03,Delivered,Credit Card,Standard Shipping,0.15,75.19
281234,79156,2024-11-10,2024-11-11,2024-11-13,Delivered,Debit Card,Economy Shipping,0.05,1909.09
447891,32101,2025-12-28,2025-12-29,2025-12-31,Delivered,Debit Card,Standard Shipping,0.0,5601.04
94988,57549,2022-05-26,2022-05-29,2022-06-01,Delivered,Credit Card,Express Shipping,0.05,5126.11
143764,44230,2024-09-23,2024-09-26,2024-10-01,Delivered,Debit Card,Standard Shipping,0.0,1519.97
57932,1319,2025-05-07,2025-05-09,2025-05-13,Delivered,Wallet,Standard Shipping,0.0,7988.93
158427,62028,2023-06-17,2023-06-18,2023-06-21,Delivered,Net Banking,Priority Overnight,0.1,1676.78
132443,95441,2025-09-06,2025-09-08,2025-09-10,Delivered,UPI,Express Shipping,0.2,372.77
477925,41426,2025-07-11,2025-07-13,2025-07-15,Delivered,Credit Card,Economy Shipping,0.05,1691.98
475008,63124,2025-09-15,2025-09-16,2025-09-20,Delivered,Debit Card,Express Shipping,0.0,2440.96
216870,72666,2024-12-27,2024-12-29,2024-12-31,Delivered,Wallet,Priority Overnight,0.0,3190.92
240990,90167,2023-07-27,2023-07-28,2023-07-30,Delivered,Net Banking,Standard Shipping,0.05,1369.78
137679,77017,2025-05-13,2025-05-15,2025-05-18,Delivered,Credit Card,Priority Overnight,0.0,3546.6
318674,44524,2025-10-05,2025-10-07,2025-10-09,Delivered,Credit Card,Priority Overnight,0.05,2760.83
